spectral_centroid_mean,spectral_centroid_std,spectral_centroid_max,spectral_centroid_p95,spectral_rolloff_mean,spectral_rolloff_std,spectral_flatness_mean,spectral_flatness_std,zcr_mean,zcr_std,shannon_dynamic_ratio,shannon_valley_floor,murmur_subband_ratio,mfcc_1_mean,mfcc_1_std,mfcc_2_mean,mfcc_2_std,mfcc_3_mean,mfcc_3_std,mfcc_4_mean,mfcc_4_std,mfcc_5_mean,mfcc_5_std,mfcc_6_mean,mfcc_6_std,mfcc_7_mean,mfcc_7_std,mfcc_8_mean,mfcc_8_std,mfcc_9_mean,mfcc_9_std,mfcc_10_mean,mfcc_10_std,mfcc_11_mean,mfcc_11_std,mfcc_12_mean,mfcc_12_std,mfcc_13_mean,mfcc_13_std,record_id,label
272.3639124711831,94.68102495612746,509.53716169137965,415.4266968046025,589.4268497757847,236.04732864276738,7.575791259671711e-05,0.0011802258987077935,0.11161890414798206,0.032056634577074236,838.128114676093,0.0011921349573887745,0.007632631617255333,-498.51985718823863,21.448983634405717,167.3640991047018,23.752455136768226,-4.802004939102842,20.64978540303986,-5.662954536471066,12.482112202665942,57.20347186173454,11.733230180333459,29.38894936929292,8.163299919914602,-14.157766511093673,8.73892934237706,6.980370923047594,7.246858705218216,21.671237464358565,7.675034984363732,-3.373014077733867,7.038021009058892,-7.670100046722229,6.620512103591733,8.356001031192397,6.5447067851787635,-0.6842338586466226,6.6103538260812496,a0001,1
208.8111944908528,66.61124116701686,517.9769556354915,358.3249959440158,364.787346390169,177.48399411693197,1.905638391726259e-05,0.0002248839600933875,0.076441892281106,0.01908329327015784,301.9398966125436,0.0033109172738601984,0.2717441115237559,-440.27647372168514,53.04289863672262,199.77948563603695,46.511114945233004,18.586727981375784,21.663396478270148,-1.1321251917419282,20.8667564961396,46.68610941954269,13.340986312711967,18.04080315889473,9.05860254245302,-20.171228797044737,11.912589081756794,1.1926672653468162,11.557955593860145,12.215931635237638,9.934713893262881,-13.485252762808424,8.698173494927651,-14.348724621961845,7.4642058303523005,4.995612915217405,7.278169226433944,-3.238556397837172,6.086700257975771,a0002,1
162.19008964033824,64.96267159915132,543.5288087043749,290.71223125219694,280.7378381893861,171.0116292220065,0.00023990338363483538,0.005926690746889101,0.04344686930931321,0.007890855497980038,3538.7599373936387,0.00028158484793139137,0.11677442921195187,-632.0495916272955,49.131738780410856,144.24601855513777,39.37573077294852,26.628977510613566,21.819718678432004,24.053838361875165,20.933441733997917,55.483020646747136,9.194107023455075,24.439362333930827,8.000687164904175,-5.12411490754417,11.22198343223938,12.705804340514726,8.11369537012093,17.885247040243854,6.981863184357612,-3.371261977608514,7.189952262762782,-3.522343694592234,7.110981021859675,7.502386998743858,6.456456589669165,-1.9918713572813382,6.3566924641483125,a0003,1
173.89454120359457,61.94744949880522,507.4511083663013,299.7591446000744,310.7872866127583,184.5946731833897,2.6220251215657434e-05,0.0005654764751927388,0.058732381513926325,0.022038972962509205,479.5106793164358,0.002084459201019017,0.016418154072789917,-502.6566249873244,48.45774470810145,165.52078298320689,40.89224388276738,38.35834235130731,22.62309792415541,13.081841381336146,16.92801336167452,41.80300612064739,16.133315243326244,26.508096157926207,11.337957196527979,-4.387275352099702,11.8945444842159,0.39111900197362776,9.827848821033504,9.570154013479767,9.516747575947962,-2.52100724444494,8.704026244718087,-7.864216187287891,7.510835967096894,-0.2514492437213035,9.296160355295022,-2.615335429130805,8.223202023758276,a0004,1
136.54602472350112,54.3742129857856,413.6632494766468,246.77952012944593,231.62836322869956,129.02115894215234,4.029549263994983e-05,0.0009143275383305066,0.038931123878923765,0.011679520409022651,1034.2478400190846,0.0009658861939338973,0.010749056981136722,-534.554948374883,43.71310690273573,138.16374191216673,39.86732846819585,54.673959949940965,22.99247579313749,27.987626142184155,22.44028869435497,35.83948941297796,14.33495849566731,23.75283102433335,10.866865415211043,5.778378060660402,10.967478113102137,8.254828324430083,9.429352862067562,11.852324932955295,9.220889899172107,2.5241024185953447,7.263131346647232,-2.009001316322251,6.449642264927194,2.1132249156169203,6.704154723587594,0.41882383167763426,6.785491679724096,a0005,1
141.56738145384605,42.414635131998864,505.2925836331902,202.79720739509943,216.5109784283513,123.6119748811561,0.0002825245164868212,0.005930273899264024,0.041597951174884434,0.005024638653915002,44.18930267629571,0.022628910385528528,0.024288879550208416,-455.73702638611616,37.39208072055614,181.31037612894005,34.55211940897529,30.660452757554417,18.068061244798,25.271048485815253,17.324064664620263,62.503196852326845,15.774619877542037,22.08215420477786,12.869660032065116,-12.89077323802681,12.20929018156823,12.689322839256372,10.420178362236353,18.42943338426805,7.855349032886015,-10.244355849073798,6.770848024502236,-7.456778086080499,6.290416271359485,11.342712707992346,6.764870259892373,-1.1027414781412108,6.0557230405967974,a0006,1
129.46175172848433,33.49517745034204,354.24076891705363,189.1639040389652,199.83884529147983,89.29094760939606,7.667014328069514e-05,0.0015511022963843725,0.041443035313901345,0.005653317061359511,396.5016066398994,0.0025210577859158447,0.008946079945105325,-509.0432347341948,50.06037364228209,150.60412431739354,42.98435174499583,65.96568908296015,20.848014829360288,34.667051649851516,17.191226413603797,35.7623441745235,13.600115822716324,19.25762270625607,9.505893725566322,0.7204283796976133,9.776021978373025,3.4366087479322225,7.196756037760262,6.228934380333667,7.5219690523927225,-2.9438361150364796,6.821775944745294,-5.548609389441445,6.357960985672541,-0.265606405289284,6.6431412242644665,-2.7894263728311834,5.684348102873923,a0007,-1
257.9703852752892,93.96893301088619,646.0799753955534,409.938587558387,591.1388516532619,248.39506171357402,0.0001377967067668521,0.002324173419071694,0.09421340901474531,0.02973960134723387,679.7562023766108,0.0014701155524443734,0.0379248108806292,-543.7764266368863,28.464924143394917,169.39153049818498,24.883783466795357,-10.857296245712472,16.890407478353286,1.7098661742648629,16.193689201874474,72.45785432802985,14.184617087699857,30.68976000088663,11.185840754523651,-22.439880838690883,9.657440208360509,7.222057223047683,8.83889780935754,28.572658896482505,8.16635791235445,0.01926183239710904,8.711505991196214,-5.609110197937435,8.093361924296461,12.683533681943446,7.631068671627241,2.8660691332193413,6.31072657358429,a0008,1
296.3546357602679,75.21465358788609,551.2510405774931,423.070078384328,713.206546023235,184.34931504842967,2.2297731935344846e-05,0.00013963630964171968,0.11063388418789097,0.024701192664638133,592.8621854989607,0.00168573252347472,0.1580107469444181,-518.8121103958936,41.78361820959791,165.10234417426392,39.169761865771626,-18.986659711794456,14.194268924994796,2.3184136416133425,15.12809631399575,72.79066031399829,12.007048823598971,22.367385139177113,9.855583511719226,-24.80343312469048,9.530193313788622,14.528402917296996,8.380311110374082,26.656094139250687,7.4227896269706095,-12.501143445753497,7.204007932532974,-10.041855675865417,7.4149942962468,16.680818712988753,7.012905022299718,1.6753425062550402,6.622229166673759,a0009,-1
237.80261288236247,91.72214463950228,766.1446209508132,401.8710365676947,481.87108325872873,231.5645880177661,6.995011300870865e-05,0.00017386819623412808,0.08667538607878246,0.032625507178337974,3291.9971935829917,0.0003027669147618966,0.10015839734006822,-613.0890843034862,52.575372636460465,182.4298121459416,47.69215414408831,12.029310093303268,25.117654828615017,-1.393484354295026,17.586022562786564,47.14112010890835,12.189502424918771,18.584495529151383,10.518258810176233,-18.33137957800041,12.415379361953207,3.825879049342927,11.354720646771986,15.23877856164422,8.90948097482748,-9.958291185286251,8.918811463782031,-11.954086794906797,6.845955494472532,4.742383824964968,9.456133044895553,-4.481268067953277,6.843508802199001,a0010,1
162.14471652534502,42.82922839199542,438.62142470794186,235.1336617293412,257.71422955974845,113.31551213251667,1.6502562502165597e-05,7.489090242088685e-05,0.05075185660938904,0.007228243720747427,2451.5573959339927,0.0004069039557163609,0.004174867634906453,-536.7597881921928,49.406546113601905,134.15957213073213,42.456844967383034,47.27242651750794,16.260449114892598,24.60435016057141,15.654596171760534,34.064092056815504,11.703376586290236,15.633948100602133,8.390036101466226,-5.770269920384766,10.42746798262419,1.0569227714304301,8.086707619938181,6.985801467501109,8.061455562993709,-5.294445220258429,6.762135137759135,-10.055749815813227,6.755346003145208,-2.5962865698569813,6.183126983987708,-4.293365005666479,5.843606170576077,a0011,-1
151.03379517354514,49.644502708730435,500.51537623107976,232.84998657721218,245.25582901554404,130.86598122554085,4.190590332891221e-05,0.0008221705799933154,0.044822700777202074,0.010608093132971282,1567.7522161630593,0.0006368558745042547,0.012559695245737298,-538.8561841243499,45.932573713160316,130.06565534248583,41.441951858173795,47.113306642740945,20.3628630779459,28.49113327504929,17.000323726865645,41.860983392377456,12.226002878470865,25.980877517834507,10.411504100599913,2.2940091167315795,10.442280895047851,3.6103406768651367,7.3810238575897555,7.007976082413679,7.428112695479633,-3.59010118685378,7.312106191583598,-7.059631328019918,6.811302741130427,-0.08445838568723504,6.445568426647204,-1.1491769977607729,6.2362696821022,a0012,-1
301.1968665459028,102.0577807601839,540.8407916149755,449.56250961436166,627.4033071748879,240.06675866025722,3.1415796323487616e-05,0.0001359582659897564,0.1333599005044843,0.027901894262086713,715.9544359750136,0.001395736854469561,0.05395838223063626,-482.1557439950735,25.700720810882167,180.68696652730904,28.206502692953823,-12.46008352617262,17.934793856004404,-6.923513984338115,14.938163055249367,62.61548134490141,12.7179486027838,21.717413029020932,9.890114325068122,-28.617021682225072,8.673354839987189,2.530517837702536,8.305145291345157,20.54916666193724,7.599854181951374,-10.611462011389568,7.524449081280395,-11.624147243511146,7.5135095744866724,13.404213315968919,7.637374570057541,4.039533081536384,7.5688180091140795,a0013,1
146.55565427597722,55.02586902608472,494.2952030414746,255.00746031103566,253.60899731423456,169.91010836181763,6.404640475912477e-05,0.0015167877683576248,0.04135527990711728,0.010464682632223192,3648.316681601075,0.00027309900323238664,0.01721177754581553,-517.9112175928498,50.54204272709156,102.79763841547945,47.24895897993525,48.614474206980795,22.1637590940161,30.846701861671242,17.60523291602772,32.54685501011296,11.9516344172535,19.794877066931953,9.788585756188393,6.398030099773126,10.101524140136474,9.18667891657704,7.223878211173559,10.917404941437908,6.544342943684021,2.13248085523929,7.483302582160154,-1.8945716401555521,7.745606779986772,1.4677529455807454,6.735361742069211,-0.15386851537017684,6.000777926116853,a0014,1
227.27639034387695,65.15571210719476,522.7974901276177,343.05842488639695,535.8381826320501,233.93450514387527,0.00014393742663893218,0.0037568846874208926,0.07459993285586392,0.015590587223943117,188.42929185531437,0.005306030259578941,0.038938942709698846,-472.5105250983963,25.705381375882332,182.40262652978367,28.587924794163587,-6.5827784206543685,17.237448898441976,6.1882538116138965,11.68547394940913,78.04037221457213,11.161446262784116,33.34972955206802,11.301737635721286,-21.058292245068515,10.058019916450547,6.6505528361294886,9.085682202177834,21.32607719545443,7.932008760113494,-9.081238276716928,7.635172090709297,-7.486316312924263,7.345470221612377,13.684530604941898,7.181374569532908,-1.7648852025678101,6.185387945846631,a0015,1
124.53629956119894,34.85080869039177,376.05950267014117,190.11509450607903,190.1203920041537,84.92619162602293,6.01692241742759e-05,0.00144190194362244,0.0410039630386812,0.004481928323693287,97.51324767107485,0.01025401646761881,0.0202733733789957,-492.3935107411996,44.245181865091126,173.39808685785732,33.78843237621124,63.44366508847816,22.986730661663827,30.99717288431002,20.653558788448063,43.48496373618151,11.811870999050688,25.98104681687044,8.68438154338564,-1.5255814134527184,10.330284956614324,-0.27058817537136454,7.3402187981536,5.680194316018501,7.55932871123037,-3.8143072066148185,7.2391416555948735,-7.071292106712891,7.334089158108007,0.38542867300249356,6.496201201355296,-1.1935946320269446,6.099935381900435,a0016,-1
183.3459343997844,61.46818142603217,570.2887367044951,286.6676469007359,353.1390134529148,172.36089790545117,2.7238581268712744e-05,0.0003193973447962929,0.05490777396300448,0.01134361609285655,1442.2146535945922,0.0006923780362052154,0.008031788841822174,-505.9767821426794,39.92385499369161,134.85889183593082,38.46884134341224,35.597698801235,18.06430406203885,13.390734173863812,16.710419874400706,34.806862444891905,13.559730675535173,23.906789073767246,10.040554376962273,-1.0852076705864502,9.892518881027337,0.6636977142904474,8.711167303359757,8.210678300813285,8.408747370246452,-0.05107960384605111,7.665291940668101,-4.376107287976022,6.408781973314631,1.9187965387608517,6.469994908455322,0.9950825063224661,6.695013700721943,a0017,1
112.30879863383464,33.15307181806754,353.68832594119255,169.24945216046524,161.42249617737002,84.76661840006821,5.929159299871242e-05,0.0012613783417076863,0.03224970732989297,0.003649945882989958,856.9566359573884,0.0011659201465469395,0.00534229148003759,-551.201372825102,40.880382812622564,108.67679326834171,39.74078713396904,62.362081308934265,19.656218949017546,47.21052766282069,14.681977273462564,42.73611558790229,9.94775742055721,21.904167353958595,9.167141614738263,6.104378418986174,9.62040865407259,10.303161848341404,7.701196341601464,11.869663458297499,6.909920907646259,1.6631783830589257,6.3354188528719835,-2.2095425798913726,6.095161806999611,2.4838571887416405,5.907972746618895,1.7135947972207355,5.22406795647065,a0018,1
140.01117651602505,42.83795838255192,388.6846927223643,223.0153232314606,234.58549222797927,122.39723130542781,1.070246848250089e-05,9.42204786132372e-05,0.04035075291450777,0.004840091542076248,830.0006013457397,0.0012038183627678823,0.010901527029664997,-495.762310525922,47.1400674010406,135.22238843008216,44.31840297921248,57.399696958120465,23.155235175581772,24.476715523863135,17.21230785396432,28.739548019096382,11.366756465430061,23.618792678065656,9.006333704522017,8.233804889098248,8.951554090436554,4.028394281267085,7.203847885141654,5.216254551532424,7.18967600068491,0.12745755371335465,6.855804281915976,-3.42605484959781,7.318039054346976,-0.7218625217173537,6.321374084586083,-0.4727368182215263,5.4679214529723525,a0019,-1
184.6644982656618,51.63920561136051,577.3342994745173,276.79332884085784,335.74831838565024,143.40647817807601,1.5286079929882024e-05,0.00021329509448252934,0.05456838565022421,0.008095388289458171,246.94668606770844,0.004048456893366042,0.04207408500006561,-457.625021615755,45.22130905397151,194.3673433799174,41.49788027241012,25.426227764233328,18.257413295787728,-0.010790700073092688,16.20438734489366,43.26132353948634,11.254185584092758,24.63278722890826,10.41128693000195,-9.34194896346341,8.947594625810018,1.771202517299803,8.415802176935578,9.120478058012226,7.436987173359368,-7.863657384801288,7.611421288256069,-6.715690597916815,6.579608539678245,5.303104603107266,6.414775665777395,-3.876670650991977,6.080229771134295,a0020,1
126.77107594595832,37.835602400829956,461.2850010586364,179.4437318187275,194.9404761904762,89.98897101135005,6.790982658688962e-05,0.001722638914482443,0.038588696091644205,0.005501852547104817,817.8344973927714,0.0012217412321173216,0.009234529450179451,-543.4755186860076,42.819150366227895,123.29923216448213,39.16669091436957,64.43669779576616,20.2015582526239,39.396307401368105,16.533350822329542,33.411608493941394,11.475085250648753,16.252775418267632,10.11803752301049,2.8013080929639993,10.09314426290697,6.5550430399058826,7.752368842429091,7.669991685730429,6.56239482626899,-1.1320596885260872,6.1297900255179325,-2.5604889999975717,6.51614313983999,3.0571877899273043,6.085396250790966,0.5242550962323611,5.307199726545525,a0021,1
228.3082614667663,92.92984886527813,657.6717205565265,385.5665672891172,446.9925331858407,191.059720551383,5.514507949896743e-05,0.0008056880654434914,0.07468456167035398,0.028964833169778128,1874.6427122171415,0.0005324349624896898,0.02615843851105222,-470.83098770245266,53.4780354068519,146.17886731792527,41.51425159488169,23.77273911092945,26.507996176362393,-0.32351304765650407,22.519065775436697,29.79942720455992,13.95346262923179,20.039923139876976,9.625184129563737,-4.881464413946443,14.431311813749959,2.3973229006798684,10.117510765660215,11.630229961578273,7.993715732644037,-0.6450867051431638,8.507651815987378,-5.079267171765833,7.705382660994904,4.549721787079697,6.572908479351953,2.561407222217139,6.626894259983168,a0022,1
179.06818446377414,60.49541574476099,415.7403592897143,313.45063357776513,326.3026281380753,157.7535736690329,1.609862787850677e-05,0.00025813074736511155,0.049968639677039746,0.009637390905278142,349.39349715221385,0.0028611023660967965,0.09755519983449032,-498.8991658146383,52.87241415098559,177.334557930574,44.49434661050194,22.6694332588982,19.847648726634215,-0.43237774773344545,24.657144378699748,43.20290375589862,12.522802091695315,29.355750838267568,8.27943587172496,-5.564682828639169,10.224503585568144,0.7440428529538969,8.67835980509489,10.85887735011739,7.6174815671509135,-1.8923987401046847,8.477834109272926,-4.9885222612654685,7.8093363594331855,2.868322399732151,6.56667178140104,-3.2341840983109473,6.196292758563444,a0023,1
207.8807884231951,59.26641674570067,418.9204342478501,292.80531101852165,405.078728748068,175.18580657437136,0.00011984123438578078,0.0020286078314259636,0.0698838388717156,0.011629441024572595,1149.3184921673567,0.0008690808105402887,0.2167498836607648,-429.1714913543329,86.76796353921951,175.29247342847924,68.46625535206054,12.605564805633042,20.093220186723418,3.1781246959647373,26.11319976917482,48.95048029968493,9.052704847443815,17.069152634675074,8.248150736458577,-18.074341060395824,15.89913749979241,7.218845592819084,10.259626641181946,16.99801390246712,8.070312468127602,-11.878256612120623,11.627755234276789,-13.16177413523928,10.39899560089243,7.025151504048061,7.059138409873017,-1.835300202519315,9.698651550393336,a0024,1
131.69931273340092,36.623910583987445,286.03035855113023,200.19101555501038,199.39521303901438,83.02952662830046,4.112598415603126e-05,0.0007090538692308485,0.04311162490374743,0.008454755185410424,156.03933053359225,0.006407640440225206,0.012683006776237432,-472.77336397247353,36.86753465211474,155.48911018394548,34.332692897465044,55.958456365643315,16.827388878415015,34.21687103562828,17.01699554921746,46.03969724716302,14.325441651406642,21.13340295488926,11.387936339062556,-5.43532452291657,9.799718321426644,2.361500533185308,8.906857548110793,8.073128583340026,8.05251740233624,-4.453454215130909,6.855517980609624,-4.893925663809142,6.718720798152296,4.77909630408679,6.46646678202995,-0.39096516614026183,6.142877830354658,a0025,-1
177.0418662980362,49.44782584137219,439.19001605137436,266.8195246446572,302.6799752920036,134.16028803799605,5.466801485588943e-05,0.000717019176737525,0.0568503271001797,0.008773410027952603,1854.2251371655734,0.0005383087947728761,0.13323984405876707,-577.8480823587405,47.37666456800969,162.6785181109131,39.52782825392221,36.36638838719464,18.263547856163072,16.79179835012166,16.09210231940698,41.00629093088337,11.459396298840167,15.165223124874316,8.359332486390816,-12.480989276113513,11.458665751612937,3.1798278065213665,7.976246163193612,11.687708493020665,7.718318248487227,-6.1555640170474595,7.3739147039294055,-8.655370029466233,6.832467500628989,2.963651913037947,6.831916822438248,-1.9155029452072148,5.692417605897513,a0026,1
162.38423087022022,63.36723197941912,579.8193325471915,287.6169921314745,259.4247304928131,133.5595460651209,0.00010351130282279408,0.0019245412307237295,0.05421877005261807,0.01951089499955396,2424.5523960681453,0.0004114472493545512,0.014490607990038644,-529.535111084554,59.66926847758541,127.31247819496772,49.75889022059952,51.85151312552226,19.33775983123344,24.43314150030508,24.229474262736005,28.933172647546026,20.45078769119697,18.54219054002557,14.467277190140834,2.4729070876795105,10.521853320564992,3.7775924794941678,9.080425690731872,7.838742205831624,8.837465081028883,0.6870711967110894,8.154113636310932,-4.83804987618271,7.173598926278226,-3.192638262532083,7.3622289216818775,-4.3861571113215545,6.470950228148032,a0027,-1
144.67866838225387,47.31270416687329,480.6866745199497,229.48433127883152,230.2056347150259,120.90162278207586,6.99286907135802e-05,0.0015236993625987582,0.042534103788860106,0.006894854841465731,2204.8475914197757,0.00045254606595697357,0.13569996453853966,-578.0871144381789,49.018790158285555,130.30591079714517,39.96681924183155,48.885753543402636,22.626405355183106,29.380139562174893,20.73169900528205,41.87989742774185,12.88781473996807,25.823208460594106,10.614059815826648,1.0602032228971006,10.78996083691097,1.9606572943922274,8.065770670995288,7.947826944861546,7.986444429670044,-0.19933581554879878,7.864579524874872,-4.78338365798782,6.865570658453489,0.5653833897638595,6.504613885138413,0.2660227757759439,6.0513851361702065,a0028,-1
146.0720295264725,48.23477305956555,407.25499162795955,250.55746486125335,222.76599895941726,113.74280008009681,2.5287340919229503e-05,0.00034902509246508386,0.0431526811264308,0.004609791262230493,715.7878252740193,0.0013960619362197004,0.08923276330023897,-575.0559907317893,55.84940462571547,162.34930677500236,42.757168072652824,47.65385951960912,20.9187158722407,19.441427528199828,22.959356921152693,39.92703799193111,9.440264333047633,25.682643981894017,8.650186620391695,-0.8589936352543679,11.56849155750228,2.6852122632005866,7.5720600392718,8.64030651165673,7.499781586532451,-4.426540206057183,6.786819573850334,-9.65655455166108,6.1810477000333215,-0.9391526580718738,6.593803582614937,-1.9202085282904728,5.608015582809021,a0029,-1
188.06928998858814,74.46383603891654,517.430995149858,337.6380695053873,346.3794721731449,171.02854294758703,5.879179005722409e-05,0.0007825351303911305,0.05426305764134275,0.018344962516388105,1919.5184601582282,0.0005199639384357446,0.11585734848769583,-592.6143298381419,56.033839856311005,157.10014904894896,45.918094985604,29.695382569324096,22.74691152340262,9.387962070975567,26.58019110645289,38.69487735387283,14.49156630403534,19.568601457283847,10.574761073251905,-7.496296125325858,10.121724751284878,6.4064279077935335,8.2261171619171,15.80783807884493,7.834283908704789,-2.526374487714181,7.802277051071755,-7.272829954582649,7.384865016858681,5.543437019354005,6.908296409896542,2.7906118077409383,7.0199192184453585,a0030,1
228.63687728993727,75.67013622164464,493.1338535457661,366.90414038304635,465.80890610961364,229.3150528463553,3.914309797748346e-05,0.0006925935974549939,0.081581136287062,0.02049810745717779,1023.0465282726046,0.0009764726135481677,0.021942522208921865,-454.57430124106247,42.742186224856574,154.6772401487954,42.64492016825501,16.24647125306582,18.592792178786667,8.403677400672185,16.337893900541506,46.50636819607386,12.535616888835659,16.291823195009894,9.67781498436921,-17.401179236136485,10.518456962625345,2.5833682882389395,10.12092232796289,12.248658989952428,7.9639074395072456,-10.560251344275692,7.352789064132198,-11.795711617322992,7.27211364341485,3.784711716115024,6.581464903506049,-4.778513095638344,6.153573935942595,a0031,1
160.9452022730098,43.39315385723246,498.20225789970704,227.5183355453203,282.37808295964123,135.57870743770405,1.9525292172903157e-05,0.00042442262612027003,0.04811562850336323,0.009933492025476652,297.80259254643255,0.0033569290010115656,0.011893003970953917,-486.4045570535414,29.07701712066236,156.18467543047427,32.20926084224285,35.78308677849167,18.127292314440467,20.30420841225837,11.088076242793052,49.049080582104786,12.90344603277117,25.203760185354643,11.545774248785891,-7.39224785066766,9.279838241250838,3.019054043707325,8.143799272659784,12.487931301886626,7.374391640954128,-3.260424900996974,6.720281184511001,-6.510572307935227,6.49749843307643,4.691078681481574,6.480458992136681,0.14383814450752866,6.453465396919362,a0032,-1
263.8961944216117,105.0182717583813,567.6525655268322,460.77866542947567,582.777466367713,238.53127361643004,6.503277579082471e-05,0.0008065954723171901,0.09301473164237668,0.0266667615817576,2514.680815712571,0.00039666476813873125,0.00856208948261361,-487.5470062584145,59.28009710965049,131.29256723623476,46.308084730834075,1.3990647789813735,25.29743444885803,3.9549490558829374,24.92124836514754,51.15005061069524,10.526700519654149,25.228735115507234,10.010842046041079,-9.075221353047645,12.674302524634212,10.022613223683349,8.710952843923657,20.508889571509314,6.950160362864383,-2.8426482447172785,7.986217263731924,-5.990771694772827,7.682727980158524,9.891142578082999,6.425711908854817,2.57039042986548,6.099570862257027,a0033,1
149.78069650403881,46.38912954536518,390.8903689552147,240.53434526560983,232.58531642259413,102.5449443826176,9.904817070074903e-05,0.0021101941881270145,0.048933851170240586,0.007242591022069465,162.39340664032719,0.006156885258723844,0.04011702441910175,-466.3069179078403,37.535565567031874,162.36474015565358,29.254651687935663,51.48369500987096,17.234031824927133,22.229000419090895,19.882525755990347,39.66643630996263,16.02063251626547,22.65408560647327,12.45377555910713,-7.642207530808427,10.526172085045513,-5.046685604431153,8.659718602481318,7.016075001295343,8.495654527032206,0.6383758668101037,8.016010067939561,-5.306936583535862,7.208081666706155,-0.3522699837025273,6.639258623755794,-0.7398402329519387,6.308775829807246,a0034,1
164.1693643451966,43.533486275872576,388.1610634727146,236.11461203571113,264.4436396247241,129.40276217286043,8.848102841606586e-06,3.4275061454344475e-05,0.04824283423013245,0.007102895062572973,434.0017237657851,0.002303138189742048,0.05944006391888967,-535.6973684117099,33.98060704835472,153.62749242715904,28.151148545334692,26.962872482370383,13.383091737088149,24.710665757604914,18.10703831041563,57.04366516616227,11.92287633652317,20.89186249592046,8.892467932119299,-10.762352539646674,9.427216267472668,9.987198049287636,8.386985482071465,14.030526926405962,8.217345273757083,-10.493069633975693,8.276194399713262,-7.311451471492279,6.813623232861421,8.589623414337602,6.526212972051424,-3.024410647129578,6.656144355275134,a0035,-1
232.28997936223183,88.65204978127349,552.449276649959,408.65191386185717,477.6815502669039,254.1250403212266,2.7294875246196716e-05,0.0004086797058594672,0.0870078959074733,0.028446917661879553,833.0696630555161,0.0011993797595178353,0.029938377049859934,-455.8284109218089,50.40986780001324,163.88735049973064,46.352231492725295,9.544282524034962,21.57484870757326,11.573281156661936,21.67111610674906,58.21819412810119,11.72257951023598,16.922281014277356,8.64562808928247,-22.568449776726993,10.541760120264374,5.973535822100144,10.45521411943593,17.059970400397873,8.26158887386636,-12.620021005372198,8.10067640348485,-12.496075577867629,7.515605756255129,7.894523209150561,6.7692699279068895,-3.5244036141174315,6.672851001648989,a0036,1
164.09577889097514,70.2616058368114,546.6102994896851,307.6027093533073,301.15543867502237,210.71767590195225,8.307315284468699e-06,6.409753607132511e-05,0.05572089021933751,0.02048575059431035,365.2131252708496,0.0027371271168735774,0.01243914369927019,-495.24993673869506,40.74432713090077,154.00280067827032,29.709720573103557,37.13241898695359,28.644896913673826,23.670070014083077,19.793195588496786,50.97140607821808,16.15145043652136,26.709670394834724,10.06329430303642,-2.666523229901686,12.821790044280373,8.834373429513887,8.975960609775239,13.413324130484117,10.716150465533136,-7.022188764517151,9.320802643598434,-9.605207166057088,8.553826621577135,3.9098837175135848,9.245697005675584,-0.8511689153380777,8.32855128518356,a0037,1
154.4133471868279,64.42050524680576,524.0112239742357,291.1461170048571,263.7782779316713,169.76638453619458,2.5713995117439293e-05,0.000613545832373037,0.04246243435480148,0.009032981014342278,148.63507981615732,0.006726886615052543,0.029310681668546803,-455.7247853533468,48.620376632248245,151.85823220197534,36.58549161614361,45.09143730904667,31.00515437982336,26.33638952147744,23.64937366038708,43.89257270324788,16.275425313356653,18.567552866605904,13.459160552797455,-8.216976953432274,11.997266199326472,4.851527477974068,8.237855015389554,13.70692336925714,8.515029408891303,-2.460225869527918,7.518161539744115,-6.4160511886660485,7.088768845207261,4.006257489612353,6.917616376755145,-0.7842451783411994,6.577294922300611,a0038,-1
233.5011861255644,111.72075971971712,651.2582037064147,462.4964684882758,422.28147762747136,193.00180985144453,0.00022393251971499344,0.0014282617397742038,0.06857633243366285,0.027901572703591122,14290.849215867827,6.89748302328093e-05,2.985744306264766,-693.0962155196332,66.06721419918769,152.5615576498339,50.50299129380287,29.070584996559834,37.03190995536904,-0.02052897840400328,36.56331900156695,27.365029689156646,16.558377479448186,19.741714002980913,15.076922006747333,-5.4370410951618595,13.924824777509185,-3.602453379133264,13.517450686674728,4.402234649340836,8.940613880339551,-0.9396394912992059,8.187466601724944,-1.0926061317409874,8.611086594178134,4.040147338428872,7.504809594442103,-1.9228286535917178,7.29760341392027,a0039,1
181.4284509477165,41.56770609754945,529.7055099148354,241.94711568367498,333.28895739910314,129.14957901785084,7.410924988248229e-05,0.0014111639553962172,0.05620664588004484,0.007888549833498414,218.8617217514522,0.004568094777274814,0.043748277846329536,-475.722492896508,39.52691110314973,190.20498068928708,37.2994505218782,27.995395288604815,15.554420052790558,-1.2942742408513674,11.348207730812005,43.24888953038258,10.2623451117231,30.665361754619575,10.029110259678792,-9.428901478144915,10.305052826923166,-6.494727063595905,7.729992698645668,7.8409166503195395,7.607699991639921,-2.3473301662488226,7.730780512519013,-8.211334849784361,7.544894961494411,0.12425557974307705,6.782566051957889,-2.675329854549917,5.821028258202941,a0040,1
211.9261874087465,64.48632257772576,578.8385890253757,323.96344631500483,439.3286088342441,198.55584136074503,8.927307544924827e-05,0.0017951249088500292,0.06380564093806922,0.012171557302999195,606.1075034131471,0.0016488722406054488,0.034969361374959124,-514.8428042307297,35.35154089439726,174.0893905424426,31.95207043171309,10.11747537182,18.01949112304172,4.645572388514711,15.1770989061543,56.95546084736998,10.138969350611287,25.82728208936762,7.594387403721859,-15.275571544409916,8.357289052354087,5.817647417044756,7.755222526638024,17.441010985732195,7.965070255227515,-9.221066888582232,7.798834740757298,-12.052630134398918,6.894579705619366,6.682734144988084,6.794539648594293,-0.7505705360176501,6.173633800287016,a0041,1
212.23087542428826,80.87113644950641,520.5013414907606,349.3138616376211,458.28263274336285,254.7000873154978,4.1281423612900854e-05,0.0007298397590988075,0.07343404314159292,0.019951287121062217,391.7617929436224,0.0025515714406303797,0.010684445121337907,-461.83685779370256,26.724409817301286,163.4642342169186,29.273330591807493,9.764270995759372,19.752802383363736,12.58052638536343,12.418360987587885,65.17571939762004,11.895802159519013,29.21246948136207,11.976546223563874,-14.403419983133917,10.861947955398552,8.173671135358445,8.61319614786643,20.721612195256842,7.568135941596696,-8.00942722716271,7.378406201036627,-13.520289988672316,6.965214131111,4.539712508164621,7.354041234218098,-1.5020756449621098,6.448769156432235,a0042,1
142.57058736902061,46.91389182817207,438.44543292542073,224.53506538282136,228.64021787960468,131.26006051555987,0.0001514417948731954,0.0031535682073021414,0.04281432502246182,0.006011009403703537,1961.9849682412546,0.0005086878824268107,0.004420355172019798,-527.1609110361139,46.9434890102717,132.83731123968514,44.06096310603542,51.891361541040524,20.10555374247485,34.772756177292706,17.07394461121569,44.29636653767922,11.441727743737497,21.957365802199046,9.481087900434593,-1.4345618814562229,10.563212489132471,5.968574009724828,8.657093575221507,11.202715798088093,6.950451510838244,-2.74151250183046,6.652266917828477,-7.043170267530353,6.173535065406502,1.6777406785933837,6.348923819722527,-0.9730060557192701,5.9533507998502095,a0043,1
260.378344453938,70.83503326837487,473.328769364052,386.7334904567544,598.7571764091858,233.77899111655344,3.0764969540203e-05,0.0004591724493829875,0.09947277857515657,0.02256351086158505,202.14794424402604,0.004945871702412723,0.03665759393945343,-475.5409377741028,20.402435321000837,194.48132315862247,22.59641666064912,-10.27905376190681,14.583371284236287,3.0302492713385183,10.91060862843723,72.82889686954405,10.864216042028719,17.512394487942625,8.834978124280566,-32.825038911410864,8.53888222384491,10.917421948833468,8.891403010170496,25.877801958800664,8.269355019423498,-16.98271312807462,8.101600967249261,-16.501999351423645,7.2683613901880495,12.816628699284529,7.1262934170233,-1.0700550374314368,6.819535665536316,a0044,1
185.16420565595607,49.74031485773908,409.66711869170007,268.69257270789967,365.5442290552585,186.02651749253823,0.00012280764060140317,0.0019530306607788226,0.05656185592134581,0.010238931067923748,5186.159437209376,0.00019182090619644348,0.00658150019332977,-525.8272665750942,47.11520161201152,106.9177440599813,48.93702852456032,42.21673012457893,21.16244838242416,25.10765304793392,14.112838414519311,31.75852236660001,11.70182018360602,16.555957943219312,9.069084063680306,-2.142004436285103,8.650045731367195,1.4252544137392407,7.83495231879228,6.428999231936558,7.099558692903318,-2.8861363630075005,6.70260855788367,-7.897439984208316,6.550135637185504,-2.0829669594441635,6.148764751669924,-1.8636057511202224,6.247989211089861,a0045,1
141.15493847834387,69.55264309334255,587.8076073693752,275.2994967989995,234.12320948970458,170.33138961720184,1.4787435511865167e-05,0.0002408931744885284,0.04683915482318711,0.023629111274710082,894.6066320163393,0.0011168096903073055,0.011390987432873508,-526.6607690340091,46.5785938060098,140.75239137736176,40.67171791404768,56.45163752569621,29.968539423582335,31.61971816645913,16.792989972121546,37.62939228319834,16.799427279509032,20.00937923968817,10.850726676677173,1.0856585563698071,11.265040192488666,7.025288827909279,8.733770692201333,10.969056242708925,9.717982559351263,-0.19791906491814068,8.017195079167337,-3.2764596144540983,7.863789310223787,2.9308895828699977,7.388572201917507,-0.3974305128339641,6.822380982502216,a0046,1
360.08542046612064,164.969640567328,544.6929181146976,513.9156327381784,592.0864218328841,269.24078711536544,4.884601948951309e-05,0.0007873886546250052,0.176995591868823,0.10619330088259203,1327.4150815060484,0.0007523438216984826,4.812736191333319,-412.57489221105436,151.64544780925252,257.5283008026695,92.3879818908236,-41.5055925313592,72.10621518762198,-48.00407742512968,51.879393325392506,51.76039589524515,20.75971214804504,12.124345377859173,11.605778248240172,-37.516679383704826,33.923938953210225,6.062418931108775,7.700751596867321,18.542510362845537,9.243826573329331,-21.305457711109916,19.885051373947352,-13.733115442515311,9.02174953945778,11.857423257634807,11.852132533031936,-7.88973960129404,7.440103382798362,a0047,1
161.40308738599794,54.57327181314746,508.1488904413434,253.23530191197162,294.6113074204947,175.26425142206588,4.0991214431984147e-05,0.0011828363863506453,0.04695350458259717,0.010533974906980225,273.08044439481574,0.0036609244774840903,0.003702828762848613,-460.865978856921,27.832187062542825,142.73293896879738,27.431140744993623,28.930836424499777,16.943104589824856,20.944797865448198,15.288851123002992,51.34271003072683,10.616501211864282,26.771517917105303,9.565726315110139,-0.7522209428027896,8.841645094040464,15.343809796829149,8.893291911857833,20.764955001918928,7.380358445727002,-3.830633410727347,7.398568883998048,-9.142941468760263,6.9926604478189445,4.983086152647278,6.751657481579833,-0.36984628366464345,6.68859159528489,a0048,1
161.68846488841515,48.176869644351015,403.3354305791074,247.88112456444713,263.6900906735751,136.85251072641162,2.2779972267203057e-05,0.00044030931649279275,0.0525557602007772,0.007236645736640073,273.1733143938558,0.003659679437325708,0.036815185202248614,-521.4263319507377,38.79133123238656,186.6425668590281,34.605968674475875,34.16393051300677,19.712297348187196,15.943039185003848,18.05986054649337,51.570313219300026,12.997122080274057,22.54169657656908,10.609716890107663,-12.349882323712102,10.871729451178101,3.1513605578368646,9.534830886861533,9.981323197561414,8.481682966945797,-10.883257832844013,7.364455444889307,-9.240081135885488,7.296694872287773,6.125628598468222,7.1474535122593785,-3.454311157332383,6.464340064435798,a0049,-1
104.27265367300848,31.960557478406837,385.38244856249594,169.58865920324382,150.41101252609604,84.69596441613851,4.090164958386637e-05,0.0011848134538861028,0.03220770403836117,0.0031133466699457945,181.07536366093214,0.005521562229731842,0.007162028646494221,-503.15489766213017,47.27124453381567,141.95653992250288,39.79645702236841,61.92159877101654,19.256114360529054,35.51072461449109,17.296101504522316,42.10699390829064,12.955078607998214,29.57519763815404,10.015347010728162,10.72716741907671,10.593712929229005,11.386519072558743,7.817458449342429,14.076879463714045,7.570208654789192,5.015831322350113,6.581664250966336,0.477801314292854,6.228114724052553,4.122962619931587,6.677203589793224,1.6309929347098824,6.443318453742365,a0050,-1
238.67260886035763,78.61827689439627,530.3479663427337,391.19194325363304,499.9157681940701,217.4028900987187,5.97343814944144e-05,0.0012123730476422245,0.08618010514937106,0.019335971616076475,712.2675074014724,0.0014029668113710785,0.08419052976750897,-496.268912877972,39.293811902424125,182.83326130565467,37.97287634807644,0.9109405124804627,18.36292680255258,-3.6947373173285563,14.523317146294161,55.96378055509309,13.428947218708362,24.730584326412522,11.05345953105164,-16.191470856729918,10.097796223764924,7.833893017233907,8.945381314241311,18.34869031568745,8.93626984633809,-9.258350327442487,9.407911822314357,-8.468448990673505,8.65542332599323,10.796292921292856,7.063505001428734,-0.3567920701629203,6.746217930985945,a0051,1
233.95773488306878,102.2963876543404,530.7400705095445,422.22060233222487,507.2669538943599,290.6552006261795,2.9582314262719542e-05,0.00036297077709584357,0.09169633365040286,0.02062256570777175,792.6510696805715,0.0012605891152843412,0.012871449278214193,-468.49456634165125,31.916311715823984,147.94231690617832,35.82984264780425,2.5208815562736024,21.5816151234804,13.772395948195784,14.929721879352488,68.85009559597442,14.061348730850103,30.191302877204645,11.955301854704,-15.185593997817746,10.472403526496846,8.305981232335373,9.733427559408176,22.7804657997075,8.944525724359607,-2.7649676839976025,8.888194947306191,-5.612644401193809,7.966870273495668,9.938316870723243,6.988786185731392,-2.3553789898081186,7.24769250210437,a0052,1
125.62519064251362,41.13043883935255,606.7656869423618,171.89682434001543,186.8942179144385,91.24830728392361,0.0002457540145833659,0.0056132998309203035,0.038755692262700536,0.0056848028674812345,139.6122158469702,0.007161696684378287,0.007389406172530831,-504.65557323141377,27.753402377828536,159.8974586721299,24.67631546527106,52.79098602546219,18.835588697172607,31.859429416136443,14.065522922612896,50.31090036242159,12.143202405886447,27.06479684514089,10.22140395024322,-4.051192484069605,9.818763550860469,1.8895842148868345,8.835981711479425,11.064913256993007,8.559627865220271,-0.15546796077646927,7.59135398271205,-4.3697196124876525,6.710555003647323,3.0185036889211765,7.124261096892085,-0.14741448095532744,6.533201575190932,a0053,-1
198.95795244807675,54.70866837082257,445.5306300073989,305.5272180556028,394.81502242152465,196.07255126276047,8.94270372102672e-05,0.0019052387489233648,0.06334912766255606,0.013898090084610673,227.89941393025902,0.004386900549109421,0.03279034693540115,-466.8737673877525,36.96861219393093,177.36319455749114,34.415617456718905,14.679012101852903,17.321282177799834,12.563886340397618,16.031073539116168,62.199336102867804,11.68252786022842,22.794640930878913,8.988701036316668,-21.349695211479805,8.438739896678705,3.6748329831880158,7.7286732097485755,17.817449761716208,6.928091214779126,-8.99226435773575,7.502189582650111,-10.580797544892695,6.61682267675155,8.17724564192623,6.647164245655653,-2.421236623665536,6.851033889886515,a0054,1
103.30318051222689,27.365962135310095,336.1209017359111,157.08977667625567,154.30213004484304,59.68409879566209,5.571553248441513e-06,8.531231256325399e-05,0.03649365891255606,0.005843315121590919,356.6426235199535,0.0028029272344236734,0.0028219437287481585,-500.8885571927275,39.11007951323649,135.47709513829918,35.58539514605339,84.362923090966,21.097831691677893,50.32948968406504,16.54405993118082,33.9782493007462,12.525295138601034,18.797796185114784,10.92190169261712,7.499883263192769,9.0136256911736,6.213762717446521,6.790013384834778,6.36704469220196,6.709987551165245,2.4184764504522085,6.184733823960158,0.4250447000938929,5.885543800112295,1.2990722776716777,5.4984318385168764,-0.721501526220094,4.644676875299557,a0055,-1
188.03489403706797,74.46235693413215,591.1014232710289,336.54399919748636,350.31314901349947,189.35695045885902,0.0002596373503381812,0.005150901070386937,0.05116406655633437,0.01046585725002912,12067.65892002421,8.186610749980638e-05,0.1367306861674512,-645.9703894645424,51.25746669865809,104.51062571114345,41.291636001678924,33.61997186405624,24.14424690584479,22.738750605162654,23.835476038693965,38.16995262965928,12.086251371441287,23.280862506198844,11.033557053629794,1.5664568688993767,10.568404464674725,4.306202087535311,9.065202407202339,8.89023050320334,7.448499980609486,0.019015593914262496,6.704130809179077,-3.4065286327943625,6.705893746006453,0.9454015097141151,7.029263699041179,-2.27030789537273,6.658682780344862,a0056,1
119.1994968348061,23.824626821832698,381.49755734633925,154.84418621944002,181.96730427046262,58.082401688408424,9.213885583540828e-05,0.00217379325931826,0.03787872205849644,0.0036821410791537004,848.7476387467117,0.0011772064781708628,0.015216203118359691,-514.5380008724485,55.379004845132854,141.77750393883804,48.90192820600953,72.14792428795754,17.616816148592235,36.83474950450496,14.714093301707141,30.251813022623434,10.420164311300981,18.327295791845522,8.254933887946736,4.642015369941036,9.224111398790077,4.0867290401843865,6.8223502179815965,5.738056348037427,7.090220986584495,-0.40744177188836656,6.561071946716033,-4.276119109195808,6.414070973391581,-1.7241635205787924,6.251316782557221,-1.8927197696867366,5.963093991648228,a0057,1
187.75075112097818,53.41955860332499,483.2709904673163,268.873797963491,359.3628875968992,175.07130764078732,0.00016857351052270423,0.0035330325176996967,0.0577648074127907,0.009040091402573737,356.4098045100373,0.002804758846720174,0.01924010115078673,-467.14258327185115,33.132772065034665,159.9559624500264,30.863562253614916,22.517522326215428,14.629065730317683,15.415608362484335,14.840565530959953,53.276533171258514,10.700822597440853,21.39056524168817,8.838510286877202,-13.826114474222377,9.312335653137652,6.510283340487439,8.584380788682033,16.379275679202077,7.146421125756423,-8.74572422950752,7.461810197288936,-11.890305066933216,6.971839488489721,5.5066875231320305,6.40888288943326,-0.5543253247668195,6.065032230434605,a0058,1
147.81570837899054,35.24800375435561,367.2798594009081,204.91553181057,250.46244394618833,92.27222264824019,4.996393424340815e-05,0.0010305925190961936,0.043231940162556055,0.006982708246330182,325.95714466930133,0.003066887813869404,0.03964243228150311,-517.3827204140292,36.91556671734076,183.5464604886753,36.37513795342761,40.53429988584123,15.779492007043272,15.003534437797665,14.18054650780072,41.19477708240717,9.47219149529762,17.85932329984853,8.441379642449213,-6.010172562959349,9.788558431697545,11.524151346594936,10.023834364614805,15.075013424557572,8.686646951766113,-6.763179341590013,7.826633018256085,-4.996351247479302,6.753595824958535,9.378693112429184,6.338018946004285,-1.0937781832974962,6.009703330070571,a0059,1
156.37135695860974,41.98468709594595,386.4452907193425,232.71794542089407,256.79652466367713,146.67109381505307,1.2562436431051544e-05,6.20669573325453e-05,0.04961857132847534,0.009311829322108727,1686.1389204986742,0.0005920709197141579,0.007789743217192036,-542.9483842312335,33.98695314661213,117.06983257572685,31.408593028944907,47.07692669241781,18.031426910522942,27.684561019877957,13.252659801370395,35.050926495390414,11.363627420096474,20.974601855966824,9.134082280271672,2.7365788614319464,10.886935705337143,5.044748799601972,8.368088556234099,7.103407493389989,8.320358368177383,-4.057747384868891,8.291450195506185,-8.892789586132672,7.829605528200023,-3.7718742034031063,7.112113898173254,-5.493586636457011,6.214289537958517,a0060,1
128.0051624530484,49.735592692285195,434.73600178635337,217.6195496269443,190.4611240913811,112.91359885816324,1.1843980542670728e-05,9.861167522741858e-05,0.038965147975077885,0.00418505191314417,1201.5197989951416,0.0008312792116370685,0.007082212560317781,-561.9419504570601,47.858498114274276,133.09642975220743,39.521612734581026,58.801456284940386,22.37694679404847,35.281762064222036,19.473250483990554,38.80511542680994,11.20898456708789,22.042794258312178,9.264902297547176,3.782818270812904,10.890708746389935,8.158807080416437,7.484763896859126,12.106276260846169,8.496349112212721,1.4952533813964646,7.225330039261421,-3.8414370994066807,6.03585988694351,0.2302552417779408,6.355465302085857,-2.2362688476203707,5.6699957202751206,a0061,1
149.50197132632144,46.472071509915644,440.8875877390218,234.29487980583133,250.49867021276594,130.64768330317605,6.367114904262347e-05,0.0013167141141725177,0.04591531956449468,0.010713023907323748,1431.2956987028635,0.0006976676214792404,0.013994407398315213,-519.1737955955649,52.42244526582792,131.17204568460622,45.375944866499296,52.696514488123874,19.76950848967932,27.071293362898874,15.159665863178247,32.93195048163444,13.010020539594787,18.827573213578994,10.28107196311864,-0.43564442806342774,12.97306056998882,2.4789989440984184,9.45792562430723,8.36958310877586,7.837470417109236,0.3858358554836964,7.044232212683415,-4.652561548538105,7.29193075157227,-0.08842280734230194,6.698211073025779,-0.3854933389945474,6.232946806794542,a0062,1
256.3549829061135,85.36206228651186,534.248092022604,398.7117889451263,559.2208520179372,226.47557163715737,2.91327165770907e-05,0.00011806645509779118,0.09659692054372197,0.026259714313954203,614.9095966309153,0.0016252551955989551,0.04424600724210911,-511.84364761579445,28.767142050048697,177.92258417819374,27.934262855501196,-2.209454450564525,18.363351808609405,-1.2632367162255485,13.845505100871115,58.28272861201005,11.24952987503176,21.16003538859172,9.625910048985974,-20.387065358065595,9.353647752136663,8.191764628486073,8.681564313050915,18.733103083251503,7.194150524590877,-11.743495869774039,8.413161707796652,-9.234170686845399,7.309115152267299,12.703095253776942,7.499167468328683,-0.6946163422376926,6.862018633450297,a0063,1
205.5224955427895,72.68152057112566,469.67401616659197,329.67698636883927,480.3108153638814,245.15980637770707,6.008700707267685e-05,0.00108491705550094,0.06299530056716082,0.013409292174025205,967.596859778105,0.0010324882232362433,0.006994795545694473,-500.4043320510347,28.812530349491194,138.25849768547945,32.680717753884146,13.72041072221173,20.763383109462577,16.5409572880656,12.676006220565858,59.01709704318049,9.63254489321799,28.82044770106054,8.3903141452653,-7.518067376163368,8.018812715313112,9.512864455285696,7.447529509726961,18.5547803883384,6.951283595474948,-3.1035122730971367,7.528595173749998,-3.9367579247864373,7.812274356699713,10.814059021458638,8.102669373617847,1.2991047235550877,7.339979944304669,a0064,1
177.91290856300932,55.86508292553996,354.8516648554649,273.96896720344023,344.3934646374217,193.2564992717723,1.842784486205026e-05,0.0003866831805304767,0.055471722526857656,0.010133419680767369,246.27114871412962,0.004059564832429678,0.0057689444928942174,-448.08656486353516,25.45789681800574,157.00249926010468,26.530729610727175,24.550331741187385,16.546537067500616,19.014038926715845,14.99854493241833,58.20201465527827,14.24232701751995,26.884475741200006,11.037098321828841,-12.556304734998976,8.470359362441227,3.8550671880576286,7.505509338414668,16.179582757875355,6.761454102773111,-6.614052310034842,7.2677199912560715,-13.2593190339201,6.680473242718391,2.0937898601217806,6.688211644095528,-0.34634938640262625,6.227918621455629,a0065,1
158.99946181436363,48.7494563397353,445.8591301199697,242.38495689693787,272.37056379155433,169.58698645768672,1.6698898188549878e-05,0.00025751173772470444,0.04528073758984726,0.007076818239341024,508.88372091719094,0.0019640853524101774,0.0094526408357545,-541.0064715105425,35.34558349039853,148.71817939921232,31.57450425218588,27.735535103372154,18.19222991763767,24.202775588143627,16.464225321521443,56.99411431015287,10.633602608195359,24.191316855287646,8.816383082620483,-9.115759397099794,9.538004895241864,9.789762476251287,9.006860326513184,18.030021481496657,8.458203573768008,-5.4640795732508805,7.533846118119166,-8.216919848415417,6.512176155513603,5.466152358585923,6.969517198711519,-3.9455814470318047,6.398304093567234,a0066,1
216.31445715901313,58.77689329904919,551.7390990112476,325.56583966503007,411.89036098310294,157.1291856952079,2.88966600910375e-05,0.00030683892091044326,0.06837212581605223,0.02194106114751909,303.34141846232194,0.0032956151912791444,0.10929248366396413,-511.1018905527943,38.49499007017054,188.53715557997063,33.15146931659587,16.437476583753426,19.965837570267947,0.21680572910661491,16.849774522677144,45.505823334477675,12.541328367956364,15.065567255793223,10.791037991943742,-21.702441490838872,10.981796440503407,1.5008058901452581,8.83355506375224,13.392235697753508,7.8252609061432725,-11.660536719900403,7.929501422739628,-12.664480515760088,7.099675267776431,5.532633162215024,7.5554862371970195,-3.093376014814813,7.199257276292993,a0067,1
184.27574339678645,90.98010205661662,550.8173949210225,366.0737112744581,324.1453111011638,188.31206559455396,5.719859986391009e-05,0.0001736314859821918,0.05709043825537153,0.01722141530813761,3156.4153631567688,0.00031581502342077964,0.46924626709149136,-646.4016635037589,61.178238196984736,160.10593620984332,43.74170355841731,40.734191557620896,36.04846018653994,8.0396760387435,32.07219915667739,28.73117035408447,14.938794266932122,21.24617226299746,11.298165662564635,2.482120228422512,14.179083113182372,7.978322018576447,8.065462513443297,11.97455487469247,8.94976464179158,-1.0537857720056913,8.291438711455696,-5.5810150210087714,8.24139333107538,0.8080893084605735,7.818617251179441,-2.250053162375115,6.7587123411066266,a0068,-1
175.6436132264001,75.08495285031881,614.4260889616079,306.2001355752299,318.4581398348813,176.40027913286016,8.278061935216298e-05,0.0014201971022225189,0.049471608133384935,0.012004711862580042,667.5409327073243,0.0014970354217026666,0.021982219742715303,-494.5723733175882,47.44198136200151,157.64465978293055,42.60370416056024,35.5699565326233,26.531119896979096,12.883290841609865,23.582939638525254,42.865104641302835,15.765588722011966,28.091061619641106,11.151807171837616,-3.787608991856056,9.791741234653298,1.6444605497090539,9.408461660404873,13.91069766107087,8.959336790456295,1.2894533106417538,8.479039483914208,-8.852092527707912,7.072853145113573,-1.7230790597599421,7.957479655620192,1.222819477141736,6.766195696765475,a0069,-1
109.60139729289627,23.81370042473484,310.2298053924213,153.56654298146546,159.68977154724817,55.27329407676751,1.5413704278210925e-05,0.00031470119988418827,0.037986557307892,0.0030724931392462486,150.3837303294073,0.0066486552540228885,0.004992123743945746,-500.9647736228545,36.681674623574786,132.14799651200147,30.350902970295298,75.9263408413497,17.10096636139813,46.82240099244968,15.89073588228811,37.83958198231954,9.10920729263523,21.704437959909782,7.486157964505119,5.412396684257291,7.852620266313537,3.383133723054412,6.778728064795399,4.94218059049799,7.262151376807509,-0.1532700277663583,5.541827272280463,-3.7583516952372618,5.993204586769101,-2.115189814305768,5.93165293952737,-2.6360113419125395,5.472738411240018,a0070,-1
183.55356524103834,86.1523961618718,569.9691181802377,371.0615736820126,308.9480966522678,177.06125467356122,8.37478052220678e-05,0.002103485542731738,0.05633742659962203,0.021749801389910263,519.8494382784099,0.0019226338183948469,0.03864400196990437,-491.25593366428535,54.34715523080571,156.31475845617572,43.97068321453012,34.80587062873383,28.083627818856158,12.313873762807637,32.27747644498098,39.96453416504922,18.25170432442495,24.97437209481909,11.982082510525471,-0.8679844080664404,12.065973192212457,8.25855228045258,9.149000866960385,14.497345693016058,9.515520657138707,-3.682794706353593,9.025318020287898,-9.060228786141273,7.98663346620599,3.2833569634181576,8.72014272327468,1.067190431413147,8.421770650995082,a0071,-1
132.87835767702404,44.40566310477932,431.5856092538147,226.2259371098017,216.2238436123348,118.68022564965985,8.19572422010358e-05,0.0019413762334859273,0.04059058370044053,0.004510749878199871,578.185592594882,0.0017285483925528343,0.011426643190699682,-488.30859981945935,45.890780364727476,136.69428382859465,43.17521889250883,62.62454734615592,22.46400833662935,27.658773741138067,18.48559604660184,28.788586740193644,11.230746740737748,24.376381499692208,8.488215840498734,10.040624232259319,9.239679973340243,4.569763328784764,7.077443028261168,5.238389086817577,6.971715104973517,0.9345391640768077,6.514685923456899,-3.4628370721932926,6.160741095877092,-2.3071067691962814,6.11207870270919,-1.5980003605933832,6.014449179556765,a0072,1
256.3163531053037,71.2190106673878,518.9044304598992,390.406603864023,587.4789798206278,196.69321273805042,7.630174129735511e-05,0.0016955352728705686,0.08283965106502242,0.020920414830286366,259.2186873893602,0.003856746373182049,0.09581324033083898,-465.8333110516697,48.34915797636323,194.35968430933036,39.97088358541584,-9.805524239478927,17.69773084931406,-3.9699229649812042,19.89471647681368,67.36632872722654,13.402289093319833,22.30435141432558,9.021689708170115,-28.6375655158536,10.560922016456978,7.4876859687825625,8.270385114523227,25.4650491676372,7.247848930512673,-10.524135938831273,7.026030456367918,-12.486664618805872,6.746163817367979,13.193304668290287,6.446666480118023,1.5142505267788076,6.70277424532691,a0073,1
171.03074882814042,67.23042414482988,500.91330057215026,306.548573564712,317.0134209344115,202.4014678469396,4.118401448301764e-05,0.0006513826724439384,0.05638880699685535,0.02055944172548112,430.5223675226961,0.0023217596031225463,0.014364789636059194,-456.63130327967383,34.24132094484972,162.25495905169706,35.120163378723355,26.43353293041145,18.385603284731705,19.238477469661643,13.305366475275482,54.44882239974773,10.978113639034538,22.993033483306412,9.08875654211063,-8.338315060791937,8.674402585036308,11.136882578617724,7.012133234357981,16.51423921357256,6.9545398697849965,-6.760490643453736,7.158424916661427,-4.929270890638353,7.023980874569995,10.206128685222163,7.432448449974326,-0.557529437737264,6.712454464606489,a0074,1
234.36320352301485,76.84501936831985,555.9464684097779,390.24536681806944,489.284914950761,194.21100187453,0.00028301595087229406,0.0009218641041289964,0.07493477926365263,0.029293472392238992,17162.961467664274,5.726500065288809e-05,0.08277556538437619,-583.4329039280941,56.430757353957986,101.25040457029336,45.13496776128269,22.201262564153037,19.359011173536945,14.452967133667086,17.866113572993477,35.65398597567052,12.34726300440359,18.631833034915452,8.796867645860116,-5.209789617827779,12.068449764429527,2.9987261230530606,7.373974160499022,11.656011906557177,7.544610397558843,-0.8899029086190712,7.318812229288749,-6.724630880679735,6.6086755472228464,1.5374416397220598,5.647041399088035,0.32694590611827834,5.258418974136926,a0075,1
180.55827485715497,59.6714836500235,458.3366079402763,282.5470168246194,333.0437219730942,177.40603924859946,3.5910930408914816e-05,0.0006131151494763548,0.059186256306053814,0.011919721799434574,287.1840352278328,0.0034810875901372354,0.011235731815224451,-446.6768081604769,35.873702164386906,169.0563133551359,34.62092085513038,28.28680446187302,17.393749387360856,10.529597727509099,14.627389747214107,47.66188732986848,15.516137685889582,24.186380224036686,13.343355459422837,-12.018740585270205,10.794626722082931,2.743949524614442,8.003749051739286,17.794572700709892,7.2906585522165255,-1.5836883723501487,7.097236894900982,-10.200203628729307,6.788774394094463,3.433227328261201,6.694944319972567,2.35328163964746,6.379759034847945,a0076,1
173.2428846119608,71.13567835493912,593.0276261230149,310.23831942624906,318.68985004476275,169.34996249636774,1.795750014161707e-05,6.783253096282489e-05,0.051285268156893465,0.016240185815138693,1377.5887155432906,0.0007249060187531309,0.038695074195155735,-554.8622050732076,51.076058867987186,163.86841158593393,40.309141972144054,35.09315519354922,28.138441798281455,10.64320681501823,21.424534638483465,40.109993527580365,15.379229137716381,24.73543021068564,11.129868127047878,-4.359924995396164,12.380678348407208,3.0900406739041792,8.344217982304297,12.382391969371204,8.422239273036292,-0.5497754626923808,9.289729755840701,-4.544575135805702,7.619749363687556,4.3723848782184485,8.134605506560009,0.6699231158914132,6.3845120655344045,a0077,1
253.8545137073922,122.21109028664753,602.2193944807351,523.1325977761535,538.9645814682184,251.94336679342172,5.2333298256936295e-05,0.0013986931807672116,0.09245563940801253,0.03717313588774892,422.84215573212947,0.0023639485892761962,0.0212479223450124,-460.5962898303063,54.321044106572714,151.35178639051742,40.13851483613658,-2.7731196815739367,30.261462011952105,5.5314908261723765,25.00120144756982,63.426617709277764,11.240801292166488,27.686229729903093,10.9076454617505,-16.197327312809897,14.708606526416599,8.974072364413251,9.98037088469736,24.261090196367824,7.59220622679294,-3.0463250817465934,8.324753286245956,-7.505377755396542,7.275713486122809,10.489872701781568,6.670443401143857,2.607722074440271,6.177234547114376,a0078,1
153.10102527730766,41.117107902860695,492.6272045703901,222.30225638332814,253.92256002087683,112.68633939102821,1.2697082333946385e-05,0.00017205578903904168,0.04219351432019833,0.006477132221441604,278.36546508949874,0.0035913993678584302,0.04484904459291576,-551.9076124949988,37.93221297095682,183.89036913735666,33.080311384423375,34.11929675427021,17.19057723001416,10.151962887585135,16.152068695165173,46.258377641554816,11.931195219510089,26.446790256422037,10.282808488440667,-7.081345686957299,9.114670623262892,2.618913142976444,8.459945387842604,11.527170011823552,7.239965577867189,-4.105945912309375,7.5726666801193225,-6.659571546316849,6.490880806036022,3.381390987824929,6.519891627468848,-2.2603931419388985,6.389859991743798,a0079,1
136.61152500628737,40.52817427213478,338.7530433819175,217.1244249046716,218.49200206398348,98.92531742701199,1.2376624037700634e-05,0.0001215976129784218,0.04347366002321981,0.0045698326307162624,1026.793463356395,0.0009729056491206585,0.010385221614679902,-541.8692195088477,50.88360059360043,161.55311334000004,45.0762578880007,62.570875123415554,22.40826414366191,26.483784052874228,20.71122195418745,32.99630531123663,11.359818999897438,20.620711254705476,8.903098121557726,0.458525039215523,9.264096117272809,1.8474530498484913,7.635218970067417,7.005530769520551,7.809829625909246,-0.5681189318730664,6.8244222279499,-5.064290850652443,5.796501153737881,-1.1501383729899441,5.976875441244563,-1.916276110045434,5.319377182240785,a0080,-1
153.14782404158868,62.14890935618849,611.0541137099755,272.4484023746459,258.0156950672646,153.32324884632683,5.308158491549634e-05,0.0008322963299837179,0.044877207118834084,0.009291918152173319,1880.493874115817,0.0005307751742485172,0.010780261633767997,-548.5921435202063,53.72185299264422,145.56070948807604,44.380568026458036,49.562996837908806,25.243169843000118,25.088736487243843,22.417003852875666,38.236657500980584,12.319729657150933,21.816605956429033,10.579669501238067,-0.6910404036532523,11.309593124817479,4.130352522700105,8.099265962985339,8.20712086272522,8.929866230784873,-4.517213662033784,7.5832966672872955,-7.322214817341319,6.965883941191248,2.488668063896456,6.14210267838638,1.022388559702952,6.318942623584018,a0081,-1
282.7883500231694,69.30398000501468,483.30056003526977,378.7730092466837,565.4439587682672,163.47174479632983,0.00016480419801619595,0.0033793997688394803,0.10756000048930063,0.0309248730785403,807.5240048382987,0.0012373531915467711,0.1534074086360815,-523.10079178817,38.60629282839008,189.2899609384717,35.65123986569018,-4.671890062398659,13.463922953433853,-16.760017952410557,25.484695788171674,40.3813737089815,22.114152055424487,11.497823330601879,12.439239501377568,-19.937876377886795,8.31453196833939,13.932688144187566,9.001635799038478,23.80888253555568,8.224062893074791,-11.638101698022185,7.579292495508762,-13.50401756278686,6.414559743904565,9.366836415689598,6.549857203589455,-0.1741367402771313,6.580539368983511,a0082,1
141.7710050599207,52.140890403513936,454.49017359715197,238.44922960214873,234.59921524663676,152.6001478003514,2.562954025674206e-05,0.0002886222826820111,0.03979908211883408,0.006226469985507473,2413.190945953231,0.00041338907059416437,0.014572306511875502,-563.4581090909952,52.28967336021679,118.03158352059333,41.96023748401965,44.68413696437076,19.52739043299685,25.875802153852074,17.79397156428915,37.71897806239339,10.857556891928235,26.436512254144937,8.726757745668273,6.86737800137747,12.720556966068797,8.535078284958338,8.535038022244784,13.757394499936057,7.970405253906633,5.113280979541737,7.08923694768356,-1.2455051963836214,7.480614771603774,2.037945742918408,6.405796287104434,1.061609628486217,5.803441047934029,a0083,1
177.65888849291522,60.53765766317531,469.70382067110717,283.6408741713926,325.8210020768432,152.90135854364306,4.1264192206908426e-05,0.0005772674019080947,0.050908010449117344,0.012899270799442567,669.7158082584722,0.0014921705792126031,0.0670547937641777,-532.7419993965987,42.25771489195956,170.31105700281472,38.86752637926747,29.95782142699127,22.093431336079362,9.93016580035649,21.7831305582601,41.83580567845273,13.087559673850699,19.45935128839549,10.458845645010927,-7.425312413233994,10.486694891478775,9.667508547927326,9.395477832940927,15.31545658866475,8.62216216924104,-8.551972140342222,8.193238321467947,-10.978430264456353,7.478411433024327,5.860586955628191,7.458993368794667,1.821171041513124,7.973019129948365,a0084,1
115.55999278525958,29.55368656914867,405.6472992988665,155.23792915270613,160.59747409326425,68.83025484805003,9.79632625608495e-05,0.0020460773178172676,0.04179535702720207,0.003815774344537584,252.38082598861027,0.003961265969640344,0.003563033914487142,-533.8786636383018,35.54933858727912,148.58825786616833,31.95446573942271,72.65133800685018,21.70040937673382,45.71993259747031,15.059136543703486,44.7271521391557,9.845482486591786,23.84298229142381,7.9679877087305435,2.0726875216821674,8.671494612162396,3.0375835379596983,6.910009827321019,5.031811253506493,7.4424574763560765,-4.128600979906093,6.137257861565147,-6.1495217399159285,6.307642224862979,-0.37358671496185536,6.265451831262119,-3.123327677872046,6.199284676557612,a0085,-1
170.2763273517238,59.229796362798254,541.6822230401183,282.40617140087556,312.87268109540634,165.31892597368605,0.00015614052458087365,0.0036229906656607583,0.05011396104792403,0.012213765756449784,1595.4230493373982,0.0006257929434963725,0.04914555269847843,-590.7754303396738,49.38990946909603,160.84601486306786,41.12124177272939,39.22381336257645,27.371041868563307,14.42197121872925,16.96498585871845,39.233258112574944,13.947447027376406,21.490674251416596,10.915624988782444,-7.724250151512685,12.182722038599657,0.7141093193199481,8.726593970413798,12.308893719987962,9.148564019541197,0.515174024191792,8.008561414634915,-4.747165893411921,7.284611273373794,3.8486512342530657,7.138282064571593,1.353379442252695,6.28665716567811,a0086,-1
127.11449491869152,32.6891248693659,377.997779245557,180.38535160357517,181.7829457364341,92.18996271100217,9.601669815991846e-05,0.001889030143907183,0.03365355499031008,0.004229737617132585,219.96198181140701,0.004545240020539838,0.0025906211462438738,-487.5406580771481,33.3225812040469,123.89377418207738,33.393351480813834,45.66834425694304,16.528931366831436,41.24593094864368,15.0739190730708,54.54858869339556,12.835092560890267,22.82986607384828,9.054290040708699,-3.7987467969106468,7.461279984604644,10.192951621116412,7.773490029583753,17.023336710397768,7.511097570807736,-0.7860746008328809,7.2803202076375815,-4.70096232505666,6.536708164292988,6.238540529970043,6.042618359600562,2.731666514600381,6.083602164373868,a0087,1
184.7475195809459,43.038840342542926,379.80328706898604,253.82468519222883,305.9641429840142,122.1660983551971,1.7047005735726826e-05,0.0002437667503028187,0.0667566329928952,0.012273252604859859,326.98455319284915,0.003057248291826144,0.0486277001620548,-500.55716757535777,38.62317612414465,198.29261372859122,37.313398316189385,35.064998697240796,17.902444049195385,7.035499114626825,15.309279405054692,43.87109427465579,17.592081101073116,18.083397855983414,12.29281539965153,-22.44901235848154,11.97214926772187,-8.825102164007603,8.57647903420077,8.509547367323899,8.207579429112238,-6.90623299574962,7.443401138721115,-12.46490114488543,7.474220782235293,0.5938381375332458,6.788887973299388,-2.0061671668031917,6.504896020318529,a0088,-1
219.39382615070073,51.41019836818152,463.81739180297217,302.72359501569633,467.7138910060976,203.34965505281355,4.725131099375358e-05,0.0006460482153985723,0.06841892149390244,0.012325051203551967,105.36073096690701,0.00949020166651714,0.07002821268051886,-461.65828597616996,34.29767081072938,205.23807934686167,32.92122113834878,-4.389758414655013,13.440118438259358,3.5351605388347127,13.541326634361269,70.0665531608462,13.288929541777678,18.824672869690176,11.667893063842644,-25.349726671950943,10.975133646224789,14.60086327280372,9.010382147767043,21.772302348863594,7.410211257366036,-17.56413718351461,7.727983396868578,-9.938883450716759,7.3762854192925715,14.764691494900026,7.0080020874211755,-5.425962156882398,6.307664446926934,a0089,1
166.33194826718676,55.74161726341619,357.7815498013028,274.88567102887646,344.90105799373043,216.4316962818167,4.282671338005759e-05,0.0005693083983250334,0.04566118485501568,0.009151527610976994,559.7986773224594,0.0017853564246246936,0.003691407645247156,-493.3548481979595,36.98415830555829,136.75227528856496,39.811543330690746,21.370313353265107,19.65993500901966,21.046574876678964,12.074501541955321,61.4767455460192,11.927921746182632,36.60899468789789,10.652052376988031,-0.49551257110478136,9.205236298993896,10.087933382784836,7.67496352464321,19.71035715263868,7.180369736133096,0.37437774088080306,7.01830438011468,-5.670091528477753,6.937519784854095,6.6140054822004215,6.952238033289069,3.3175950467886257,6.337957234184046,a0090,1
162.05603384438066,34.327086579799435,306.02586872195377,225.9413555185332,247.3822416492693,82.3567817992523,3.108177073395097e-05,0.00045540275234109094,0.05571350225078288,0.005707411212853295,786.2579099328537,0.0012708472436654833,0.07377317394328245,-521.8541254229693,40.954096900730896,158.17083907334825,38.08965984781227,51.158608202759574,16.558366516309565,23.055760996925898,13.933239354304996,36.51796333986023,11.092559024015042,17.30193570135897,8.467185295446384,-8.82289811478439,8.975745011409385,-4.436651701505245,7.814141412298947,1.2373938441424084,7.285309381328977,-9.595416525196336,7.731185172308738,-11.12221555080836,7.113494254151131,-1.8355783451355785,6.848723348531289,-4.0133427561515544,6.109963316347007,a0091,-1
188.78876386579532,60.24499946357575,422.66859541230474,317.04137706032793,346.3402406417112,165.16239471152983,3.308730849426169e-05,0.0007029189032595385,0.05641345671791444,0.010228729171008326,481.4267013030644,0.002076159320151067,0.03864504426148466,-475.267113589251,48.66570745776646,172.74070676154417,38.087886083295885,27.86905869871425,22.443759139495427,2.6694388320293254,18.076869886451448,38.97034210703835,10.062345703417565,23.17333749213868,8.177695951857341,-9.1229923323244,11.47496136091603,0.2753670248755239,8.337415141514946,10.933490437998806,8.082386758713767,-5.925554698548679,8.02793168044869,-12.416087516010155,7.671971592493764,-0.6398599324584217,7.458980351119671,-1.951488064564735,6.342140617394259,a0092,1
150.6743008177262,56.15713643616027,717.9508943713595,233.48983310797968,241.12252861602497,123.65985974390127,3.7358424256111115e-05,0.0005366055090475891,0.04598989496618106,0.007272025410925704,1400.2316538309756,0.0007131674947600898,0.06753687809194764,-569.6124840876214,46.532216422350366,145.891399400044,39.429658875195656,53.62424973962451,23.238997867462082,27.829815385122174,16.247703656408188,35.897262913606625,13.271947327537514,16.660694777934438,12.527690503578397,-4.380886157599123,13.869688845699383,2.738354884675527,8.472207865004066,7.833505303182348,8.560344487167423,-3.809775671117598,8.21086498293313,-5.462861089066159,7.981241541898226,3.594500742935194,7.0340925014092095,0.04265998288241838,6.378501290482756,a0093,-1
173.71634892665327,55.42593888284138,523.7870228052061,277.55534805888453,325.03503363228697,155.76658992749057,9.233691105610403e-05,0.001746123464677532,0.052017061378923764,0.012957939433264822,886.3144880260596,0.001127267638493524,0.01859115551793039,-512.6665945915108,49.46902171063763,166.09542434608318,45.25767965832048,39.21047405441227,21.364413114560328,5.245910092701532,16.396638968901197,29.388955355708468,13.038873265039976,22.073384466161183,11.042479859280078,-0.21050880486901757,10.606088069917181,4.289844990348702,8.502558820608723,10.758946191644466,8.24981701277804,-0.746462167802184,7.888101066484356,-5.478410099534885,7.948681088020538,0.9677483075453541,7.262162009372639,-2.4355584588301493,6.924222896686958,a0094,-1
178.4007031315856,60.64599959713684,643.1361347121099,274.3009004641391,321.2109725965858,169.27077060627016,1.6064248995880674e-05,0.00017586650928487748,0.05808484950584007,0.025550373032467932,1045.2705279266058,0.0009556900946562105,0.01944788996384549,-501.79986155467185,52.810234583745846,149.82885211521952,47.718039508041144,36.80932961274282,17.70100123931716,20.255041504035013,20.037415121829195,41.86266316271597,13.5337644320266,16.505759124149606,9.622045053784332,-9.800715800925904,10.641656256976471,5.183487063130054,8.04350055935,12.814058423548934,8.107701773671648,-6.0064027157999735,8.720701382592871,-9.741780944046138,8.314754442288615,2.3021824106032636,7.371309142718449,-1.4034116907858518,7.344485073266688,a0095,1
266.7188055771447,108.70731497709225,720.3004975010454,497.45442899851014,576.8287556053812,236.02190260859163,0.0001235308685401447,0.002507093220439081,0.09235434767376681,0.03017496283356031,565.5535210946259,0.0017671791591123138,0.03887623415852061,-502.3834223764813,35.67779279728942,161.4217978150844,30.01700173675413,-4.571766981865322,25.764348043706452,3.186238563549266,17.274221244806178,66.79309754389152,13.389985036058487,30.229634433415196,10.437551875506214,-19.516293388756257,11.565296195473552,3.9733414910731173,10.71160070025334,21.060768213623884,10.185820269329245,-6.471794781913479,8.467371715341459,-11.709439608617597,7.085787998771868,7.528260060917129,7.2940271799694445,0.5081592775849999,7.5672923683419056,a0096,1
159.93855337572953,51.2735589405699,407.6697670471466,255.0527175772288,271.46860986547085,134.2108492469172,4.982421719087306e-05,0.001008721161628417,0.04795534963565022,0.01126660211739952,298.17933870155474,0.00335268629162287,0.021877857200842,-479.58544900327087,44.68662350732511,165.4941401961536,35.18624169651669,47.16203573202502,23.824167607522924,18.39729266313539,18.46080476999396,35.76501538566595,13.63187432993823,16.984822427881145,10.927838779190422,-7.18993078892581,12.661533251984196,2.4954057036598214,8.356022443647351,9.28046277823978,7.784727757718515,-5.194769230227314,7.413243613006094,-7.912190995624124,6.970394371650091,2.622003398475181,6.306095390218427,-0.6777389896437392,5.716139400316285,a0097,1
228.02664014874713,100.14120620647753,721.1956066351964,421.50564667882503,436.0023122197309,226.601791433871,3.6769854302309666e-05,0.00022119634548689943,0.09044972235846413,0.047709847325712505,2082.8441274068723,0.00047911271006269713,0.10962472324440134,-556.7798340347316,53.907755564748534,174.117042693261,48.18376670083757,22.04928859235428,27.225903451265925,1.4315694677456547,19.518371364593623,40.29125110658363,20.68416690528685,19.923116873471624,11.722424001808648,-11.00651589024127,14.513460141627393,3.5771998713524216,10.378282735102045,11.198694641868133,10.748424680557621,-9.433354702702502,9.129948763909388,-10.7301957861085,8.36432963391445,4.629566819191524,9.617419882701618,-1.3073250458909895,8.47332280255596,a0098,1
139.578287500105,32.82115531176547,454.8220786824453,194.60350316290308,224.2923206278027,83.30758912856628,8.900231903006533e-05,0.0023424515523862047,0.041717173486547084,0.004639122274475096,418.16473134818625,0.002390401967420102,0.06353665647241236,-517.5755209970812,46.434591639352014,168.898259840056,41.47821419983651,51.33090562916413,18.33048435728377,23.931208229468947,18.33061611724465,41.75045241534692,11.790880526423676,20.927796666997942,8.265918207581988,-6.250222083181291,8.846392016317104,2.92222590192609,8.425131633729572,11.622144135450117,7.959446756559105,-2.354784928629819,7.939775187501846,-6.752486814987838,7.164737925881155,3.4496505654277136,6.683266087939413,1.6643009806119318,6.304044657444268,a0099,1
269.14810794803185,85.89999440395388,475.02107704352835,419.3972882139515,570.6637596899225,205.81149064685252,5.347494216322453e-05,0.00032857869365710186,0.09821871971899225,0.027861951596315344,1862.8993883395622,0.0005357976097961159,0.161823037417988,-534.473052359891,26.391452066778193,159.64083959015724,23.45862302763672,-1.5512544474116883,18.46151611995016,-4.0196675088236615,16.46631504878644,48.3776795215264,11.215059372366772,19.67430273439927,10.841459121252974,-13.348622627144804,10.664992138338265,11.182070969344021,8.941100210686017,17.117009653780006,7.4624232137280995,-11.53616174719767,7.603488953086996,-7.898341865945606,7.192615860113551,13.036774990906839,7.460754160944803,0.08211825085509633,7.150951789024748,a0100,1
141.85351078172422,37.29329077809037,466.44475445420454,200.2195892792981,214.4353217158177,92.34567439825499,3.2754552299895025e-06,1.872493442083889e-05,0.04148514298480786,0.005359783174522818,136.0899926255461,0.007347078564010759,0.028543368614271928,-489.5873318509986,44.531094611630635,177.65731832884956,40.4240660852443,35.8779176160622,15.299625103710662,19.055493371206754,16.967648247499397,55.06879240508634,13.82293054353766,28.382753441051765,10.88709941065913,-9.687331396209531,11.18297978886395,2.8716972327790273,8.540638596715121,15.251169523130928,7.125374683359957,-2.152348465256609,6.9970037719541045,-6.714988904274617,6.633161060485123,4.815507970902223,6.271477666559563,-0.9172062421724324,6.192524097042403,a0101,1
155.93838221192794,63.599361446299405,484.841949972963,272.15199093646333,271.696709344115,165.77922410111734,3.167504449939482e-05,0.0006270629881682556,0.04962832715633423,0.012892472118247896,328.6260630339846,0.003041972167789382,0.02005402033515601,-481.86006957219655,50.376462919999746,172.4654825084351,41.988579598374706,44.42569062533268,28.540346091191427,21.65184120040751,21.340897827147618,45.325803880725445,17.29541387946413,20.925387527478417,12.772526456630944,-7.582583810263824,12.569784217514844,5.95837771234681,8.17802085158384,13.647153971116227,8.38638962424695,-4.842253720222621,8.406229313893931,-7.435791326893412,7.64210747049938,6.011216239427273,7.373984744417356,1.9273893658855488,6.773542941738418,a0102,-1
227.34420056461727,71.07788226530572,439.42137144195294,347.5279354852923,499.46244266055044,215.3861402327995,0.00013244994188730993,0.002098935501704944,0.07012062189411315,0.016445978381918695,162.49069574107153,0.00615319825789711,0.06737009803051651,-441.37831355367155,37.50113793718148,188.07719744585475,32.95185829353597,-2.312072277959849,15.169295586551145,-3.1515754902296043,16.521344900065202,62.219544619654606,13.215118607567614,26.68473498557031,11.674012503597021,-20.18389140757217,11.304641970372996,7.297916359321774,8.796136108147262,23.145732892041764,7.517409607440325,-7.001760525778265,8.051087456768556,-10.401903853555163,7.463035674443298,10.37629652840467,7.848326375447171,1.3921424325597562,7.669616482232916,a0103,1
117.1213776700492,40.77705587023919,377.1798458416437,197.8196951402389,182.54602713178295,129.75878656699288,5.739924136533518e-06,5.5018346923221305e-05,0.042166303294573645,0.015620220364038822,321.4240303753929,0.0031101549473541118,0.005628471185374619,-533.4151702461921,35.86842983563365,135.98644315377072,32.410566655267296,68.64277906008523,22.190122524047446,49.65058787444726,17.814992459406707,47.65621660958156,10.509603018457822,22.28233006867539,8.65084351861036,2.963048481094241,8.6364430260211,7.9381756172993745,7.887881317792781,6.6398859930482,8.19788599747486,-6.101679432569483,8.108072100662223,-4.9608249360051735,7.897129004578812,2.8478214971912936,8.32525027027385,-2.8395987764192703,6.589041725904287,a0104,1
265.8527006847816,145.34251214173187,535.577371313513,506.9955202482565,452.1679333030853,253.51690380429952,4.778026213991754e-05,0.0007160211118988285,0.10996120335186026,0.09286195737977783,1147.0897623927021,0.0008707713090829321,2.4585292080574934,-475.79155213548927,125.55073688978632,213.20976803194887,78.86621131268956,-4.60376260882567,59.354095640490605,-15.637148892476672,45.92549199664814,49.59424114634857,15.583540983576004,13.585447468737733,10.710649752739227,-28.890286226767138,23.885706247151017,3.4254199883945367,7.741900998981031,16.578680611784904,8.547026832037034,-15.527616175600613,14.359140975776151,-14.76044498966566,7.327957047378898,7.520412714656499,9.779054037239614,-3.747398114013818,7.773895301872796,a0105,-1
191.2886095984412,62.02136195975151,434.6988475449481,290.61250966408505,384.2208520179372,211.4788878905723,3.1245013292172847e-05,0.0005937818104601362,0.06296594730941704,0.012609719316868648,492.65199910772856,0.002028830309946712,0.02003498495431896,-478.3423541049682,38.13467931199864,155.21514531826259,36.87383477154243,21.828922377215214,17.59759837528363,19.270809603486857,15.904407984828815,55.96172440705226,12.600985371777861,20.633934175675197,11.802679251843315,-13.715987404544082,11.097431744442398,8.410083745833319,9.529401308363386,17.22508773812908,8.62443975496162,-7.211300474207038,7.7771060405669115,-8.079146200195625,6.761051507654096,7.137522033499463,6.296820935374133,-1.8781214652923122,6.159133310055108,a0106,-1
179.4934330728908,58.48541610164763,465.10419264737203,303.0440018165687,332.00027533039645,148.31694548058834,6.159482469072624e-05,0.001183818462693832,0.05035706910792952,0.013275056782566696,232.20283765824712,0.004305579403734039,0.050109513114191276,-470.7129838443986,49.67589453557309,199.30051703201136,41.86747110568517,28.131080473681887,19.405291247530972,-7.985269712383837,20.432395119798677,36.35792245741005,13.264755590063674,30.1960432682784,11.69819821065577,-2.29205534977893,10.9303614806392,1.8775939908246397,8.478697220610703,11.224317435901048,7.581676281831836,-1.7242578466972374,7.410126801275283,-4.860084480858052,6.726882570254756,5.3116233009264295,6.892234381218746,0.10226659593444815,6.259645782187103,a0107,1
171.18483937801977,52.367284393461766,331.9787140619588,265.5740946643276,329.0477362204724,148.97717494554234,2.3562719432549578e-05,0.0003920025601479254,0.047121062992125984,0.009494656474456874,517.3178374045357,0.001932047523194778,0.025072757870773798,-478.5552529577826,33.97709553307276,158.78437218845235,30.49502697004921,31.570598847097436,16.0150980813239,6.473903468424262,12.77319954922809,35.30928679368946,9.328201651382516,22.565389161862367,8.356039460831159,-2.17995909609642,9.932467631390887,6.91129408088574,7.7437833180774645,14.286120500056292,7.371865726870582,-0.4733212728230415,7.515042790852273,-3.6253234716876426,6.415254489994939,6.921415815163642,6.145993379392273,2.7349208758142045,5.803844170778526,a0108,-1
146.1363527463009,32.049945798092054,302.21168850202685,207.9096715911704,224.51559237995824,72.51046092504299,9.890246398384626e-06,4.255560866901704e-05,0.0477903999217119,0.00470989636625687,1683.5312510569331,0.0005929895437296594,0.010170228318954162,-533.7646412997364,52.34605558336284,141.69635678037085,45.74960186657317,63.83662935974441,16.994859473378696,28.872294809288622,18.515350598194676,28.030437178466332,10.60995520856575,17.436172340710698,9.36168184034208,0.46997222311166514,9.317871409207461,-1.784527366982933,7.181874515971475,0.9183119761265542,6.706277880392118,-4.5041456323905,5.638797560090222,-8.619629663676895,6.572077213995101,-5.724321095136021,5.851644656263255,-4.566655885360693,5.2758348097055405,a0109,-1
152.34410570695294,43.40218854267717,510.0395708167191,234.32644719433733,266.0251010781671,150.61398670788816,2.6328844914946607e-05,0.0006236378195754121,0.040121978183962265,0.008580129628620432,240.14518932276,0.004163147360977329,0.016334046682134687,-497.60070085834394,41.04789112840124,164.50366604543984,38.083661295952794,27.96914602919569,16.53299717370928,13.087881898953741,16.876089150427596,50.37888622888896,13.812086800638117,29.535414011858645,8.505459908460564,-2.5083713181200493,9.080054898746173,8.212395861311752,9.17022774653897,14.992498608287043,8.027180575150938,-1.3237516710423676,7.060369011835348,-0.55954020913935,6.725864569962021,9.998544531014286,6.149747033055777,-1.4145677640044512,6.532015480205931,a0110,1
237.93752362404223,57.693983242463275,504.76106615184364,339.62676498413407,548.5145739910314,192.37418295087846,2.2406570678005938e-05,0.00019881385546631418,0.07171034192825113,0.016155233854674947,662.5865077491572,0.0015082368212697525,0.14855785651338166,-503.3707331886555,27.5200144039359,164.15432891132536,25.942877604185007,1.3669058152384141,13.830768933116188,4.254687331005381,12.849252046257682,56.3705095191068,10.436296210794508,17.80533061597778,9.353813829519515,-19.97201911047044,9.78077313631716,10.410174629041641,8.566599343652289,21.043644638854683,8.269284021113618,-9.415345424062249,8.029406634720383,-7.851233543396179,7.536303358003165,13.241211454187516,6.904659227391671,0.7360226110719094,6.798711078980045,a0111,1
211.2949914474309,67.34658177979635,494.1453360662376,326.25081980396214,422.87057522123894,192.61573651239758,0.00010035714957893767,0.002543654097886213,0.0658890175608407,0.013128368617619476,720.6146296865701,0.0013867042043018574,0.038959270793769395,-494.84307477841367,39.32355108350146,166.41967064377124,39.85163841322294,22.06423670222242,20.890333329456126,8.130832112274186,20.626053907480486,45.02938281447525,16.740598067298293,17.466284892783683,11.259197881788081,-15.410695084552584,9.63080799515854,2.843866055210443,9.752433681550468,12.364502678631867,9.763162400092877,-8.400553898960984,8.215852739883275,-8.533685886408705,6.801393201708837,6.627279850073903,7.168134843545202,-1.6351346137425717,6.961893876651197,a0112,1
199.2209235649815,75.52479101016003,616.8523782459213,329.37668886686237,452.039546460177,250.54744087270976,4.157172308865398e-05,0.0006076927776177131,0.06018304065265487,0.01571815604197827,1337.2367815463735,0.0007468106715235231,0.022193473369718164,-548.0007338238893,39.162530476921404,136.11049026785395,36.707266621696846,14.310896481842569,22.01104729867605,17.099762093530455,14.48806622950407,59.935694309224864,9.96345504348375,30.511052109558815,8.779096083220537,-6.98228108466526,9.655650978649014,10.714525054596464,7.881777806474892,22.821112917607614,6.843392959591284,-0.9352666763455453,7.199050018446736,-8.069367375140747,6.608172650716514,6.746536200357303,6.704408013305823,2.284401829918529,5.827418244748909,a0113,1
177.52550278654056,50.730515955874544,491.4286654994864,266.0646686039952,330.7268352730528,138.47457726036754,1.1987971217984834e-05,0.00013399321735397342,0.050095820277529096,0.0076578751968495356,478.64777605179773,0.002088218868241936,0.03112324115445335,-459.21681478548504,50.35712868475798,167.4161876025013,43.74310376221934,36.48158764550993,17.819929467140366,1.6228651792570432,19.173082396013626,29.84080509247405,12.67653509437266,25.989797214668048,9.843083808096177,1.2547067975914536,9.294850597349733,1.5028006744400817,8.972811573649452,8.21104712776077,8.082403672250722,-0.3120557445107595,7.053930632775641,-4.056332646555206,6.351457677621524,1.8954270711952566,6.82387706006251,-1.4304299595330536,6.128730878106192,a0114,1
175.66035965205162,52.1428335348123,517.94738547248,252.73246434402316,316.4964476021314,148.17202869398685,0.00014231071643385068,0.0041944181918398505,0.05084282720914742,0.008483028732599793,505.0929254003515,0.001978833640901105,0.020483289088891,-447.4871501618419,56.23399201366083,173.63490170394365,45.150015102911965,30.260167414973623,20.944201830156164,8.228148954745983,16.119028026301724,43.93862367661434,14.726788578743111,23.15314824513009,10.982646929827652,-11.279797728553794,9.68330142587012,1.4908895216648785,8.156405146797534,15.02790576764579,8.81944365687656,-2.614003479890979,7.046435820421363,-9.922124106584187,6.480958593667442,2.6417203199303727,7.121336921720128,1.2214928209862665,5.690055018216312,a0115,1
124.14179768290676,38.23698818526515,425.93493528912916,181.3236765409934,183.57563755795982,91.71015586711438,3.998683068763547e-05,0.0007275376205971539,0.039648135625965995,0.005959560756122866,150.10092310263104,0.006661183972984604,0.007240774482073229,-479.8553422321635,34.72561092614653,157.8371222610516,29.12502052241481,54.513059529169134,19.940481132054284,34.72143325021092,16.346918140288345,47.988736588662846,11.743281177876918,21.09964632130523,10.405972581878599,-4.10644531471221,9.641177831341302,8.673987398655598,7.552397557812238,14.38557489409693,7.511529337805042,-3.2153071553504216,7.266148256840437,-5.29055043242245,6.812862737399614,6.5799083307447,6.5919172489684055,0.9247361765495312,5.640037576880584,a0116,1
221.75226166326405,64.35062679746163,456.6621826663637,333.94160087632605,455.0318761384335,202.20183649047505,0.000120880185016945,0.0025887158756809766,0.07439796433857013,0.016486569388932667,186.83104042108602,0.005351429443882344,0.03812321525976174,-420.86921396002447,31.54908098508259,179.06265340123934,32.7533475309297,10.861815961270802,15.228636922038675,3.66363216398309,16.813374681358834,52.96474577042028,15.876774111748347,19.781738707435483,9.406720122118873,-17.11400769896923,8.204277629608288,8.739178093061037,9.08407264142894,18.809295275843425,7.618874827542861,-10.507623201478484,7.379627401693047,-12.513784278314704,6.89945180820517,6.153504164544488,7.143705374708171,-3.0021324190576317,6.760022049216184,a0117,1
112.53077985652682,27.086129690245606,279.4674322853108,152.94978349213787,164.34585492227978,60.44201760806265,3.685194312297254e-05,0.0006652010959472998,0.038965349740932645,0.003820162042461364,532.1608857883648,0.0018781309002744635,0.010051130180764496,-543.0516388122406,57.50142685862284,136.9241786629058,46.15111064646419,74.4057585189555,15.638668058154263,44.7607291019938,20.468820251424646,38.195190489434836,9.34025355283763,22.280916133136028,7.524785715616923,4.709571044953707,8.569849996800972,1.9975092119852433,6.464677503294787,3.2478842585540093,6.737177130819683,-1.4760342314678165,6.388130320172801,-3.7619972748565083,5.620622426822361,-1.412285067084995,6.148318361374924,-2.2962937940557095,5.352028519506189,a0118,-1
212.10712369176434,76.36751025745833,438.86492391787726,335.652678512158,471.8903871978514,237.7956647126084,4.4894649488577565e-05,0.0007496595496448061,0.06836243495411817,0.015866044766721956,682.2723216857229,0.0014646903429832222,0.023171474102018367,-497.1785397834919,26.298906937474314,167.15106956363744,28.809495557779027,9.45001260126427,19.20683494847737,3.1235920333608136,12.651221532756065,56.77083085191228,9.815737860336094,31.058918356474308,9.3185539513223,-10.765397799667896,9.446791081991138,6.209773360496943,8.56440937066665,20.146672467522457,7.40450779624297,-3.534693964446698,8.177510696467406,-9.717966961824377,7.036004120107891,7.841681818906118,6.930723992061946,4.85121961087136,6.161521907408432,a0119,1
200.460065169515,76.38495807126004,510.3997201996212,327.5136071708253,468.83311170212767,262.96307454247375,1.3182236447460962e-05,0.00011386888932772629,0.06045467295545213,0.016655233401767847,435.43714054109427,0.0022955426234431905,0.01118180697947036,-499.52996609691826,25.975077868802224,156.7564804150686,28.25334529886043,4.165404979682586,18.991390110569125,11.461766315656204,12.675159486557403,69.64241613304014,11.787336422636352,35.78927426893951,9.725972450926953,-9.644512597676249,9.358062829671168,11.219403641946547,8.272404051498707,24.64653796463149,7.6377214329310625,-2.760840757432674,6.93258570452302,-8.594717247491408,6.758078704573627,9.170098333698618,6.945776119790195,3.7634646679011774,6.367482821516414,a0120,1
204.14142450103674,85.27002430793723,574.4327399058394,369.2384113285908,453.38424887892376,267.05462313337284,6.193173692481247e-05,0.00021691715197297333,0.06636026835762332,0.02542256094492754,3290.422345192555,0.00030291230465471656,0.029215787534846493,-646.7530685904618,31.18855278689931,154.57667074760639,31.85256824671794,9.13756677922639,20.688981620448423,14.681967204223977,13.564408787060119,63.644464860805115,10.016599528609392,26.21737974285197,9.269615316384947,-12.866704491543292,8.968045331862076,13.3742133277635,8.465431937740814,24.73450135674627,7.835507805000761,-4.132538739352887,7.776480574367022,-5.624870930597969,6.822772394878026,14.266515768707025,6.963823650830026,3.6536667122121784,6.733155343667476,a0121,1
167.52350544861906,54.01213942291123,606.0593176559393,260.08726765322456,289.63004484304935,149.22351260783407,4.29764547098904e-05,0.0006346831215483229,0.04817912696188341,0.008802557151611386,1368.0701213618427,0.000729956646340137,0.03894253331441054,-544.3676224514784,50.46627147438714,155.85386246251727,43.384586938396964,37.8589591829419,19.42869733608209,18.88890979978197,16.547069161951658,42.24159772402333,12.461024177103456,18.557336946073875,10.117679490221496,-8.755399830084944,11.276151293949885,5.711591722447867,10.183181058038546,14.438376124250237,9.70131669557949,-4.675527432337453,8.421047046139723,-9.306929453089554,7.449439977675484,3.981437212910144,7.273208540308083,1.02039096867677,7.2580978119968975,a0122,1
138.3205252964926,35.18059761228059,403.21643944828327,200.6205669448962,208.55135658914728,87.08048430449946,0.00010115385656979033,0.0020907849846811357,0.04029342296511628,0.011486936102763195,59.465969857363405,0.016815339919769745,0.09802036939551594,-439.81509990732883,28.5265405176202,166.67973032099553,25.722997478099906,36.99414484552276,14.668913610271895,27.16289873630233,9.415308849461521,55.82519779052579,9.126890051083219,20.351535883841564,9.964629710492579,-12.746163409270912,10.648687027177724,8.268326067068967,10.117308574742687,17.56858806903083,8.791667545504017,-5.719153557838452,8.087288388782419,-6.969884468965483,6.765441545706508,9.44714625359424,6.383727468326913,2.0114349827927533,6.472271719181463,a0123,1
157.13554652153053,50.87083389707724,445.86833319714657,255.0647468530233,257.1579768270945,129.12205457361938,2.6756361613347836e-05,0.00011589416254925095,0.045332692736185384,0.00959278093122416,2062.4612091976237,0.00048385755254227417,0.21828764166279055,-629.3247474193545,49.69806737386351,140.61730511800886,40.29910330785657,44.41435751648431,20.828868876237323,27.799125680253525,19.992864029316525,42.566371084873886,11.443071551416796,17.592295120682174,9.654591982812143,-7.447455795151782,12.839458010611901,4.204393789012856,9.565650435291403,10.638484861767441,7.894076735097015,-5.394058727184662,7.782714028910946,-7.3964585375502585,7.425029274804085,4.92027839094415,7.547399901303017,1.26421440775943,6.840366589603677,a0124,1
145.37491384828292,39.18163214511737,376.9822433961047,213.72322256131622,237.03755605381167,111.16274317480746,3.486359462315217e-05,0.0008736264434890292,0.043939619534753366,0.007209398841970764,307.62634722269246,0.0032496967301186754,0.08420247197997821,-493.46301979183414,54.82298170429632,164.99409814167151,46.375185773884944,53.384406828755914,21.37537781943308,17.27550513238314,20.610903414858974,32.15235833185112,14.657776696107225,23.321491702540886,11.114065624268175,1.252680759472543,11.904902129527978,1.8448020221558818,7.7762977490908645,7.338175237442458,7.555161533135208,-0.9841063416765857,6.531549755789936,-5.3039619708091275,6.665621179358322,-0.08812307589055636,6.968270654417811,-1.7026476305440879,5.98878270723094,a0125,-1
155.55595236532338,50.25222047152332,426.5551403322037,250.99852289692416,271.30044843049325,149.73920508255782,4.2972299567645654e-05,0.0007857540483395996,0.05017473024103139,0.012941187081358392,227.01240470080387,0.0044040454435841925,0.03338506762439809,-485.0011788322922,43.3152590057072,163.2441859852745,34.22750837495859,47.79608799895209,27.340413056448973,24.734451686614374,18.398128244668058,42.82951233609558,17.652856571005316,18.818613660961685,11.524657739683882,-8.40484332484005,13.347709993364148,2.9840492852752885,10.843598343122167,11.220165270532995,10.831529937016713,-3.299349626067449,9.348485132391879,-5.590010883064054,8.630153295397784,4.642898282968844,8.539107678564507,-0.10446360203229163,8.532352220027194,a0126,1
164.8760231661998,59.38634182798365,564.2725625925477,281.1440816477122,276.6804245283019,154.80687209695824,2.8654754919808026e-05,0.0003667337992334066,0.05005167972259659,0.008725687111359664,2159.796448532103,0.00046200657639023984,0.00832557886642689,-529.6490340622269,57.07117081671621,131.65842017703005,48.18628315214681,44.54767533810868,21.06606611422015,21.38598681177435,17.465517961187164,34.8778954720447,14.794838581501184,21.622142476498528,12.290255499691177,-1.8407928656483576,10.660870642828398,-0.5035623417855885,8.413258675764897,6.430808352673672,7.586036116061121,-1.316529412463001,6.182484310671602,-6.631983689807402,6.010955355299513,-1.9650777410917353,6.424565719902405,-2.6563467804473753,6.02288636793601,a0127,-1
292.32672130761273,95.26827677943035,599.451664840581,447.71115701059813,648.297365470852,242.3432525327085,2.3507325357947856e-05,0.00029262469904625584,0.11761885159753363,0.026896124138492957,236.02886331421197,0.004235769789768657,0.01983544426025209,-441.284868754465,26.983840126762548,175.03476376275893,28.645577082514432,-18.482076036939482,18.393794069050706,-0.5467966200960812,13.622609952266496,74.37288514395414,11.635771277293674,26.865374627374567,10.222814184449451,-24.303332262234637,9.376315123384973,11.384517522802565,8.694026218221595,25.65769487063825,8.415926640110518,-11.378823523712919,8.209098334127605,-11.260265705476641,7.167902887441945,12.984257963165975,7.22133285908422,-1.331254169065194,7.00804851046853,a0128,1
178.58640797856268,71.57233536972744,515.7522042514998,330.64394714167037,326.89977973568284,191.51948610675848,4.41911010371792e-05,0.0007835038948050732,0.06437783934471365,0.025843455167085236,1481.5840586153215,0.0006739532401102904,0.013215567190643788,-498.99456989434395,53.630647400052446,149.34517263921737,48.06280036178684,44.72758151367376,24.618464874982678,18.332155767801776,17.825402988805653,32.3007190925401,17.78354489507387,15.24199338971634,11.458662818589136,-5.027690791787375,13.493009225655015,5.227269480833788,9.144811272104794,11.732031744376464,9.01979703518547,-2.758589042331125,8.091578993900253,-7.933946507168919,8.526492098027138,0.10057488274114272,8.664496103241964,-1.7060662336161683,8.747492099279208,a0129,-1
194.5311951720646,76.5045259853431,569.7262552222456,349.6855610872561,373.79969676549865,201.30951083651766,8.312179269646365e-06,7.216360798603515e-05,0.05614883409141959,0.01800873054600498,224.3746896604588,0.004455830515777245,0.03968346632838436,-444.5432390626583,44.973460367349105,158.35651347545732,35.564460321555174,21.64747983824304,23.477627174155018,6.698148138975506,19.542340926178106,45.19475690570536,16.210657111962643,23.40859547777325,11.04395235216419,-11.221969766054112,13.537723522650712,2.9042849283863297,9.864240074457891,16.793852690596236,8.92801789397613,-1.2400106075239972,8.535665129766585,-8.124358675139687,7.7948210234341735,4.538184881493125,7.850562731618468,1.945801573616787,6.727398648591664,a0130,1
199.826462592578,60.459676235673584,565.7921291617434,325.0337957368984,383.44212582236844,180.75337602382672,9.038491930037361e-05,0.001844308523095872,0.05418797543174342,0.008276835234399966,68.60100020700246,0.014576046242051647,0.08125703664204609,-445.6593362613722,38.04554028758454,212.28446367251854,31.361855930138425,5.699318340713905,20.06554314844477,1.4633392989356195,16.82324000266551,64.43677855808738,13.417186914305523,20.814000430549378,10.447428615222194,-26.322598784821192,11.52637091697596,7.563292465061363,9.613282509982731,22.090857760781027,7.541059140976743,-12.219563970193832,7.989323198059621,-11.64642978365338,6.844809320207016,12.532784856333445,6.620547734888414,-0.7708939690667065,6.606986850470278,a0131,1
108.08936342977145,33.68473863329915,378.66487615250696,155.52705379562406,162.5114289446186,88.24112685855842,2.598021734303279e-05,0.0005424661527314472,0.03701243305903866,0.008349697513704932,156.6453039913177,0.006382848963041908,0.016099000001531753,-533.142137935005,39.26450391310443,143.48333358897165,31.874765812285546,75.46526035750138,25.72807770936307,50.02541038859634,15.780325060288046,44.75605198912201,13.643149100486063,21.353981223865965,9.503801504732468,1.2992003523988445,10.434579478916456,4.254901063611841,8.093804796121638,6.562328867207775,7.972274439337053,-2.1245630160149354,7.0691024495747845,-3.148976147787066,6.74648016486755,3.012462214651654,6.12246337011089,0.731470591083643,6.210695485613821,a0132,1
195.39434953975436,86.67196198915076,469.84580609059446,374.98348668919994,366.0467367256637,206.63331672962667,8.108420980770181e-05,0.0019107496933789766,0.052738263965707965,0.01784799844278185,142.41378379103318,0.0070207919343103255,0.04676888670809483,-448.9820877147868,52.29870801145276,182.8438555081838,35.40480343701101,17.88862356517229,28.93904134958519,0.07163523273635268,26.13438210244911,46.22469304374234,12.71698777344294,24.41583624277349,10.600518531980724,-8.99075827573833,13.747460028364218,8.531021760196493,8.674864948297623,17.773975247588258,8.443022525929756,-4.462941413888629,7.996443074213494,-5.8314130395949855,7.4606214668636435,9.317386865120756,6.5906052051887665,0.9849505523257814,6.008007024149802,a0133,1
167.16283275733275,51.149474225959686,334.3595313247208,263.746396521289,290.1676490213523,128.8391501816667,4.386131798723784e-05,0.0007649503982284022,0.05253324135342527,0.01650910888781399,267.54697573623577,0.003736661164640187,0.037287924553111425,-511.77334362559486,47.248659788150206,193.78118890466345,40.08034946140752,28.26886738134126,17.118339813545955,4.525627275151888,19.702477935383673,44.42660829383447,10.817552672541229,21.673937641824562,8.856544077190046,-10.019936279818904,12.60069331004102,7.437158891808184,9.376555825070332,15.803443950589386,6.398927593874574,-6.350477949573625,7.239657260268472,-7.5577417946478365,7.276649795459108,8.030405012222579,6.548640314670056,1.0716087901115936,6.17558122159107,a0134,1
193.2491674778339,79.33165317296313,619.0370291020573,355.81054745900263,364.7798742138365,204.9945089689728,2.779709765155938e-05,0.0001196181443154457,0.06164276589173405,0.02272771582419666,1725.9522947425808,0.0005783902588966518,0.014824257349186397,-539.3687614091368,50.43904932582029,153.41071335042736,43.58262179832547,29.320053809261204,23.53476118908146,13.003730610359781,14.754782647976326,45.59089697352676,13.3857435092272,25.037788543217665,11.637192405764052,-8.658133832278642,11.458384673210931,0.8226550762181333,7.005003483842237,12.138001056296918,7.977041603369364,-4.231241002540557,7.533209964451908,-11.033077955453045,7.975997535024286,1.1173624357965326,7.578260425538869,1.380359470220694,6.420571495025672,a0135,1
140.84847550112295,38.29824959890027,388.0979232339553,204.86647901271598,212.5843717549325,95.15386761783415,3.163415397370295e-05,0.0004938267534269126,0.04387280552310488,0.004108392380253909,2655.5554753769793,0.00037556903614371516,0.004288053209009449,-528.2556942394114,50.72061007343948,109.72599336124401,46.96271904215125,57.16006570783214,17.044354288692816,34.83461218225141,17.18877825977994,34.72047659851483,11.913322571995302,24.41512457781442,9.08283665936312,6.963092668214351,8.200321434572466,0.8348483452798554,7.009725805113781,1.6686559473162188,7.0000338781395035,-1.7382878856314763,6.319592313002003,-5.5371542837248455,6.236968339673853,-4.850533511208836,5.853185794762657,-4.190533592492066,5.229959940900911,a0136,-1
174.7247652532081,59.49081814228676,469.09924757507815,296.89210693862,323.73352323503127,179.09831740514923,8.189245789329757e-05,0.0017375045095867556,0.046489262176050046,0.009685834950326648,109.9257917437135,0.00909604569859417,0.02136961326078234,-476.9670180660062,37.143626420311165,191.25257542533151,30.007011632824412,15.975311534741305,23.197807108150585,4.0140134526286,19.203646305128466,61.65822820988774,11.057305526692051,34.3698355784401,10.194061400496707,-16.167977897282785,9.83905593842357,-2.3068806492893454,10.300317299054118,18.5263555584086,7.978813698679624,1.260017243925874,9.413510746010706,-6.731908995834417,7.235903167673066,6.24818350247642,7.13177673604567,2.999176882581376,6.864068831184713,a0137,1
266.36548120669465,46.5272802749743,467.64822645576885,347.93170504499966,575.3110752279636,98.63403766849613,8.529274920270826e-05,0.0016976406785655146,0.0937010234612462,0.015060469199263864,297.6810122571696,0.003358300441282108,0.15633241964008301,-472.5205356862725,37.42896076372786,207.1887011613462,30.451523885816144,-6.056726452760095,13.761063665082528,-30.284010231864926,11.605022091778277,43.41207087330217,9.754478613311726,34.36789897623208,12.154273810363284,-12.455343087340921,16.00006807225199,-6.8527421931348425,7.968533494894809,5.66932586827877,7.196002648586517,-11.049590292715342,8.738467280781695,-13.719300706137636,8.962213483157033,-0.2626506604468413,7.365038983521209,-6.1771354385035595,6.749254282418843,a0138,1
125.79325573442028,41.048961347949366,422.4375108992498,198.79062269407103,191.99980749486653,98.77356771501744,4.95742143265348e-05,0.001323901477359778,0.038640893705082134,0.0035654274257796393,243.331820835139,0.004108614367892975,0.014531076771994778,-543.4763673879197,37.55380444718143,161.56957514439569,27.601120156099174,56.343098112474344,19.45047300195403,24.51018332910207,17.660761802593868,38.45801079171919,9.61690036492066,26.098516792574863,9.139902671052207,2.277322127978063,11.406856509582612,3.221565822942431,7.741100409415588,8.852550003703053,7.41165379796163,0.31603085579550555,7.033075867813426,-3.40436893332366,6.740266617275135,2.335099575168764,6.146879683556534,0.002671392594626859,6.221090261420482,a0139,-1
145.7689020115554,48.319948529200865,611.1145687893085,210.05157084924716,238.22869955156952,107.78104118745713,6.629504235280323e-05,0.0018324714119057695,0.045755237528026904,0.011279106819276083,1572.8250720037456,0.0006347985905619752,0.009399721298787394,-518.6822559846945,53.36256290996467,139.01068100998546,45.77858206109907,57.8809228119037,19.451141936359846,25.987417225304558,18.65177764915195,28.784304137118536,11.048910184525802,18.358551062064752,9.131325326415055,2.635800877778603,10.85512811813869,3.4478290475139333,7.6471147807178195,6.045333509328825,7.8813291326634705,-1.2394164607500244,6.610501795826114,-3.7263340192462144,6.368800599648537,1.3900010238870064,6.539446692611167,0.03647246315499052,5.335283761244696,a0140,-1
173.78454522720907,52.803995738955564,355.3184258527956,263.47957760417927,320.61204663212436,165.09754411014083,7.731528547679444e-05,0.0012462911939779369,0.05157312580958549,0.007786539743870806,1264.9077642703837,0.0007895714453242769,0.010293200586770518,-488.7637190975237,48.060952273511425,133.6636544063803,45.19148884831226,37.829863625196175,16.85827290398296,20.671526988981533,14.603073638987215,40.51391194099746,11.899856311608827,22.85453369593564,10.981291771339608,-3.0133918357401472,10.888775671224572,3.4910047148822123,9.168467040540676,10.616568710096166,7.899142099659286,-3.0662526110984265,6.728546900022577,-8.270435055867665,6.470527790138575,1.4274772057596765,6.669615501419395,0.8151466783058511,6.270980400438158,a0141,-1
190.74009607505738,72.22303856812617,553.3329842174284,324.3468846565972,359.92152466367713,197.34141572797307,2.6960364914702354e-05,0.00014710971234457528,0.0531460201793722,0.016118366519036576,1319.9848244567638,0.0007565844074623087,0.07262342935507442,-549.5266892066612,51.957953577608194,163.67138918809846,44.6558990038682,22.190216969311773,21.714830926727082,11.243369478177515,19.936017770812825,49.27056518499072,13.396195324967406,21.355224841370248,11.247815256101692,-12.391199710057633,13.469422283207603,5.011069005250829,10.611954568383858,14.913996721179904,8.674950964120255,-4.9023711105960315,8.218372278587182,-6.519282956906748,8.510963335901513,5.979069084551474,8.54246263179468,-1.7977469345558847,6.640333278613475,a0142,1
134.94683566519168,34.54451676494945,367.33169968000703,193.26602253537885,214.2096412556054,90.33248165354169,4.7072801914955534e-05,0.0012543900282867147,0.04241915989349776,0.005070245193849673,457.2828078426866,0.0021858304442872066,0.008143210960950617,-491.25142976292796,46.15781760234503,153.20057592303274,41.98382070715204,61.3653357845068,17.92654823781845,22.428358397897135,20.37571089419527,27.621285484681586,13.444405188655214,23.681246164289625,10.022952958549991,9.344417503933443,8.927546430623739,6.217654894784212,7.224297678958669,5.796459081442969,6.592792360689846,-2.147185229780389,6.029321877459101,-5.715999606360278,6.161033877751735,-1.5820557610857442,5.810789582060607,-2.153052708136662,5.737559131130384,a0143,1
166.04267793881212,69.90785970570231,650.5340147706578,272.0621820619223,320.28496696035245,186.7171135486293,3.1089353864920825e-05,0.0004292081608321833,0.043672133122246694,0.009385898161837977,1893.8008901591952,0.0005270385895061004,0.013427946337565739,-557.8258293293286,45.20504305688549,130.17309675585562,37.346683680593664,33.25059975326619,24.45491852196518,13.979079322964575,18.052605111684873,42.046560762635536,10.068931220150523,36.17439220329092,9.575044528899115,6.560951974464869,12.806179764696557,0.9941767849532243,8.292688097876045,10.24144617970981,7.64372366388925,7.16318629230398,8.50379385553193,0.4371761438419614,8.062818881688823,1.935604959637018,6.80851999644334,2.243234626797892,6.395407329549789,a0144,1
179.38300895264084,59.064508970563146,519.1647657070303,282.1769145542874,338.670154185022,167.95888703065205,0.00018084905093499623,0.0043921233888739525,0.052490449476872245,0.010482608214205361,1651.7423859675068,0.0006044212598471277,0.020517079654728407,-522.3658039137682,45.57757110073198,150.85712399006755,41.22176764785817,38.67024065960594,23.62793132462239,13.97497074670412,16.31700536405486,36.82136523242006,14.66501276067391,22.46707604465269,10.294066018369804,-4.667015293283823,11.451253977231092,0.9557234652731527,8.403193908199464,10.982834193905907,8.10048411963663,-0.10734256324503416,6.347526386144507,-6.717403655461431,6.216273268010498,0.4776653082092295,6.646917524647872,0.01597471458313658,5.9319362023428255,a0145,1
124.26378917621724,41.67792281606284,380.38878863840915,190.75354155624984,189.04945198329852,108.58176244919481,8.592961719632e-06,0.00011862705760707177,0.03733771529227557,0.0066551654909650804,370.4285558369055,0.002698575799449104,0.005828314322034742,-498.6365065800309,39.939367259305115,139.6517755367593,36.35675123028529,56.655226950667725,21.848021670952633,29.243273210208784,16.74591998418149,36.71700167724295,12.010480275427328,25.62366148847114,11.014703020192595,7.960881063251751,12.386870499178858,8.917329101694271,9.88335265399301,11.369141695345343,7.450130001973193,2.6954538485112316,7.397231987590358,-1.0071319733099604,7.206131194360383,3.1684181990400644,7.10734410808834,1.3916557993085963,6.794484978590371,a0146,1
382.7885238894533,92.3114664696953,635.0413863978152,537.6591561574244,782.2169282511211,136.45427457796254,0.00010101894816131822,0.0014773775040144597,0.19350038536995515,0.0376673858920343,993.7515115111374,0.0010052877182901382,0.43108393305384934,-507.94608719840755,33.6368139653076,176.3605552192015,34.453870198319215,-27.962811677492674,14.159521419228136,-12.31063697567333,14.45139399506706,64.55907800682284,15.322266853147239,16.280855917562604,11.956948701898453,-33.349716464446736,8.841510005931536,8.53064773310052,7.62609471531933,25.44108234820563,7.437290679515576,-14.271870367244226,7.472450355634221,-13.566857576198217,7.302225439782308,15.744371348375324,7.8644841705724735,3.617288605937589,7.448466959432339,a0147,1
127.72966660658027,52.23564595805002,569.8193873204171,201.96020186670188,203.71370789007094,126.03731815065522,5.6582788861666306e-05,0.000994600618198233,0.0331161174368351,0.006123933592279975,3417.8424827083936,0.000291582218033571,0.02770537054132105,-606.1541773009719,44.4078227983048,113.3223402933341,39.532156205847,51.75835716469477,19.055474434923838,28.54566956214589,15.288456725617879,33.50405735018856,9.389399645135217,27.001400714912034,9.092148699904582,12.476136701790583,9.364114589962565,10.734352967396728,7.418887472624531,13.940614244796581,6.908507011107173,8.317704969084883,6.199649990607384,1.5559807766420908,6.081170835736244,1.5656061840173567,5.9279563050855275,1.7157691579930465,5.63098489361492,a0148,1
153.7518326574317,51.93634783041895,426.0697515446642,251.34685262296463,255.2292783735478,157.0028463428669,6.113704714654182e-05,0.0017639091337327325,0.04832849851988383,0.00923494795604516,723.7335313569037,0.0013807239630053505,0.005674611205285855,-494.55988024594905,39.51698651963786,124.86046749146288,35.706943474241356,42.11971678425301,17.378363120220566,28.784396860498628,13.830627716499576,44.97846519518436,11.276444237072878,25.20045623695365,9.82257079913356,-0.23411701075337368,10.75873334412624,6.061123407273242,8.467681072972661,12.66338555071991,7.558074698583256,-1.3945226853560897,7.117888367149197,-8.108842903275603,7.362350487583299,0.030475561876066485,7.782396821322045,-0.3759101711399513,6.631487029793576,a0149,1
142.41664940776525,41.767857658674565,323.7023017918,222.4736765298367,229.24761323268206,124.57952492091964,4.376004771984486e-05,0.0008193194687788104,0.04240154584813499,0.00712959562765915,159.1773515788585,0.006281300424598159,0.02767519410593743,-514.5089352832176,40.57191908610087,168.65057299911058,34.06602777039267,38.51364207672143,21.50738318797573,22.699957196328985,18.598126707443623,53.07052722128418,11.315599648780712,26.575708982021254,10.470972030104777,-6.28749038461809,10.524845365569375,6.984381365326807,9.023260720924885,14.953496056837638,8.118994324380544,-4.805211378818812,7.540377607223266,-7.28281034759546,6.5526729170386595,6.979587077322272,7.349702088776056,1.395409416775098,7.014351657115996,a0150,1
208.58056941223214,61.54342053273385,406.8578252281307,313.03868116420114,457.27341644204853,201.93894169234449,8.873275559953652e-05,0.0014298280733618328,0.06138085762017071,0.014223122778848855,1098.3985799313175,0.0009094162810889676,0.01988779833712462,-527.6683048609876,28.229444990614322,148.50588588670252,26.222289882954236,12.87873436197947,15.057624250131056,9.764495143879714,13.575106595394894,51.83429531581528,10.332446992201081,23.17337524831889,8.484487478164887,-9.870197179993701,8.832561017507317,10.971848980400154,7.891604085925765,20.50718573086519,6.806328531220444,-3.5494733972584402,6.992069982930246,-5.646428002484603,6.65006844355091,9.152981432212561,6.700348115834242,-0.8987151428138314,6.558720029602318,a0151,1
186.5506141867015,60.22951887980765,452.8153608194886,312.9997373605138,341.60208894878707,175.54986902717656,1.8714318579401257e-05,0.00018257104688232826,0.06191695796832884,0.019204688589003927,594.5817443047324,0.0016808544631078644,0.0403084997741538,-469.88805799301275,52.50024302978659,174.59238435905894,44.03609926151422,27.147980205007183,21.259977567774786,4.913052677474665,15.019920780775422,42.33334478917939,13.901020746142061,24.367193800346488,10.177937484642378,-7.480786661427845,12.496143974138585,2.5701750095174614,8.73284211593655,10.202985747495369,7.902939577335129,-6.862394651662106,6.830223062304024,-9.11829883993152,8.074667381873065,1.8288983345432173,8.364691534085162,-5.190847684474254,6.432554418551712,a0152,1
149.05751180228387,36.24545605815045,504.5076589274687,210.90437591384602,227.10073068893527,85.05424118116004,5.6178211534483165e-06,5.44979686331415e-05,0.05098971245433194,0.008432766329396645,226.78484587581448,0.004408465519647172,0.030233260369508227,-488.40302368188736,35.62967625300807,159.7591233987752,31.586897458736356,57.263996408256915,17.84098080534462,30.557302605937004,18.54004752496768,38.62041065515764,13.860671184595807,14.355449923282917,9.564879193935804,-8.745788406653343,8.068444259850217,0.264915403647944,7.484650504222553,3.466500741585653,7.013008633835847,-11.04589573575068,7.098984150178208,-9.878188476093731,6.954359977719094,2.1921556694807016,6.5936635442206715,-3.0438555118951087,5.85928882828122,a0153,-1
137.1473082633841,57.55501912621264,478.8279758528703,250.93846402057576,213.80343264248705,130.32112045593087,1.0989916403482227e-05,0.00014142642086584334,0.03946324481865285,0.005115344006455216,485.4181975043753,0.002059079263784405,0.02290548196568133,-503.71575922051983,52.6074226483651,138.23783140722068,41.39223439347192,54.387298057044354,24.009220954295238,31.365740538405788,23.14879853104658,40.972745973950225,11.499445285943303,25.103389029110684,11.012424329628102,3.3299168835787816,13.203162172272863,5.45748397075535,7.8680350548684865,8.607618337240964,7.417978693968827,-2.419623425896427,7.170735708243048,-6.671788060590724,7.0414731887865045,-0.5457338866010989,6.9041077865590825,-1.9322347771350241,6.089543354026196,a0154,-1
195.67471114349993,58.4102486622333,467.3212446102172,298.98607926261343,356.34651969561327,172.55766712365875,2.0235622290174558e-05,0.00022145072314084884,0.06766957391450314,0.017806171080100398,826.1100628777233,0.001209492407826497,0.05108947446376355,-504.1354967675404,40.33579201925715,167.0765100369803,38.452197067704994,29.29921252114589,19.308184589256008,9.135520440766662,15.783203000876373,43.691168600534596,16.24051420371073,21.293993059148235,13.346904053418085,-15.095333656929599,10.932441412968949,-3.8953704844207975,8.357322114241567,9.96524584320379,7.65080971031174,-6.04596243751846,7.298284036338562,-11.827712680631105,6.785266312157209,1.4771789785103882,6.681302197302278,-0.5166332350152922,7.0440160510802325,a0155,-1
198.67016442252552,60.1382310266607,629.9109338843182,303.91668864672084,409.8492873651772,180.829094942272,2.9277153597775697e-05,0.00022856338745287207,0.053810248940677964,0.009989172045557595,458.20160798929345,0.0021814451387642693,0.15568158160044404,-576.686018922582,37.56557248202676,185.8676482891959,33.769003474161444,5.960514996057475,15.333760783766405,0.4158188551572657,14.933437060878731,59.134516176378156,11.153120434311038,27.894808572325623,8.953133783703677,-14.704519183464912,10.539216588869145,8.38766079557814,8.994962889501673,21.076392204070068,7.841820287602914,-5.3369093523373925,8.368313065613211,-6.151162341999164,7.008100758759534,12.234489124154992,6.3711462653630955,1.116512279096518,7.01360959505852,a0156,1
212.2078842347146,76.99390722962912,605.7586018694368,360.7171601771616,402.0101201067616,191.37645223001226,5.1370335629400104e-05,0.0006597910157823375,0.07420962730760676,0.025312102761430644,987.935318575315,0.001011211901607177,0.11719092282801727,-563.3890083606333,50.559214454190304,193.11275686926356,42.592040463318874,19.769027213763298,24.308857313032107,-4.39138658620654,20.451184279312926,41.864744441672116,14.620048939357735,21.121907338639293,10.610579414332067,-15.491568853773707,12.609372301867644,0.07920281348106144,8.92705835769923,13.047556646865381,8.297278510454191,-6.310081688518344,7.791135938166573,-9.520808435014544,7.116151975657774,4.900424991796626,7.484324693709454,-1.453153583729613,6.7350806300339,a0157,1
187.8054664609059,82.68269932850403,606.645339975595,329.1850667215331,387.2527841781874,212.83986795252858,1.7899467289004037e-05,0.0002367530729734328,0.05497776857718894,0.03456212403637332,186.0393556748499,0.0053742065659941295,0.08191579712918,-450.3529917702463,44.05728946888489,160.12411551066117,37.34242627386168,13.53139518880221,26.646726684915603,16.23286558271694,21.445553034923208,60.126261618918036,11.554893751714754,21.06913186167008,10.479655117236256,-12.936312987444348,9.381984223610422,17.346015108232173,8.698613818833824,26.133338301174877,7.669139807680788,-5.292291267395302,8.215845116579366,-4.851113713336998,7.524095029165297,15.678101749381694,6.650417745062339,3.2321400165174654,7.059114221852809,a0158,1
143.09083959887133,46.99533594744481,410.48399833032903,230.2644719625859,228.7376902417189,110.53399248247878,3.2122269813477985e-05,0.0003750199635360957,0.046447917832363475,0.010107919427333247,4805.190506032851,0.00020710828182621185,0.24003555032212606,-634.7235800095464,37.72229394227446,125.6769708927555,28.93106114790714,65.97158894052805,22.34428546360746,35.41380098677448,17.928991448413676,28.01287470416797,10.30189715556776,14.528639631121715,9.193665415709317,0.31458581874723696,10.404462559910009,0.031131094268472187,7.411510254698582,3.1083323227639146,7.567398135220353,-1.525153382532299,6.430578911491337,-5.478002354723961,6.466883148119521,-3.5915728234682525,5.814555976414154,-3.243433238646292,5.918251004703169,a0159,1
174.23376976005318,88.71838418777175,497.89447908775463,356.70858972107374,339.6436994609164,225.08733457910427,0.0001644131230103956,0.002865813643238971,0.04922120676100629,0.0163528799153063,3162.948572104393,0.00031516067844345125,0.006037973512519059,-507.5377668808064,52.54546432735525,127.54691576474112,43.94735060558005,39.11342133776942,31.651513612479558,21.398593480868033,22.19244643755608,37.56747313721709,12.44595488211229,22.08014123413948,9.324103591102478,0.9259386592151976,11.227606240899101,7.513331348851543,6.880580705221609,13.170442782922166,8.038829311746166,1.7204643882149322,6.516481794036582,-1.4143076391142326,6.573426929627352,6.095672864669096,6.779809034592098,3.2117153591346357,5.799692278815756,a0160,1
140.9859142794581,58.59750287708071,508.38754246991016,263.90579918904183,238.1350267379679,170.2452244835603,7.754477037867046e-05,0.001587911728441807,0.04795339655748663,0.014617398886271855,2047.1152804604083,0.00048749225797369223,0.0075092954458202705,-485.5117182950236,59.70215488535486,137.21978361133208,52.50640162716643,52.73519385261315,21.787494408852442,30.44234513583073,16.905172875055722,38.47263527119909,14.453575822144657,20.098863092173964,10.162423388293991,0.5303418534644688,11.366815467300347,7.662465340031494,8.120420415280897,11.690126090854664,8.239763649112737,-1.4517712834687935,6.618616228717672,-5.0413835661438835,7.258843332209573,2.9772800169046785,7.801007578231628,0.3299746374752258,5.87544854299322,a0161,-1
166.83797079662835,50.46542756796572,374.0367301301724,264.96444440662157,292.05426356589146,143.74644931152505,3.193070803311242e-05,0.00028678222606891225,0.046370064195736437,0.00743109426382301,867.3579306330207,0.001151926478965702,0.0331687539522407,-554.285589449921,45.8833472145808,154.56232620308228,39.17727738048686,36.213967445008045,19.066243943517513,14.495584822237012,19.326282270058986,38.80490834019122,12.436844538163273,21.326873576220397,9.319536327978627,-3.4514001509074026,10.048196890820758,5.590930846761035,9.16319822412449,10.355757703698302,8.044219288064925,-4.732693957569975,9.05150733321222,-5.613066673711983,7.816015188667657,4.132480807732087,6.903606877948631,-2.8325583121449034,7.352801640709683,a0162,1
135.36190476328062,39.74097975195738,357.84384710009334,210.63300980817496,206.9823199373695,90.60847138747015,8.429933499327019e-06,0.00010220393859308196,0.04519914535490605,0.004771478353310114,725.057942745613,0.0013782000707830994,0.011781927872181583,-507.55819174099474,45.89861626234561,133.8593483424029,39.53076521453945,65.80836978663874,20.039614240015315,35.01966735384844,18.3912076357298,33.76386929901499,10.628877682128726,23.089430181216922,10.371593635061418,5.156935201462352,10.620311562864597,-0.2843525428644147,8.350524750953236,0.5985108157030037,8.404089857134235,-3.5692339213712727,6.244973334719405,-6.572321108523591,6.155209581071513,-4.4952474690366255,6.275093332553846,-4.334276307805793,5.42590300155701,a0163,1
222.3664622347427,96.6945731538251,705.103042324085,386.37024568574515,433.4251101321586,239.97006728432572,5.2527610480873414e-05,0.0006996789511608614,0.0892771716685022,0.030923622272988185,2252.2235582803273,0.00044300563552890533,0.02179012504417536,-501.54376124253986,46.32477805001191,163.86749463920896,42.665760163235205,11.418437047650292,21.84217910972354,6.8940837490056595,20.957512263178433,53.806651384533254,17.33073468643758,22.677230404477847,13.425534480715884,-13.752035680755661,12.007748881456576,9.123586241029052,9.42729681373397,19.206529708014344,7.867720275569693,-8.329469910438903,10.354463169766763,-10.956734716610756,11.05443541258176,7.7928876297836585,8.361923140486708,0.5310521735674245,7.3027598135926155,a0164,1
168.2460748033571,72.12478504107996,689.4190015340919,297.75024282423374,296.17875647668393,182.41192796577747,8.522176496805741e-05,0.0016120392997416555,0.049017871599740935,0.011762912263945793,2262.970211874101,0.00044089709366296155,0.004092286427239695,-540.8114207158213,46.99533994928795,130.50831771787242,41.977485349735225,37.088912458562525,25.34847676429984,23.474634791160025,19.7412391376211,45.34948706987564,12.453967931904169,27.185362269044706,9.803818290732858,-0.5800001777956356,11.698969890892258,4.146420940303628,8.617485426349939,11.479977985783387,8.577956797040066,0.1832591096342262,7.9048748899988475,-4.30267620079859,7.4370708155516985,2.2056067831580948,7.2354648397022245,-1.1369607448874832,6.454401157146217,a0165,-1
248.40642322380594,88.9907955634967,609.7985627741498,416.85912039988233,509.62399283795884,204.5044836971056,3.328451022348423e-05,5.954239900414842e-05,0.083729961671889,0.02127529444851241,846.0700517713731,0.0011809350969707107,0.1656520038601543,-533.0753937342453,49.44550108350022,183.92144827416456,38.076086507729336,6.06134992202,25.193935663293228,-6.517515846033036,19.27664205181965,46.97214621661084,12.472767374846175,18.843372747577387,11.116488498224774,-20.142494667046083,13.069328842262728,3.0906696109331535,10.321893410118722,16.706267515479414,8.222382566926367,-8.731941729536201,9.698153857335216,-10.901057921001998,7.133361907174847,7.868337514826119,8.239923833015963,-0.31046042776154825,6.873715476237463,a0166,1
129.81228182496315,37.57572101255658,324.2251884399339,194.2708137150706,194.59652964959568,100.40846116408538,4.180224425744083e-05,0.0008189215898200351,0.037935899595687335,0.005629762753638201,497.5228414844454,0.0020089578877747517,0.0038903257985023866,-518.0965132122379,35.69820099433863,137.01592183610086,35.45767515077282,49.54087834050312,21.05012099639973,42.730228334455475,13.95884847084195,55.46652795858587,12.37182863008243,22.289909126729302,10.333287913626886,-3.0818069328034,8.591725041413198,10.214225018080725,7.196906822192459,11.574839811200178,6.882553282567459,-6.253129996611122,6.6208552208704115,-3.061568995224258,6.303376356629322,8.30714714604072,6.455798063425851,-2.1791487380689794,6.722270298667805,a0167,1
155.74790236080844,42.01184726740477,484.1271097899613,231.96842627354715,270.9035265049416,116.03083669531435,9.69558937153259e-06,0.00012938895906594296,0.042825292705525604,0.0073619953299525415,293.2288322708229,0.003409305698065304,0.05360153396374094,-492.47437971088084,46.00670280378129,175.81226088929577,38.278585609067065,39.51614560518682,20.114616685866938,11.122392032275163,16.739108462618084,40.04358090225888,11.561928295527698,24.1921085668357,8.981763883953564,-5.293741895173469,10.651539182164434,2.8842650536155414,8.38669643096899,12.20504441337047,7.366236838421633,-2.2386450637757997,7.507185835023022,-6.7537608679907395,7.450870374923536,3.610178808014048,7.300246257621722,0.6300426573010726,6.547079411730566,a0168,1
124.90447389024465,38.402782175090266,507.6918472750589,179.67629036239396,190.28666891284817,89.45812424865011,0.00015128175571650057,0.002958610855789474,0.0399991401336478,0.006821155251504029,1903.1891715335087,0.0005244338090754565,0.051067498077810795,-635.3444695027276,38.38733610234975,126.3213511182699,32.582976179607286,67.91075624618959,19.871939021789505,42.119776903775104,16.0093701689834,36.511970627208214,10.820605269551585,19.567231815938786,9.510147760355407,2.8830479469379684,10.172184014309881,3.513813664167239,7.147512694556639,6.356130856237392,7.258041198781165,-0.2204557942659902,6.70533906558004,-3.9550381680487856,6.19546811221266,-0.5296044946368558,5.899449546617309,-0.7454833227872681,5.647282089147155,a0169,1
167.58750141723252,59.217695289465624,571.714673073938,264.33753035580406,291.90532345013474,155.51574375715765,8.386956280886428e-05,0.0019353963807122298,0.05073737926774483,0.009294414716167808,385.31204832402034,0.0025942989740565005,0.016814934152024022,-481.8759346480516,40.353721524497196,168.67777046482908,35.20556623994359,36.94074223591929,22.409668515014356,19.070201497894843,17.644150531069982,47.22360574718791,13.101281312652684,19.351154487425283,10.090052892120672,-12.329863867171401,10.047464357763682,4.6573324294523655,8.516985929818247,15.518705130075857,7.875205187797266,-4.876379807992337,7.416548385130635,-9.546101390255679,6.333841945089581,4.528052983896009,7.1959152574835965,0.981755615717829,6.277437040961732,a0170,1
135.42500772317504,36.34318680083726,436.9351824088942,193.41889514334358,212.03953279424977,92.99968987968442,2.3159878546564856e-05,0.00041833347541716425,0.04198297464622641,0.004741581417765473,1126.1323883259915,0.0008869950207590443,0.00911151186379752,-554.4608386699352,41.99198040380345,144.63861695305528,41.993418990759416,65.59611834243249,22.86945277814359,29.470555549147445,17.42445876844918,29.233710905245218,13.118749864558072,22.07249302285379,9.80400704757146,8.761100242440689,8.898126996689115,6.222625829414283,7.887748484015549,5.140573613674511,7.790456044199712,-2.7226340760539474,7.271631366602608,-6.197295029433158,7.092478911578098,-2.9968560884949538,6.66730616056995,-3.8080884380941966,6.574036939667353,a0171,-1
142.06231782646955,34.65263559771269,316.58851969941486,198.8413568316586,219.79912712623099,100.53150495767267,5.942467130283636e-06,8.323502666705482e-05,0.045966193626902414,0.005810016437222652,277.6144847003822,0.003601117391301965,0.011347988762709905,-481.3566046263414,34.60762524996838,151.35754000751237,31.77738587592985,49.84721033847294,18.744698356300393,31.185889093194167,15.116039724970818,46.29716101320519,11.750871074846344,19.236507744842168,9.891009350012713,-9.73837130965462,9.998654047646625,1.6228555729468241,9.860504393081811,11.233097480211953,8.88656985434857,-4.62312725994601,7.445813851874227,-10.280025316632306,6.00035181702849,0.9533131099112877,6.162603221056821,-0.21433939630805945,5.862827061124437,a0172,1
152.09328335080593,56.92944484608901,473.97193988492666,244.27812819347704,276.28719088098916,157.45763410905334,4.416179006719197e-05,0.000806495580797953,0.04021414943972179,0.007178570637795234,377.6734230971118,0.002646790139242631,0.01989511316577022,-462.7178180029431,41.662015688741455,147.07459687664274,37.7756640019255,36.50616788831789,18.16321058529863,18.727625565965308,16.25804493295543,43.7736454254063,11.647996703304475,26.61559228453342,10.237578407819239,1.0562302963309598,10.932198228795592,8.973752014424095,11.953768073123715,14.505123738672872,8.40613557490369,0.5375231128203648,7.1058190597841175,-1.0952190586435013,6.7308712595936555,7.92238947906148,5.866486288129165,1.7341178690852643,6.163431908488725,a0173,1
147.48773359202386,29.174222255789548,256.4124021651573,192.2599070350423,220.7916351963746,68.8655763112291,1.9905095468608852e-05,0.0003675450343996738,0.048337630995090634,0.005809219268879226,481.37243057727375,0.002076393504394897,0.02488232987448625,-483.6260536079284,51.62920137582856,166.14137199243933,46.63232058061448,48.45794818901884,11.749415063647284,24.01905887303573,15.454402929653101,40.94920329946324,7.582503095905363,15.96974219465027,6.70776884043796,-10.000640131392366,9.709623275493167,3.6841879626191343,10.76614636169405,10.750979718857309,7.798820037851298,-7.9933291635677195,6.98335807996925,-11.621795533847889,7.214864354803899,1.3434707968564723,7.586143481202675,-1.698705147798057,6.756612977310849,a0174,1
164.0094976925234,65.0947335549397,485.6630884504539,291.7874412969578,275.7338519874477,162.02323124476007,4.1739825623655205e-05,0.0006600271950283626,0.04679787607871339,0.005618390163465412,2502.888872390813,0.00039853829748577894,0.012602854975769942,-540.6130470874772,54.803584040799464,128.3480512698453,46.78946817111822,44.67256941915626,25.685877342673155,25.95201457596617,24.62956575878898,40.06393649148029,14.063062442923945,24.39909499260976,9.729312004403061,0.9994787243220574,10.829696272457921,4.115964328340152,7.991790309885155,9.606803486222223,6.661564104957988,-1.4024641420098138,7.7663882391083074,-7.26360871483833,6.873994436321821,-1.365044012901622,6.466493765030691,-1.7644527620476924,6.165501959012902,a0175,1
183.60179271673175,74.58961110026756,549.2207633474166,342.19003785510637,362.32483183856505,208.39154460414113,9.220322415787848e-06,0.00011525584391406403,0.06076364559977578,0.02742655285818993,265.3159873133756,0.0037680904582426816,0.03752179336041784,-503.47190597758737,41.93696837720048,165.6808506536735,30.151543905419103,31.55628971037239,32.392756811669486,12.750272291063853,19.115610614989905,45.93248903903761,16.61878320367945,26.459886913741443,11.692136377284475,-2.877745220127401,12.824235642484421,7.627820064015505,10.059601712003007,12.219551617219986,9.87595551257236,-6.928887681771941,10.299531806847721,-7.304563079445906,8.583566159587242,6.864006030584284,9.564078082934762,0.28437137261525053,9.46133641395246,a0176,1
133.12729630955423,31.603553888663704,272.89970218633994,189.2766239705832,207.0207587287377,81.15058414464565,6.065255021018588e-06,5.295184519241119e-05,0.041445329985452105,0.006959343822766082,360.6071184169222,0.00277210100680071,0.00472943693172814,-488.2899802550401,25.622414968749613,126.73630789325128,27.081710035380464,58.04763845040574,17.59150569602891,37.16688742406486,11.827968622148731,40.49727532583886,9.025847260120766,21.14912942004368,8.89441037857123,-2.2227696875408305,9.295086933009632,-1.0350171353495838,7.879519386986819,6.377681547869687,7.422983157139392,2.2156813833607614,7.231660374355344,-0.45389969133099184,6.907471684731937,3.3625449433530723,6.29001553517781,1.9470889368416564,5.904602933388525,a0177,1
181.45514359860695,96.69825607107195,741.0846921675521,367.8137960148326,329.8136210762332,210.51978516398898,8.043660844848242e-05,0.0014993875581232688,0.054287240751121076,0.02385150442921342,873.2187237495684,0.0011441884127122055,0.027279502957350234,-492.5448415295009,63.4230067863414,158.0465855682228,48.298895738755554,34.19338494076259,35.305975773247916,14.908760320584632,24.137647899911045,42.154970291857424,16.866848968670524,21.265514625795294,11.081901003055002,-6.2336899466347875,14.000753593596112,6.062829891934526,8.892134119052995,13.487338071771248,9.957945957334095,-3.9118976109859553,8.251068444244677,-6.66210302083192,6.607514995059474,5.297077896107732,7.821686670030969,0.6607185220781803,6.012407436915599,a0178,-1
133.0649683970231,40.62265560914097,321.2201741054648,201.5971894621433,196.20304404145077,93.35498777003507,6.590141431026179e-05,0.0010691768508097595,0.04333812338082901,0.004734682638877448,1057.4089014549634,0.0009447079136550154,0.004099384329469018,-503.6723711872441,40.320498452774814,115.27181725696184,38.13412577770894,61.43354458060261,18.5333282314909,38.03969454148807,17.059180770600793,35.997693069324235,11.832270398973701,24.019564176537013,9.670375460340312,7.547270467685891,8.781772516848825,3.384106221332285,7.961443567091883,3.3909886063716512,7.276268903548957,-2.3120488573789415,6.5001668531830035,-5.751704065655938,5.586236535215621,-3.2072636882957792,5.593364487825537,-3.094911667553239,4.990374414747488,a0179,-1
202.12397535550227,91.89026931358853,668.6804135631203,393.63483397333476,387.12117007104797,203.56144409051853,4.1589112753638645e-05,0.0006223304926082306,0.058963213254884544,0.016238546181626002,933.0933108978608,0.0010707041342319715,0.017840468173999927,-485.9737563021756,50.50241880228322,155.93172209242238,41.290056846606774,26.183955251661125,28.31727880286975,2.8854316476935717,19.113765131886765,38.84964949216647,14.880761499694772,29.206368873864122,10.915823006817995,-2.4754241269763924,11.16226037097299,-0.20471996779391,8.64142066821881,10.152835175282258,9.110339883714497,0.014255072124360781,8.77893569962935,-6.3814992243890405,8.187612861859627,-0.02708190771164507,8.301491335601485,-1.329929145274993,6.01404464736219,a0180,1
226.48972328998246,103.21074378765171,589.9241543888411,425.69159246286404,433.93934316353887,255.56481547609746,2.561008895119571e-05,9.898539086041362e-05,0.08634025566912422,0.029658769594262026,1666.1590483569673,0.0005991827754125907,0.013217905275188502,-472.08938839534824,54.868452924501035,157.39399436132317,46.80912444612986,22.500277439880847,30.899821683914823,8.364608524386346,18.87424329924249,42.504822861650084,15.011256190763454,17.80313054970661,9.194406822919436,-12.32368019409047,12.506112116247005,4.172859816669986,8.540718827492709,12.20437254799649,9.0368984278277,-8.749122197810385,8.23641416313922,-11.006668607714063,7.982410690245597,2.8408497574002536,8.749914185054772,-3.4047803461491704,7.652184344106466,a0181,-1
203.40199865246083,74.6366335271905,474.67767966208197,331.7930735059952,444.5794235924933,242.95541007364116,7.183123754542446e-05,0.0015688240468152057,0.06646297615058087,0.017330242056190763,378.2838600262847,0.0026425173987713814,0.007440799156611084,-462.79021645264027,28.312548872115205,156.86646435757507,28.364024103177602,14.10128695408955,19.085725587246863,15.489331066802707,12.169522309967476,59.49698916140174,10.501803427015727,23.6765632681529,9.940500879119176,-11.524577007301264,9.804765446150471,13.33726672248554,8.51409377220604,20.102170443737208,7.379196106565083,-9.504275529548737,7.407999458862309,-7.790043069915628,7.497914598447772,13.582738603759372,7.108733775971501,1.9546185984549787,7.312187446733194,a0182,1
203.79023466785225,53.070957542092344,397.92395075621147,297.9065910544274,429.79260089686096,187.28219760186195,6.149823110073685e-05,0.0015952975572287454,0.06160182525224215,0.012751865763949466,292.8223895964929,0.0034140392663232493,0.02690408881992073,-466.8435744693281,35.2449594047933,184.40837026548283,32.353479324753145,11.399207413837114,16.291803699659848,4.8144462973835385,15.19355552750218,58.02778430879039,12.501699023767348,24.204644611351497,9.616668786135234,-17.989183000143658,8.503003348297279,5.8369929593054835,7.3514675260623035,19.251902027143377,6.732071792319759,-7.570787084219036,7.301819451458437,-10.950877687975469,6.554705307137712,5.7052105756729485,6.29657318774604,-3.485593187129188,6.083774834661075,a0183,1
244.2190234796505,87.63452108616163,709.6606847730048,412.5373528692462,520.1103436657681,187.3674832684237,8.568289320524079e-05,0.0005783878284586774,0.08080155337488769,0.026630333152742464,3331.285476529145,0.00029918438423649226,0.43652424188472855,-612.0542354916417,42.832944334892126,148.74850827102344,34.02046530247183,9.07597734204028,24.681069782648056,0.3439147615233743,22.759628889609473,48.558897225713515,12.566531691921586,30.180425425964287,9.746381605800542,-8.99292143553867,11.015184258040978,-2.6303631890684027,8.183772231251242,7.556086091199151,8.280878316442056,-5.826836419793413,8.237838907391048,-6.251862061254282,7.410202569890307,5.170803390805118,7.462571843735515,-2.5522866165802323,7.09343720923595,a0184,-1
213.9471798074669,112.16135250611464,603.5934636820933,419.7475380123651,393.2174887892377,236.33467211391,3.045438244036538e-05,0.0004290996774183403,0.05948754554372197,0.02427791425189168,1197.2956631020925,0.0008342155553503117,0.19280517614970186,-490.0276841607861,76.72304157059881,147.96333398223186,51.754085863369596,24.247272872963133,40.74744959664746,6.3808653588866795,37.59658314012999,38.808308745506324,17.604375401195224,23.817113713871894,11.455978989132811,-2.9935792493887474,17.920642316040738,5.864747349225604,7.379480917571278,11.981210936663237,8.14774571941766,-4.203788376011111,8.73098521244203,-7.632112441229659,6.987514985182018,2.2910973003587034,6.867843330010873,-2.0382572324798374,5.076247871327194,a0185,-1
249.22888284278596,121.49603472155991,621.9514170730336,520.9213084012331,455.82959641255604,195.59499907464345,0.00011433391005104618,0.0019895435124885523,0.07802296454596412,0.0413802524769706,6952.026928994141,0.00014284293239561475,6.196652171812956,-573.1745319104399,52.431610684611606,112.58432404791246,39.6983868125906,21.374362391881377,32.87554334462379,-2.199224334266981,37.802727373380975,22.97264324516747,17.268205977539587,27.323602659213616,15.274994157786324,10.522837093042693,13.961555431374594,5.28261217234135,9.926872242367788,6.6305167440057655,8.957078470490941,0.8367665470982043,9.263168631708147,-2.108168707129455,8.377899763701892,1.6425108930516608,8.907020244424292,0.7878264524845772,7.305003757870223,a0186,1
154.8906582930764,44.31478959669074,505.76291741369147,222.69107578852845,260.3024283795882,123.84555548785406,1.0552073358626182e-05,9.850155200580212e-05,0.04580445319494181,0.009016249564307575,589.8216213355112,0.0016944277856555646,0.05276641668919033,-504.8398530510433,47.58260598259689,144.09536161841214,41.670414509080764,41.67579467911781,16.339975935745706,21.028696036846846,19.506451233536733,40.55049617920174,13.170466587795437,22.73158314025891,9.435550849440425,-3.2059212666395194,10.429434490247639,4.212898529431756,8.529320972996347,12.4487052388606,7.36589297555173,-0.9616268239763204,7.480512769827353,-6.800369547488323,6.998437149231715,1.9560337654757682,6.90473528359778,0.9923436981902862,6.441162324766985,a0187,1
153.92567702309415,49.624673625949264,423.0912870904429,245.89144513392532,266.68502202643174,137.54057099710167,5.3756403163362956e-05,0.0011468076433640364,0.042769995870044056,0.008129216242120846,280.4723557758735,0.003564413639367926,0.034488515111945714,-476.1271829972651,43.627554029765804,161.9562223676775,36.69764878415135,40.972669964400055,24.125945257465986,20.937383737944565,17.339701035540465,45.90605969428398,10.847239488766606,22.136962170189005,9.472484532217536,-9.103431962892175,11.801636673951066,3.0131090548575252,8.692897009716988,14.474078832132815,8.348685470738161,-1.8592612937963848,7.804202205969056,-7.50018866977073,8.04302282146993,4.566069375059436,7.038193024148369,2.501427917469117,7.004015850814594,a0188,1
180.91483964716764,56.51177899450129,375.4570536593687,279.69724791804987,336.0970803730018,159.38560606124997,6.161109538579639e-05,0.0012298749086522749,0.05604219860124334,0.012970141546357747,1157.5598614330625,0.0008628861706267064,0.0236608704650932,-505.5526960459237,50.05686635876165,163.3703885955979,45.03220036384514,34.64462993641251,17.12270039936101,9.534004788099853,16.625765633496997,37.85466962985537,13.273077826583632,21.629063393467703,9.717647232197969,-6.739294110609972,9.256530150766089,2.9831596086553307,7.312477597706281,13.072209428460102,7.235856353643274,-2.3572392068755907,7.932019393670651,-8.436284614744238,7.995827645075539,2.4308830618073305,6.827339508006897,1.6486017791719305,6.0621928866736745,a0189,-1
117.0268442158849,30.16035975021216,373.2466201733938,158.92648333679912,165.62780772686432,77.89805869926109,2.9491703073729416e-05,0.0008742488156850612,0.03466445909141959,0.005153409786355084,88.42484627227783,0.011308038189495056,0.00453661154268225,-486.06950334629636,28.846210698132808,155.9509437189789,26.503240858680872,48.654036689543695,16.251130212020783,32.14322689420103,14.162224163463513,52.22725780063347,9.908248840529566,27.74410449554362,8.918023277867055,0.19890010383892878,8.517837809435385,9.884645824821193,8.33453018943973,13.993982523158335,8.269940629771533,-3.4954102718170037,7.809752702051106,-5.199528623780084,7.062245000299653,5.981683121782067,6.505056132276932,0.14350649307911423,6.6186591275467705,a0190,1
172.42671278550523,65.78327540746271,547.6123743009466,297.81885810355374,321.1820892226148,171.82385465652717,3.0100045173411872e-05,0.00038934532335634065,0.046351779897305656,0.011109919451504423,890.6215538767876,0.0011218113091822713,0.051850477061759014,-516.8063194546445,50.24609228748324,165.4216149080804,43.59579917536003,32.605414619642865,23.66507481511186,6.518930418050143,19.852842776271928,38.46097939728824,12.393470211517139,26.468417131797548,9.72672406705285,-1.942065013426439,11.106419222038754,4.314430255869944,9.139234904161995,12.828457055732935,8.142022833649763,-0.6497261298636615,8.129052049596003,-5.287297519727396,7.969336575552346,4.042974700606233,7.926204981337562,1.3862702110813578,6.478968880717554,a0191,1
259.91089043546845,71.9683497117447,542.4579896655271,373.6222129879427,565.8909870766488,193.82028271410996,8.985782101015281e-05,0.001596716021207991,0.09164499429032977,0.02057476594244623,721.9829402115155,0.0013840741866508136,0.10957268089244658,-498.244901872187,48.78714332722089,178.95436736125637,45.18979054745989,-0.11614632311178968,17.798924027643398,-7.187029506034465,20.751194144440685,51.43434497958174,14.927934902740878,21.487991562300092,10.544805486410707,-21.15188410947864,10.576736635704052,3.102539809724794,9.751043544906514,19.771608347555965,8.32573783261879,-6.088247436854693,8.845832850200303,-11.683324604357441,7.228823912687813,5.361057299537268,6.855362497263844,-0.9544299774899768,7.124946289562684,a0192,1
129.13709799213933,43.40890569325743,398.67259079103025,204.2095186864539,199.0365932642487,99.2378325137524,8.137681059661265e-06,7.932981311280873e-05,0.04069027283031088,0.008153322790946337,393.719768825714,0.0025388774258355306,0.020092667101108724,-534.7507116720421,45.25571711836814,157.1627488767695,37.6461437339271,58.28959755979904,23.108997884372705,27.55055129095344,20.42068905678823,39.03851089119997,12.608294494824767,26.352751939500862,9.969001366934332,3.743161810880338,10.868233677337056,4.032643500693212,7.422443200717217,7.97293877103735,7.454989468557081,-1.1378307428666277,6.865400797779533,-4.950817501655783,7.256810322814464,0.8009765483607941,6.678330671825648,-0.20679468304012788,6.261266073192853,a0193,-1
290.6615759795811,75.03771833459662,499.42414154006633,408.1658890285051,613.2872874806801,147.4807327869522,0.00017615036034069996,0.00254702690539252,0.10693887654559506,0.01937984808788357,729.2481039942018,0.0013702753615406245,0.27761257903345904,-424.01299261016055,81.92781427874466,201.69226001541435,64.75644120710437,-12.003427680501087,21.920065059094465,-22.866704398766895,31.0836057210575,49.49555332725773,10.187297403072732,21.17724198681058,8.778481965333206,-26.368534986808775,13.22501474135148,0.6229182859312483,9.59693582721531,19.945619952941456,7.5267618768633,-9.392319234708555,10.182412912926784,-15.333324156439051,8.720885839173672,6.023379871838002,6.685617822159172,-0.16317970125908512,7.601008440911547,a0194,1
111.41922328628003,27.396258523450783,321.9280813721802,148.70188138246544,163.51198186528498,59.82855739942077,3.244648929530506e-05,0.0006098883266895482,0.03904782626295337,0.004330282226519156,432.7580839840886,0.002309759725429621,0.013542321991941386,-576.0564085434639,35.69206193664737,140.3115248231498,28.743165384964072,78.65578268350379,17.127216439729555,42.852185529858424,18.0527150544343,33.04181415107264,10.441518673650792,22.28098602743419,8.871130942846063,8.665950570070871,8.495932875451743,3.4912020034487194,6.7260523357479896,2.5849502500570507,6.994865464139284,-1.0068847404051586,6.312961064461655,-2.8905203028982447,5.931248661795493,-1.259596856428009,5.290562891143636,-2.0118264519345246,5.303269806232279,a0195,-1
130.12716068937672,39.6700358350889,479.81244030550863,197.10098334060814,193.88982830385015,88.00709658011493,2.5506560268608125e-05,0.0004973704296270994,0.04308713660900104,0.005192496244099997,145.38939516798436,0.006877080498694651,0.016095069927411974,-492.0945870498332,48.93426058478777,166.9478357516113,34.394332563198226,61.09310335779297,22.696588109997958,28.25429020572484,20.666313297340228,40.61991540340978,11.771468374471505,26.14728265510017,9.209332162530398,0.03227769150154077,12.580573879376225,0.13263820752707972,7.573285262527074,6.098364358870465,8.87330961069822,-3.698563247039383,7.287188171875536,-10.172890551820327,7.1546617470542335,-4.702039542037965,6.856777868673439,-4.012199794262127,6.108262156740365,a0196,-1
193.38716567224628,64.76757540560789,529.5658112627574,309.66439464026524,356.13088565022423,177.92561785015738,0.00010149157951336878,0.001406991928968738,0.06311177480381167,0.014964367107222206,2575.5290158677008,0.0003872696619037829,0.10341670551282652,-651.8794173034609,47.18419477897982,164.42886124595256,39.920315719536596,27.567555468036485,21.81607726957715,12.403664382954931,18.849161409078036,44.42438347595646,13.58525907595855,16.905351033467948,9.348197439902245,-13.78844999216921,12.035056731782735,4.282835867991987,9.583169234383716,13.839608852949906,8.305361359032831,-6.508347531105142,7.665017206806205,-9.207215971967894,6.433127956218416,4.239387804114851,7.127175886552038,-0.9673189898496964,6.30424347494854,a0197,1
228.7260836111926,71.83126666553886,448.34311580274573,344.8166119229321,502.70459641255604,221.3021231258419,3.936485342410299e-05,0.0006851258344661348,0.07725529007847534,0.018922008275982987,382.97230496547854,0.0026101547263301457,0.06816017180371099,-494.56461506374995,36.34577769543482,198.5382036910826,33.45662277542535,1.0770908079562842,19.471531510112296,-3.583201814324735,16.12239399453753,62.48360768810208,11.3332042346501,27.240577468311614,7.544518701789666,-21.5709792177987,9.563411167683109,4.912626998843687,8.53430394731219,21.537378173788092,7.865293838540826,-8.651821008670385,7.505056049630772,-12.523902502463546,7.30541157233661,9.570506198124583,6.1607129015961455,1.9145645048901396,6.314373353487994,a0198,1
205.24142386785834,112.92177596583252,524.4714595466652,462.6567132409111,375.55007798573973,247.4064723250328,5.399994896155687e-05,0.0012134978990252,0.06051380069073084,0.02337408003031683,896.2257621363044,0.0011147902398669141,0.01528721297404097,-490.25869882845615,60.937296990601524,162.08991660787328,40.55765719115603,24.318043324117514,40.12719750236984,8.327883694092439,28.58291237446061,43.416459877982525,12.258924178896045,21.43866757093693,8.358478985473015,-7.078501022249842,15.318591151354852,8.745487067124682,7.096800075854258,15.407921222197922,8.504371390639761,-6.044093541066541,8.449347004309145,-8.162499198356656,6.420837795747225,5.552192303198695,8.154418069129017,-1.3636097990033347,6.466872861395057,a0199,-1
239.91054301385756,80.79194021471439,530.1549315687428,368.67822323118276,545.4179618117229,242.70092933084317,0.00010371337679977613,0.0023836897860101992,0.08637894787966252,0.020670094180742653,803.501777339823,0.0012435522568583638,0.026352003733280914,-499.5052563911914,36.514203436546154,174.91799521817583,39.321868091433,1.583381830770128,20.361681998230374,-2.005208184287359,10.682231728610674,58.99686780611269,11.099769339188295,29.889985732793033,10.337918912559301,-15.9629902397056,9.01286187534048,4.713094805730059,8.346996207072108,22.480167216568805,7.768421493790885,-0.8025380696117944,7.240312408002353,-7.067025853060011,6.845823407673307,8.193271017824838,6.579749865700201,1.4566782385616859,6.39104952600794,a0200,1
296.9662302588738,74.51518388846551,571.2498615241278,417.05521576110516,623.6522911051213,125.12209375555082,2.4822064780674904e-05,0.0005023853355528399,0.12714615622192274,0.020908480949807712,107.34808263908737,0.009314489656349553,0.06813166175122468,-431.0980518310726,27.644987932116127,216.44700107446792,23.538286213073583,-16.4559670638056,16.74087648268885,-36.260928303065256,11.478928317178465,53.479931475669595,11.11192721825219,45.81774379274416,11.486868397207745,-10.943460736697293,11.470689237032614,-7.937847047035617,8.42185195151201,10.52411821871216,8.155947116687207,-1.629565314554753,9.210944231346504,-4.509568833863075,8.126571044777439,4.56369836471469,6.807273648488114,-7.955762593919716,6.678374874699342,a0201,1
182.20323185502002,54.98612820036036,492.89842166846535,282.14746480725336,355.6554203539823,207.25541416433904,2.1136975121929288e-05,0.00043434439673754936,0.05640944759402655,0.013619998578686612,225.0430918015692,0.0044425932127920426,0.023995111368350083,-468.8141117468332,36.6650029785826,174.80820967424424,38.48439852129027,20.477508980458655,17.655733849364427,17.58553952793088,14.28921152488193,59.80926539574021,15.953295978520092,19.311456481312735,10.916294493581422,-18.01390002180984,9.599841513478221,10.292959799983116,9.197461009667114,21.00132171955419,8.798065392199028,-7.959773003545413,8.123724144737167,-8.61363225826108,6.884709982907461,9.79646825334362,7.274502825041865,-1.164881548302837,6.859758875550862,a0202,1
207.39661537281322,108.32981747148389,654.6279842310016,440.90734792218694,401.96078431372547,270.2481230994561,1.671898851639984e-05,0.00013451512367433204,0.0759686420733066,0.033282166786496786,1095.7145444361736,0.0009116464219453247,0.027426977837097893,-521.5555445319766,51.450544811859665,149.07460643421862,40.27933872100437,25.57446827372804,35.403214409487894,18.949370547799347,22.316177557686725,53.1805693141472,21.381655469276538,24.280660341459654,11.57996191526731,-9.62905168683602,15.356665914234918,5.999121179798538,9.681888136995399,14.600612720447142,11.0398830046633,-7.083235091580002,9.94529762021366,-10.624647059526755,8.986895652195605,3.591702434219511,9.828311907811855,-2.046129440304277,8.583069756713034,a0203,1
127.45942123643398,34.48898130288169,358.5760214715781,188.5732531423231,194.2665422245108,81.90849575879385,1.3050459874840345e-05,0.00021644853357054753,0.039770532955715754,0.004386907010026194,1039.4204684356484,0.0009610745369411686,0.020039738714980243,-532.1632598469051,61.57091582284565,133.45306917459087,50.888741999965156,65.03661776189638,18.824694349177825,35.49707029233743,25.150504019633107,33.38715923499323,12.810916033923666,19.968355413545193,8.593613074379732,3.221920233958682,10.361893861484376,2.7649487418691363,7.5702119930974465,5.909570792020552,7.234835928644754,0.059984556739461695,5.889247589961308,-4.034308597319808,5.532345183584346,-1.5096691788297412,5.9902422097467545,-2.0283709048752634,5.14040055206472,a0204,-1
113.14636678623025,26.19470888936051,365.53777067738304,154.43391796226484,160.42877906976744,62.441276552078335,7.611899026277146e-05,0.0012955091947423644,0.035202428536821706,0.004235637073200105,242.61800384431004,0.004120705505246849,0.003956759880296458,-517.6248320684512,28.50608862666483,140.35830695734288,29.840062778117193,60.80755208652153,15.93239793933513,40.05739374670499,9.801895767192073,43.828263851993796,10.004572856344451,20.981470016962547,8.78209025595897,1.7181996459912305,8.314040447447484,10.479729208650454,7.548290557892797,13.193136165824043,6.579222961927579,-1.5132027934662826,6.922201808763379,-4.185917627361762,6.233129751668147,4.3839301636855765,6.2476657042432775,0.5904437660015712,6.009290268813168,a0205,1
143.21065660476714,37.33726756662616,350.9724210296996,217.12230306068446,220.94704627133873,112.81428416073622,1.584958842041159e-05,0.00038033255964205973,0.04613051367362983,0.006331277588278097,99.26862182894686,0.010072676249259102,0.02306157297780591,-488.6520696278272,36.90685093495724,176.2457254629877,28.900778994372583,47.56822904691061,24.143476470757058,22.230214609314203,17.215026486253162,46.0654587621967,15.038106479092576,23.487082066232247,10.649608955586919,-7.2499363414874605,10.555236349076907,2.068168495556889,7.927546387848404,9.488277820392964,8.606155223067605,-7.394319265120198,7.861430727929458,-11.152700188300853,7.618021604343476,0.3606477268308184,8.417308625807292,-3.685158078505565,6.588837173308461,a0206,1
129.18445711273637,32.727545700320064,307.3296111573327,190.81498945956832,196.09584825425247,108.86191490795194,2.4203957080604034e-05,0.0006409161124230834,0.0367487375503581,0.005901148681005637,193.5789403761971,0.005164850995015062,0.006307117968526755,-499.66712521580996,24.408036536759717,145.53028425537514,26.889528815946342,36.105345094160015,17.261743641246305,23.302751276800898,10.304529279275442,54.241012963103394,9.979235537751622,38.51841815116861,10.839160592018263,8.003222598007953,10.906199720180846,8.376065021720116,9.1650390956349,9.861237103563287,7.5759165496067595,-2.685136054986254,7.329742345644147,-1.5348276431764754,7.055664201365117,7.94310762149842,7.389154619449854,1.3441586061393924,6.693200052613147,a0207,1
171.6486861250168,78.04876489388177,569.392762459419,342.9388708354831,313.785791626564,203.62223173668426,0.00014522394495125116,0.0030858697193127246,0.044073139737728584,0.011355756072944518,756.1764477169041,0.0013214426055700803,0.021110890326128333,-517.1068926027311,63.41126796252515,165.88999709671373,48.02779693999654,36.68924985227622,32.862790253912976,17.004935016569785,24.581790418874146,45.48576760369302,15.567683772874881,21.76224660571009,10.249663483909782,-9.346318392328191,14.522197226953459,4.457877935540048,9.702550356889105,15.277489727354805,9.834624794691104,-2.8802988860876764,8.234147608315933,-8.086957020377335,7.0866194446309745,4.542523386298085,8.212100287134849,1.4405390310434303,6.914953364817447,a0208,-1
188.71154916290217,60.17761859206274,557.3387992067765,280.6352055674636,357.6903638814016,162.17975340654226,0.00012032658037258284,0.002613418677023836,0.05944396479110512,0.011271104193847527,720.5010966238156,0.0013869228797845916,0.035801927553586056,-494.3992689721776,40.22503799789018,166.64455948507302,38.31688736447955,31.79681817960549,18.492699503385158,3.017947130469212,15.981236574074691,36.097075779900614,13.093784069510525,27.040460226535096,11.223077615742227,-2.9597798834587614,9.858153463983816,-0.8513175337474177,9.208592178431777,8.049991964394245,9.371844397096009,-1.5404692788255632,8.479194219448676,-4.872217179407881,7.749109342671761,3.084625797202433,7.341194860167441,-0.4634395818565599,6.5419616299855265,a0209,1
158.23548539897465,38.74947067909285,360.1324940941893,223.43746924249612,279.4652128764278,126.34196888307825,9.988311503373993e-06,0.00014733679510062315,0.045012128439771544,0.008804472900746376,161.4364085651993,0.006193389295281229,0.046126448219779126,-470.7173741972782,37.00498508064128,185.30722680344567,35.098901225943244,29.43349093208527,20.17016204572875,10.987709922805825,14.313737563536797,53.12685312841693,11.679969704179602,28.68607186322776,12.215541436605777,-11.253652806593049,12.381390741255274,0.2550332165997619,9.739542513872658,13.114465135849072,8.758492596323508,-2.832808081522817,7.338938887606115,-5.427494958363285,7.535018817013361,7.479112243320986,7.213682542013383,2.5367349598992144,6.745131209105306,a0210,-1
157.9584320885417,71.24113468540367,512.2565367443678,294.35186366146974,266.5383611691023,160.27622415280962,5.651343193099069e-05,0.0011121310713037974,0.043699642810542796,0.010860977165874443,460.48063957736565,0.0021706438760033244,0.050788956284434285,-504.19939260190733,63.72062554384093,162.4512380446528,46.58548585014276,46.29984105886988,30.85912463699143,17.441265662224897,27.89497701082401,36.26467232581979,15.13789634857884,20.825866055908783,13.423928575153512,-3.197749841934767,16.67724182872741,4.330268731853546,8.73980296249165,11.993365719176824,8.462969161969225,-0.5231435687969367,9.5237770615971,-5.302494472142101,8.3420796682488,1.9220584824482654,7.757012406848318,-1.1250075542100455,7.06651353479816,a0211,-1
187.70411662799907,52.19073103748002,524.8584913712996,282.9469237258167,369.0512892376682,155.82209865680824,4.455749024309054e-05,0.0007892704774782223,0.0564558225896861,0.012952679274013156,373.09430877958164,0.0026792873560857675,0.03886372836152863,-468.8072924673648,34.08361291330347,164.76375632993066,34.396202268858495,30.756655062065118,20.07339769706085,5.542290343663736,14.027087056696443,38.77905164072697,10.828704089062475,24.972629706350414,11.13199008677876,-7.051907468842662,11.607795794617754,-1.249536496450516,9.794431140562063,9.858821763532573,8.41739996072,-2.2954440466312227,7.509839866382151,-6.548099493070927,7.156868928952458,5.263079100006389,7.01498208420233,4.7149186147939774,6.787955590725656,a0212,-1
131.59673808696567,47.163380060476634,470.80805603147576,201.361675620856,207.86236702127658,118.22486013644492,2.4866750363580636e-05,0.00040712901542753284,0.035954468639184396,0.0048418535935417905,621.1289322972463,0.0016089716331375218,0.010832910012985851,-512.5562914957962,52.02835033840185,130.88245945522613,44.39162274422701,49.50228519801432,20.225322118684208,30.744785710554012,17.957108933999034,43.081735462931704,9.608221108085145,26.71834273327431,8.507099961034562,3.8577971072639277,12.147437844809552,7.4058739565848395,7.386909117051989,13.576197943445035,7.164993079698443,3.8171794327662214,7.620967787060898,-1.8033862857870204,6.393322354964898,2.783470082096781,6.519584994111853,1.093108426575302,5.889751868359208,a0213,1
142.0028322740044,56.48482782198193,447.70137184641845,264.18446869440527,249.97894204851752,195.71807507206663,2.1924281297469437e-05,0.0005867468130292094,0.048024851892407905,0.01465056372946707,368.26373819472946,0.0027144450993997647,0.002357153735085315,-498.6418510817797,35.60591946309129,131.4403428620604,30.13277415904267,52.39727560990508,28.529510943698632,39.35808927912353,16.12600475078413,48.142364630369485,16.892005025463604,21.51132892261357,9.365780242609873,-2.089728123720114,12.50763464129447,7.797430709331157,8.689023668315285,12.531288009588238,10.394280087363219,-2.4763814790621272,9.854243463859731,-5.370598980670589,9.239097258465328,4.056058584652625,10.086948674419544,0.7777587266668065,8.727735470892558,a0214,1
195.18836640325952,50.63315609488629,389.86042092268445,282.02395408358745,379.2934181415929,191.58665881229686,3.2045162965818116e-05,0.0006485069036823851,0.06286513066924779,0.00995810212803199,235.07540506448274,0.0042529539950047195,0.027664422063455492,-466.0877741420429,32.87248711335915,189.41204534514443,34.334857992356476,17.73103555122072,19.041186546312385,12.62248687586259,15.489910713616775,59.99818641920601,13.129929910988524,17.867584192872293,11.063459175049971,-23.424251726770347,9.811313366938686,5.600033409681987,8.849553769071429,17.44061073644501,8.33682960539578,-12.669340964324546,8.788357681463204,-13.145256516144409,8.4102643599005,6.762840950031211,8.001772845914596,-3.9539231376961927,7.738156561167338,a0215,1
257.6939097775957,74.14549944108697,515.3889233211019,380.7617470896145,504.4011118598383,188.21020669439486,0.00018435817271329915,0.0021376546519743227,0.10115801184860737,0.020958510964209975,17459.187319279434,5.6276432441812524e-05,2.3381097418622625,-522.5344163611262,36.18576478023831,78.08303525871955,36.11383976194729,30.839607115042465,17.55145885494213,10.939650977649906,14.789707306612021,15.453920343816463,10.925359066362855,12.390837817770562,9.383241367327447,-1.7146425312787734,10.726249830077641,-6.652921955608376,10.303123962071522,-0.3133943596547845,8.757198443883143,1.737239926143549,8.03420740163986,-3.415004898473151,7.563012893926652,-5.458450370694843,6.5806643851800315,-2.878845110041741,5.990864371689371,a0216,1
225.55204230158185,78.45205374436597,447.9043636779528,347.1473639721274,543.0073562443846,269.3279155273607,3.223979758233292e-05,0.0003877845873754556,0.07478643727538185,0.017536481130190507,1178.3178112643316,0.0008476674353263223,0.005584425920048734,-513.6719463108265,31.54634417639271,129.58581954741948,33.091040130607354,12.063125541302497,19.72466819938996,22.822122847724224,13.091353255702058,61.53621423596133,10.839205902116833,21.481303241225422,8.57167594346698,-13.45056399860564,7.783364849446207,12.269589805720306,7.331315006055529,20.828714988025606,6.855076883008028,-7.191243842163348,6.679017243584364,-7.9215396645466765,6.338839788772172,9.92012581644271,6.317754141605519,-0.418494437974799,6.6038309490461415,a0217,1
171.03534271647084,56.04048849415233,489.55891734501404,284.1932807244484,308.3239910313901,156.95877302577108,0.0001833974162533582,0.004005044437641179,0.04711147701793722,0.009515281012072975,434.8200729224579,0.002298801710672813,0.04722631146284994,-523.5366917224928,42.328755818092084,171.03315456234296,34.678852069274896,31.402572524028127,21.198978845290796,8.969937830245126,18.14134952098538,43.5842191444255,11.16827144445917,24.839270678705038,10.03741974137089,-8.172880769059505,11.911509399637659,2.413041392350094,8.575116319182161,14.23066271294,7.897724449370162,-1.5833201891029005,8.68674391018489,-7.014606088344555,8.553122666610355,4.263952227940311,6.872137948920823,0.747975336266556,7.804062853627023,a0218,1
197.68506578885436,67.69965909161424,615.4465292083423,318.8685140522184,384.7919474393531,200.8873556593084,2.25757569276031e-05,0.00012233657048603763,0.061806842430368374,0.015663798355826538,1647.1226246985104,0.0006061193108102109,0.02963814802659626,-524.7921470406399,55.61320880656264,144.5914010472971,48.49385036420953,31.147777561155213,22.120240868825856,13.135465310278802,21.796783255265414,40.368233874517,12.955757294981948,22.009688228934536,10.00488475333372,-7.9858380259132575,10.416578824652934,0.24936568094393513,8.910193816014282,10.898465036404257,7.899568612632163,-3.2696071340132393,9.575280637675665,-10.833278709840696,8.9048548048843,-2.2330173462837206,8.097811723121639,-2.544582282028917,7.133927516128621,a0219,1
239.8757290925925,83.06693438480121,630.1141169305928,390.54646192654246,501.6293829690346,206.36493783660697,0.00020115667365423783,0.00497082403182703,0.07454115792918943,0.020748467366873597,390.0300115708285,0.0025629051689499156,0.18294707606318725,-444.13738008744116,48.56596947566661,180.62939741137131,43.76775008886804,3.461649164591437,22.395667013401862,-4.132675116566492,23.29297511245881,51.40447373371625,15.737912852289206,21.69895735770859,11.084476290657653,-16.893170043595465,10.192310967768613,6.596795740804084,9.931770323567688,17.22711060973382,9.233138578209637,-9.104228696776966,8.918736706429089,-8.503432318115205,7.510214530983164,10.950890282462918,7.864054915856118,2.1376870601554265,7.499763436946979,a0220,1
160.27260717877877,54.61453202805026,536.125310524568,256.99435901689924,272.58816262354,164.6771841880971,2.0125698759929534e-05,0.00021742117725597393,0.047610712179919135,0.011181965047815778,1099.232489687936,0.0009087256207246297,0.007746640618402694,-535.3220951175743,41.224003297152976,132.9027895653266,39.810517648176905,38.258091129961535,20.91751463580468,24.091067188522548,14.669851471142433,47.720369365135625,9.968818156019106,30.13219582581701,7.532157421739068,-0.8202029496940869,7.262365308064072,1.5934262140162088,6.562260349204875,10.73418604378288,6.974630451477051,1.242321656138007,6.722329850713683,-3.6779536524111363,7.290875474508993,2.5623399295283793,7.428520504368056,-1.475645439207574,6.762851796731739,a0221,1
152.36969119335996,37.759370917870385,411.64899644835225,219.06419310922092,241.92033678756476,98.1480883580122,5.306735782082999e-05,0.0014032750585434306,0.04460664264896373,0.0064369734689264345,241.31493015922155,0.00414296221268707,0.03727838480950687,-511.26742278397023,38.09719647295172,174.0211539045024,34.81593186215127,40.80459021891941,18.762941818127977,18.83202837879472,16.719508244295888,45.952697202546716,11.923598300110674,22.23352661524406,9.921976513970804,-7.3398488949188945,10.107510880740614,5.013108381193252,7.325629065384221,11.208205575661395,6.896911381925352,-7.271263770044444,6.774318204426721,-7.965772547721802,8.09250325256193,5.675863499121894,7.7747078846129565,-0.23061426870335539,7.100864909558461,a0222,1
275.9466153351298,70.88017443097294,495.5833381476206,397.7252944535061,636.2780139103555,212.55264627671778,2.1765242224199055e-05,0.00017683846006488453,0.1042197461843122,0.019311547852710626,244.1236819852905,0.004095284076336417,0.1287129615296058,-464.37825281800355,34.2624945700548,203.88968824983675,33.019607100173296,-17.218128990926918,12.447826137755513,-2.827060121679965,14.216403670235016,71.65769576425916,12.669465175241378,15.605640009841933,10.619671753439274,-31.824444211467313,9.933774877102385,14.580777781229926,8.965267494977574,25.292380239551736,7.749411943076455,-18.211076142115083,7.343091428424736,-12.846144650792226,7.343011332194425,14.709035912627145,7.103381834834661,-2.991284583964651,6.5270726678836715,a0223,1
344.69565069578704,119.47410295085054,611.4792627049783,547.0794816328519,693.8217756183745,194.4222179089214,4.1590820016852056e-05,0.00012108789473286487,0.15410708370141343,0.038475059596560786,1475.2863447944364,0.0006768344703009506,0.06644492320231678,-497.4805571267546,49.74320688749974,170.41321866066323,39.99861389293607,-22.616711191769458,25.721512008614596,-15.171038265479096,20.526609205772772,60.10160515269005,9.202534648826983,24.970933813512904,9.09246001808826,-25.21226807744149,11.951298785168602,3.0536022188475602,7.488886739163609,21.684988914705823,6.945405052216664,-7.1071832313371495,8.757941983518249,-10.247680238274391,7.652292544444937,10.000273189569231,6.8286209795215616,0.12919528952003928,6.421707216204287,a0224,1
185.46419382458313,59.65954871561965,437.93520464771916,291.8595232850113,385.78167115902966,217.71398194598027,2.7026088586782378e-05,0.000497035064574158,0.05436812106918239,0.009937337021947398,460.1665176990516,0.002172126300231926,0.006121783038897752,-481.11598967496667,38.22607003814863,140.00146333411877,37.48884501519501,21.240096154451816,20.250216146395086,21.549142442855544,16.412518904394293,57.7343118304064,12.562766829212475,23.977334191290733,9.227633322097683,-13.052960544443703,9.868019615447093,6.581358093816965,8.184215832666844,19.990995234695628,7.3944555609914016,-2.449752188826298,7.242020136471724,-9.01128514091546,6.879308909541125,4.657779456191464,6.434405879370185,-0.3329525571979009,6.348654418502968,a0225,1
206.20615203225614,87.96822677914311,559.079686672012,376.0917275979275,390.27902935118436,199.03382241290907,0.0001956056477343606,0.0030734567919976346,0.0581904528192585,0.01661793882195213,1373.0901019063563,0.0007272841868768159,0.17458242682617936,-609.8248767102627,70.73607926149836,192.89509978807882,48.20031694375452,19.323971709791333,34.634838502566346,-8.65189129739276,26.51245644111891,39.118100253572116,14.491368271436816,26.231804729176986,10.069353672377487,-7.69551338194394,16.71702590481874,3.095848408328542,7.847615812987523,13.552952231209321,8.233294250081626,-4.268862806440263,9.732979106852337,-8.231999200958656,7.965720634877924,4.165287214086634,7.028993953571402,-0.9272731942793218,6.0818019752067825,a0226,1
121.89905924377955,34.08944320787888,364.2104363397132,185.55179675067566,176.44180584551148,81.33361301817456,2.6049712721524547e-05,0.0005610336622983644,0.037917740409707724,0.005263640633541178,702.1675060058233,0.0014231615417111395,0.004737079737228842,-526.098608730414,45.86520258400978,135.20167538980326,44.887389239522754,62.419321792310484,22.49199916393892,46.57199703051186,14.946310721012946,45.625120936341595,12.521520057121085,16.438153600659092,9.459178686699376,0.017204270792632138,9.73631593036962,12.550901736213307,8.603317277431708,11.362373392058212,7.160927609064664,-5.491711293905636,7.416173757573836,-4.227532821805069,6.2185207110402265,4.082684222015035,6.73455604049507,-3.736956403033613,5.704502679264447,a0227,-1
314.19860638813714,92.05780396561437,567.4774408632675,445.18535701294786,657.3634422850412,206.3299295228699,0.00012593225823643087,0.002125753528566426,0.13214765532979977,0.02348525854854849,1150.4581179902725,0.0008682188710420501,0.3623361919989748,-516.4148120185604,35.3772984717944,164.29640511970652,30.715797143667896,-10.480147188682789,18.33599389871368,-6.468566575632016,17.68126500774881,52.10062476831846,11.834016947127282,13.8256695484621,10.760184801306886,-25.997001473364286,10.685334449690435,5.809715016155526,9.126529271340775,19.267302705553643,7.766293134116086,-10.287610128623031,7.825072572411803,-10.094183453263808,7.786012807148554,10.40961810693161,7.173190805254883,1.0544388278873824,6.9453389413266455,a0228,1
158.00178783656878,46.74605609094095,431.4700064863677,243.92593067755314,261.6741303219107,132.09179037285955,1.6202515913301905e-05,0.00021883891608284034,0.04661438051661475,0.007098358789017141,621.0416957443279,0.0016091977675113964,0.025438114171633296,-525.2126262542058,47.34052173893503,160.43195410893495,37.51830840970104,39.43781515327985,20.518340150077652,15.98716577423707,18.989865427627503,41.748412531192706,13.085173094073719,23.769886060222067,9.241136811360581,-6.012516602783642,12.335599010241904,1.7985812391347058,8.762353091427546,11.690064166400823,8.781572759119529,-2.2944742555118167,8.341535925311323,-7.971436275965077,7.89491364346378,1.910633679507484,7.257337435563012,-0.0717711233067494,6.238876928605016,a0229,-1
225.08836473648796,90.22311962253393,648.8619105397225,391.19690976849245,461.9589222614841,217.37308726367084,1.6548884732316835e-05,7.356400477373881e-05,0.07411177672261485,0.022873101053012563,685.4173680442697,0.0014579650048791267,0.029999923904899164,-489.0303481113089,36.52284726342318,169.20402846801178,32.67242823065582,12.226128537551576,23.54299234086299,-0.994341044007885,18.737287956190332,50.519885050760635,13.404258988885678,30.67349267532823,10.256827638382696,-10.590077273223327,10.743584404751221,0.12697603592712914,10.978989173789468,13.348982935967586,9.044003795496288,-5.523107572251456,8.51194440547783,-11.542446614777583,8.688170736549763,2.484603569154174,8.675906073570388,-0.1097305153899952,7.147687611286367,a0230,1
156.8444629498485,39.54060222007937,401.68661281824785,218.0908332132593,262.88050518134713,111.49406531743178,0.0001451483042076293,0.0027317710847104006,0.04737542503238342,0.00951832014881686,803.0825393616444,0.0012442019725297238,0.02377034169516702,-516.6643159791197,37.95665093988387,147.53912527178045,36.87966064170976,46.5912473974828,17.90285481421141,23.221102731352193,13.866561978092655,36.71595881337607,12.517791357153166,18.28841726399056,11.685940933844135,-2.1921334820473213,10.42273100820224,5.5056776226642175,9.06644734225341,7.535707468538355,7.63413735855292,-5.753643622687858,6.928911622931694,-4.452000283633598,8.208779431404142,4.763868807848637,7.986028568629391,-2.1795027802176206,6.5890022690327426,a0231,-1
224.1927376517008,88.70559661609035,514.389660098006,382.4384282308943,485.8312168727915,261.4391073436321,5.265848643975241e-05,0.0003661170823559947,0.07785886083811837,0.02172651730745891,4068.5393766423845,0.0002447884414031611,0.022447364018670566,-544.65511015176,43.16060647117653,125.78249954189214,37.89544121611743,18.518482354909658,21.266628490998592,19.800910060125677,19.50078837601474,52.49533164310203,12.254229140784384,20.903366545770563,10.028291547641414,-12.355374947600522,11.026068475097855,6.391574231129848,7.671158109670846,17.604923204925612,7.122286097089486,-3.860168790388191,7.770774469358928,-7.63437180845856,7.466638249052789,7.907950881263427,6.692979667845256,2.607660883733319,6.820500174059543,a0232,1
167.97551635150833,40.7475489822449,436.68709262217357,235.78021275910606,294.18441704035877,139.21104837747333,7.098051120699011e-05,0.0014580672745066608,0.04754633197869955,0.0070205203184238825,138.53324134285307,0.00721748383286086,0.020375044768567666,-457.5443867268763,28.202295572514323,173.55766884513662,27.639872237134487,22.923952124765286,13.252055503034828,17.9611021332729,11.221226338884515,59.51939942472517,9.652769221694385,22.13029085031125,8.59141353508382,-16.345635969188294,7.897133528171215,6.932387928165898,7.790411569652673,16.81907871958126,7.838749043345861,-9.946530088717036,7.053628718814939,-10.298387347284493,6.30970187210143,9.712445785855508,6.900419247881948,2.5050236981270877,7.042809251527711,a0233,1
307.20731522035817,87.34432457407947,668.4835979881422,441.99311321902053,647.7508408071749,178.24293618351632,0.00012780987874035264,0.0022095298168107605,0.11940337724215247,0.02125544228564912,319.91939307196486,0.0031247872050313543,0.10994297142006927,-465.3974967988069,35.54039028513376,193.5249397979861,32.29550874477424,-20.735409057132188,18.9016281567124,-19.185423315791063,17.12471892478446,63.73623948142929,13.561944933947,33.027698114156216,11.531448450041538,-21.989653354041078,10.004789804824256,-0.26078687894813546,9.020484859232816,18.271119701904517,8.680565780210362,-4.880111806366699,8.336896129625048,-5.183131879923485,7.669708744507468,10.776725016393367,7.020598234187762,-3.130998675015182,6.999973202093983,a0234,1
127.99568609071488,42.34613786660618,408.5312203532445,205.23943592453557,190.6871077405858,112.40312480319857,2.006930628906873e-05,0.0003701353349844034,0.04033427856956067,0.0048615838272357634,1280.6740818983108,0.0007798387574648483,0.0023766591490440962,-541.068895122298,47.91743948860212,141.11636135377736,41.34616288593379,50.4681532279592,18.429566162373117,33.25782090568051,17.47563888554816,50.11092604773693,16.707526735245967,30.94831119203436,10.793811451686611,3.482044297541847,9.870066454172584,6.553955961025171,8.105984567674303,11.58690997558796,8.1128087703358,-1.499650675121729,7.182612256926608,-6.990957999916467,6.516208009737474,0.29277414829309634,6.1962796615793865,-1.9687478179214626,5.758884593719884,a0235,-1
161.51394390738596,82.05723868425036,450.46906873746207,350.4834658092657,305.1454262877442,218.48694697816728,7.556759273639225e-05,0.0016631441960461599,0.044049386656305506,0.01479477521923693,369.73904058047816,0.0027036101515438777,0.010429359343679655,-491.08915669301797,45.74702301320444,145.59721975810467,30.65001259135648,33.56924683549963,30.919492002583326,17.514489249726704,23.58519363283149,44.99327847112048,13.817402583207263,27.73542342555589,10.184150107061587,1.3503955666685987,13.587594644163492,10.198461045639169,7.719582901507057,16.834353048734638,8.416754250991378,1.8880439605413033,8.52899627714992,-1.5332266481063004,7.473622190655771,7.334836407585589,7.58552228247572,2.1730898425514353,6.8298735604248115,a0236,1
199.6952508393732,97.60446707070503,728.4859517157921,401.2067590541071,376.41088274932616,225.75428483763707,5.123114104330617e-05,0.0009648520793664392,0.060358230851302784,0.01631049553004051,1895.392650952817,0.0005265951400995142,0.01482823634546335,-524.2751121414209,48.06779596201032,149.02191070344458,37.567227701401876,27.06371162497725,29.455139065545108,10.118745795595624,19.662501549066857,44.357822207782846,15.652800704567841,27.75216714759005,10.26383631580801,-6.160215328615326,12.393323077504903,0.5819639375794154,9.574586470033895,14.15662062953519,11.559205282646797,2.086667196156956,9.011203954920697,-6.602755401809649,8.087447964848431,0.3428113747457017,8.240769651311536,-0.21325659660064816,6.58118171632075,a0237,1
122.1484168548014,45.69378128204045,421.8955862500598,193.13286951784957,192.3760775862069,109.20170908286637,0.0001780164012059247,0.0023139010280477782,0.03545258620689655,0.0074154245253394546,321.2844140894081,0.0031115069290356986,0.008567128207647462,-486.46512934333737,51.36470591740559,154.90461307774834,43.482523607343694,58.57001069053665,22.20796256273933,28.32617104218005,18.33235065998312,38.26883937630082,11.304903296587737,25.317278818495797,8.767507701826752,4.035184057247223,9.898791562101675,5.7334639994541226,9.111052571790648,10.844789269693072,8.246759173857564,2.5956237950715253,7.6137659332089545,-1.59381421362988,6.446678276115773,2.2956729463249514,6.3973900372660335,-0.5476662723337138,5.7183431407508,a0238,-1
245.52128116235647,78.2392178200349,544.0596314779741,412.47568535858994,508.6606460244648,200.40785055620404,0.00030736882226977134,0.005834480971868514,0.08288088923929664,0.025250521004381958,210.1451936685373,0.004757614467005916,0.047594979351489264,-444.18072416608476,39.99649236230614,187.64221025763044,36.746704714998124,-0.2331712755551848,20.48994788160143,-3.6874792556644578,18.685960391509415,56.93715492306015,13.069939744060946,21.132199624931427,12.104559011025591,-22.08290352757433,11.177942938015528,6.647246103934312,9.299678090321628,20.851780863264068,8.928881214925353,-9.257591209305774,7.647247051689938,-10.812815162166913,7.5332379866457435,10.544076493684702,7.076758625067028,0.9070696095819444,7.0493963247153335,a0239,1
144.84470973887585,35.54283675796207,345.3419772794901,202.38276366568448,236.38593049327355,127.47925085739328,1.9282947036314637e-05,0.00034036420463099917,0.039789447869955155,0.007616657062589815,338.2022579562864,0.002955810430735109,0.0080277649023173,-491.64408605413087,38.97602153995689,135.4809416776971,39.20737468828118,33.06399532797543,16.227676727713714,26.217827827093522,11.905795717349616,52.326041013847174,10.979453065059957,26.698284682878093,10.33771607449886,-1.9145492668900375,10.756967844983448,10.634361692527804,9.823617786442997,16.43875492386679,8.597682480850251,-2.7785966209730204,8.34556671152804,-5.387840731230863,7.766246576921841,7.220440536842203,7.125095416967414,2.053320159438658,6.583551325215324,a0240,1
158.6690916645766,58.803176636112816,588.6463611705544,245.03243391661167,266.9235736747529,139.48249829453403,0.00013275572003235215,0.002801100999479823,0.048625880924303685,0.010527122551538709,3012.5619495952333,0.000330943336003079,0.05332881046087254,-663.5454233418224,44.71216624055869,166.23380048523066,37.189528773897415,41.6315900723909,22.642646698749466,16.816976289751032,17.173728225020614,41.424578068540015,13.611920269041555,22.491740120943845,10.888014783382001,-5.444644533242446,10.79602954101792,4.7117226159637715,8.20504366029441,13.489913771766918,8.738994204569302,-2.3552153668460667,7.491490828937265,-6.764343841818234,6.610631658446222,4.629738375834735,6.435425595957541,1.109128057500192,6.062719327863275,a0241,-1
199.71920803159165,70.15923795286542,504.7337117726483,342.06662301913906,394.7032232704403,196.3006660405256,9.214603822603277e-05,0.001812947973985802,0.053825440111185986,0.01741237616721817,1600.6214390167854,0.0006237572953602672,0.16343713814319286,-559.9294227312965,56.126797288592286,172.8227463110708,48.81290365165223,17.456622381097727,20.99144058046138,8.032835535937702,19.32554101466426,50.34955427031755,13.211415242002737,18.24735602189908,11.178934527337644,-16.88321901090802,14.247802120018514,5.78550035939364,8.870882587212913,16.655970348709257,7.064432896119978,-5.855535502264653,9.073260475385275,-5.348631606523959,8.328166070098279,9.810335737062646,6.971231784721862,-0.2908971680423592,6.700387023552257,a0242,1
199.73057743436578,92.72825303880661,512.8607854410384,386.74509933604025,379.25132508833923,240.5412163654075,2.35956882526822e-05,0.00018774162130516306,0.05926794045384275,0.018563260749811444,1801.9579197720284,0.0005539518966237481,0.8841343176281267,-470.5797197068702,58.16161356381503,121.36881033247192,46.98305792238638,32.40456902121949,29.734756185129115,18.064199837546266,20.482698467328174,37.270068948857826,13.067021777722726,19.999965416584082,10.028908675618904,-4.122864803385436,15.534601110077343,3.289885704094928,10.481482889458334,11.43261268758485,8.675677927123246,-0.40394585125197413,7.530491154857735,-5.9857374024050465,7.467546375256641,0.6238483213414442,7.451691658746737,-1.2122513760384181,5.8011537228866565,a0243,-1
125.96089528438574,37.62662037459931,404.91959717339677,176.24579071283765,202.50730008984726,95.96905402332499,2.2362449537476878e-05,0.00043220767866479124,0.03893702970575023,0.0052731975975074214,603.1263341080355,0.0016570273614858746,0.04188884607029263,-494.80153585167574,52.91281266653757,144.91480205790458,46.60155048999236,69.09105601662594,18.78138914357763,35.147051295535455,15.266132927124728,31.129705109745945,10.733788885559559,16.94175452785834,7.867730579677903,1.5555696833339663,11.645563160773964,3.2890844222577034,8.260035289799363,6.467290394380037,7.474725406746248,0.00011366317163546704,6.629180292097688,-2.1755549830200054,6.060373484322088,2.5545304054484155,7.169811690697051,1.0426736496290832,5.886621376576086,a0244,1
183.18987820792177,65.01550790740794,602.7498612701569,286.40564707610037,331.78995076096686,166.58190733122694,2.217321800325905e-05,0.0003172768239715214,0.05060595834265891,0.010750500226339709,270.3769630033305,0.0036975396224000526,0.08507724989137846,-536.6726380785453,44.67630472330419,199.59458351945185,39.92296572486075,20.615580619010867,22.511139934669202,3.2045508790277175,20.908962423730774,52.92362260156322,15.235042179258011,24.846112700047705,9.63271340123618,-15.533727593821604,10.581038200746304,2.481507149543303,9.082308635523113,13.578010635360677,8.738728546293608,-8.492673057775669,7.56156698153807,-8.350147185412098,6.554155875462208,7.537433424603326,6.99777981731328,-2.385619199684968,6.229272793259582,a0245,1
170.41752385584743,77.78481081111606,522.8235748656161,352.144277625873,323.4304932735426,231.21981692329365,2.5882017512464607e-05,0.0003854775011870803,0.047662380885650224,0.01572028983439845,736.2604390269173,0.0013572149824929792,0.004522839874391698,-513.6441509190502,33.916902583455055,117.49134093535181,27.136156735226628,21.886338966994153,21.75032060838638,23.68805234153436,19.441584085086745,55.97288765262307,11.386763645419734,31.00722739387959,8.86952963138167,0.04931839119875367,10.181965652696748,12.589777543846902,7.733843499681491,21.051391492568886,7.544391296552902,2.6541598047361448,7.403356467948037,-1.9959409019876486,6.8143305984210025,9.208707492721837,6.59392558353415,4.086994623788252,6.121476836421731,a0246,1
134.89177491182312,53.20934534119569,559.604318007842,221.26050399482918,215.6179932735426,131.423010317022,8.75444404466192e-05,0.0017133219828603231,0.03696573710762332,0.013271247416600176,215.5364605296415,0.004638586087502226,0.02105765611373986,-482.39469310629033,42.95879806769877,151.82179278659456,35.6150899350898,43.798211674623765,22.671725995552688,20.320447175463784,20.16471657023834,41.38169794030171,12.117360089536351,27.041496903304534,9.785741922236785,2.827422830524592,11.58427351463809,9.110186214116036,8.61067106551471,15.873696407524292,7.7323119543263985,2.918197646806771,8.61784924131549,-2.002175016879506,7.445696339984509,5.968659559024206,7.123825578184008,3.599507673906225,6.64876379481018,a0247,1
150.6091817355282,45.723970808163884,507.8259269805253,228.58730457367653,260.7002617801047,142.33313036076788,6.293270797740431e-06,7.170166985243044e-05,0.03993578206806283,0.006729143600251331,144.54486397513062,0.0069172670139051465,0.014608634685747851,-466.3448684384056,32.75544302534349,152.97009131188037,30.705550342261265,30.569121566178403,16.948568967305505,15.117216406452858,14.246360711801517,50.841595870595285,12.368774457416121,33.61380366913099,10.509695405929877,-2.324773565252011,10.11098297572064,2.721608084391751,9.40180719654203,16.095532288025993,8.898333931397957,5.5399538729731,7.70220112707519,-2.016170399245801,7.316649072533178,3.4230525761901927,7.142021137137775,0.8928018416191744,6.4905443913988305,a0248,1
138.40622965562244,48.47098063231757,438.2986350914677,227.81499749584748,214.28671524663676,149.12589695489396,7.915480148046888e-06,6.747940608878866e-05,0.04743028307174888,0.01129145025264649,832.6319757409434,0.0012000107635998696,0.0028254331510366953,-496.1318540497681,35.910363706199554,118.33146540401815,31.141374383437782,50.78862752629294,20.55269526938444,39.64780496664761,15.899363704233515,47.323602515575374,13.48706249647818,24.210784244808735,10.077114935335258,2.8628138082902965,11.603908590677609,9.363115067235325,9.396907215844283,10.665505010472366,8.025029297339353,-4.737299446412924,7.645490127401472,-8.000728972878099,7.010575550928438,0.39229723817540013,7.303513705866548,-3.0610486480338035,5.944886798249932,a0249,1
128.3403597409416,32.48723265691063,305.57927555376386,194.92493674346096,188.5561790505676,74.7376168554316,7.335628289435343e-06,8.880782003975885e-05,0.0421312645123839,0.003906923501638193,873.8645428209616,0.0011433420732484805,0.0044385406858153415,-509.7361430089729,54.201261357644285,145.51071189088248,46.97342822922299,62.895862256452574,17.996486572322976,30.653170086440685,17.09080069172913,35.02037818264599,10.972901613632295,24.65926982582154,9.279759544857743,4.859922940738346,10.1956082057639,1.3128147757872008,7.394804004625394,3.939356644684863,7.75320870577343,-1.4948070118971093,6.100164063926474,-5.09610116041113,5.932213869697756,-2.440773113877707,5.961826724256153,-3.7527837561119863,5.905908924765911,a0250,-1
205.68588584383707,65.91166176693255,547.9668551363313,322.63966007999113,395.7606589147287,160.9525155981599,0.00014085615557207456,0.003003986851102905,0.06119337451550388,0.023977159593407037,151.31437712545434,0.006607757083281262,0.10159482762114565,-454.2676438500258,43.47261033021005,194.70626981504537,38.20319619044663,10.427132859131065,16.158586238229645,-7.586788120710523,22.755126503435502,45.12862296998231,14.895113815271438,20.67262438071525,8.788191226764097,-14.39808594502709,9.86274409440859,9.496042342484026,9.475637040424662,21.302160538572537,7.501815940783043,-5.5837109962190965,7.446233770318492,-7.838903906940139,6.676621381067749,11.25891362720753,6.0580882736836,3.3529687357798483,6.330521711764027,a0251,1
145.8547854389453,42.364887474999854,355.12266534979875,221.22283269172055,231.21675531914894,129.12408775256958,1.3405070211239683e-05,0.0001813636452793883,0.04360099259118541,0.006708729496853865,223.70731960029582,0.004469126204153385,0.01465928833630899,-508.6846575687779,27.072387365197503,158.54009531901707,22.739634349658918,34.98457265707761,15.918633042992353,27.60758827343582,13.687903133102756,58.30788668621061,10.120527035908896,24.393793842442115,8.842225083959145,-10.501722789719624,8.979618312236711,9.414384197147347,8.13346853255332,20.14420249425125,7.089845344642773,-5.505210651358092,8.138188603755383,-11.710762676626755,6.483479441348327,5.738635607777171,6.482127688024005,2.060431885718558,6.330562054029058,a0252,1
192.06951063927457,92.42958748911343,540.3640228958681,395.1736861875006,358.32774798927613,217.69094517745606,0.00011228319170750504,0.0021654853517691823,0.05529490616621984,0.01542739340555595,4127.157696526282,0.00024129748795673761,0.10686033173537844,-566.1358674589509,65.51378500350592,154.84534638259993,46.82067057512313,26.877728010891087,32.89691104860499,9.788030530862633,25.594397697046183,40.70704399569415,14.885247741843395,19.829096210964995,9.192297374527856,-8.079376287626083,15.72398503296689,5.634416888617362,8.338750149761985,13.538155559874172,8.000343630629507,-4.53417912382121,9.123041874271525,-7.027120122889971,7.565115172600998,4.911153319881934,7.8013256149775145,-1.1649867773136269,6.217878103868235,a0253,-1
229.56310905185916,74.42060920701664,612.5347089572034,375.39237865441885,475.53306945863125,204.38318424620644,6.172405176436014e-05,0.0005245844144983961,0.07358632852400408,0.018925068213874335,2081.490084024764,0.00047942502490611695,0.22106977271526929,-572.3859833451367,46.376893883228895,164.00786715117368,39.705715183535574,9.606849618464247,19.991904221907443,4.898179669434551,22.337148242375623,51.52698405335133,13.391251960569702,19.374483776465425,8.610564546530695,-16.531206604407682,9.905805168042463,8.16349708500928,7.819942388002202,19.041890169568397,7.040139600132682,-8.016819971568601,7.491106072657081,-9.167917712349483,6.4846843574774455,9.721701286399785,5.968767419696479,-0.2316111324366873,5.854090728934984,a0254,1
237.48841821656814,76.3825005871831,508.57140004524456,363.318386856087,525.7973078641644,226.6612939426023,3.510768934340349e-05,0.0008599632007035658,0.08008554303507597,0.015194318807336064,255.1707432071219,0.0039179444277913,0.007615951015463807,-442.7462727802826,31.206567853778328,174.0100487379428,24.71398207780238,2.7075732846349507,17.075401013447816,3.266349364181963,16.274831784664425,61.882912087857605,10.68331490433417,25.17610722563308,8.90217549893577,-22.080294346576224,9.50489729950346,2.2481699162293736,8.749595908078165,18.591974056341535,8.103258468002208,-7.987324968226256,7.487580141828288,-10.94580819071158,6.811446918035214,8.328079376652616,6.69093680363429,-1.0791974397269417,6.422484294859435,a0255,1
176.66176689680788,70.71073636071955,651.5696513677522,286.47505669574224,357.57488479262673,214.8674639082374,2.2141526240490586e-05,0.00036952474537719907,0.05356317804339478,0.02216702890308327,362.02982245967945,0.0027612032580016013,0.013910673561110826,-491.6162771216104,37.442091282583725,167.96611511841797,34.4784275831604,18.130419058385435,24.188355628505917,10.895919075959045,15.034121910403908,59.48186080418135,12.806347041273996,33.27685466108311,10.216073742454503,-6.925049120072484,9.764122973480577,8.235439805426523,8.65871773603979,19.498348061822334,7.908025715077964,-3.0603349974276575,8.478095738802331,-6.525848240786296,7.81661436158367,9.953946343026827,7.96028478441553,2.252976761356183,7.259400058371644,a0256,1
181.25291918797842,88.89228319694507,688.1559880896639,357.8823370889074,350.50826630920466,234.90345544393557,3.601455243575575e-05,0.0005459727540232784,0.05454568462354781,0.026133545251772326,1794.8629856733694,0.0005561455713600846,0.003318326537514214,-513.8898270318033,41.535410279153204,115.90101845524293,36.3182095675973,31.053606330612038,26.723288725659067,26.51390738920413,20.194942981241326,47.4349593926152,15.618664604691805,23.577571647453393,11.278033484791607,-0.33202269337536733,11.158456538095264,12.50980906215026,8.367459089183328,17.35823692317231,8.184688812734915,-1.1912024526623017,7.86607741958526,-3.5414058385459204,6.703631228046531,8.745737504461376,6.885954529597998,3.101561622326929,6.031254804621237,a0257,1
189.52901709406999,60.87915631617685,457.2562682677063,298.577455054919,389.86263428827215,201.6682637742868,5.171249631470164e-05,0.0010922186783900608,0.0575822165957923,0.011940450913234172,901.8886293341582,0.001107784313872796,0.010402147527104418,-482.0368937008521,34.89976185349228,140.52605400653403,36.84541595495091,26.357258041813452,19.251472737515133,15.832922353850375,12.070940754727205,46.16839588298652,9.46869460375527,24.62502160295584,8.944601390244342,-3.251457950979293,8.325594857234563,7.895661512930113,7.742151167710935,11.617912668207179,7.780126376329707,-7.896030594587074,7.673322511664502,-7.568672262860891,7.101016748691334,7.640753720032878,7.034664669293466,0.2577539869242212,6.623980784133506,a0258,1
243.02683454059985,77.64324984230488,440.5124679931389,366.62801004959044,596.3356316725979,263.3915007698267,2.7500418611392923e-05,0.00037163419335497783,0.0854109903247331,0.016871006740158744,1026.445834164601,0.0009732354907406372,0.0052157412279733055,-495.0276146011429,31.21995445745112,129.69777483549092,33.44019942517163,3.9910072708956985,17.654401659227414,20.63838218946986,11.575649748687695,69.93472680897364,9.930443304200944,28.222884336290498,9.314293208934913,-15.739006140664724,8.274513299403456,8.616147553314915,7.14805714594114,22.228488233081706,6.544314599275111,-4.880410469491335,6.638047096674107,-8.02453188205023,6.597384747890443,10.163907914589947,6.477924547757207,0.40357642435887003,6.833514925143442,a0259,1
206.32295475341786,62.22168245048895,670.4519171098422,311.31369736860336,433.4433751119069,186.03641433726912,4.365709276196377e-05,8.730223396970018e-05,0.06369950201432409,0.012681864647870394,1259.746439603053,0.0007928103189740039,0.20849201092938627,-653.8076526430792,44.251593677853904,184.20086191634357,38.87637521384681,10.616010485899848,19.049326211829047,-1.8941931728540378,15.795034826670733,54.489623709992806,11.857028371601677,29.50496973593124,10.368938011185618,-15.123386608102342,9.879899531962227,1.9686689298830196,8.979470361749213,19.498223809837636,7.847536277257136,-2.07363277738055,8.812281099961915,-8.997262439002883,7.175314365132562,6.762075372940362,6.931488977950902,1.9360788050571374,6.552998745959513,a0260,1
316.30117441565557,138.54355520610457,790.1767635105736,604.015980183062,617.4191374663072,219.38933043324772,0.00012124730957572078,0.0004263372232140324,0.11695805607030547,0.038264778037101085,11550.271427662648,8.557804529898597e-05,0.25906348704127863,-559.282195739828,64.30322193182963,131.1120823789174,46.62601932891886,0.5040251976331749,36.217379075919595,0.13510274351294052,26.944565356666974,45.011293465300035,15.21788414343969,18.116328217425536,11.262422954167809,-17.954620189584393,15.838676073606369,0.22941058100310385,10.314606252342385,13.312017906003831,9.305098690364375,-7.065343991585716,8.755258455227981,-10.456268901480009,8.396400964001405,4.653421517467962,7.14033169599654,-0.9638885162931559,6.123759244591839,a0261,1
218.69091919978206,68.4534353673414,538.6892935274666,333.79463932370214,417.67797085201795,171.15613614564103,6.777611752605189e-05,0.00031544764356551924,0.07378915008408071,0.0191053370634299,4926.596612377744,0.00020197986822257405,0.16103392166259256,-593.0062096715961,39.564524090988954,156.28200796972035,32.59672753466284,27.712854448292028,21.354609984330892,-0.07318368714930905,17.24206986370712,30.67625317708101,12.683873302414314,22.054926908756798,9.6666671865756,-5.7646206729103975,10.55555470736115,-3.8274700794017242,9.492834456474784,4.504794479774462,8.272623189449636,-3.2983526235314145,8.247875883890192,-6.243817351555871,7.848755074885903,-1.436418006427962,7.079278277653544,-5.9111915416680505,6.656205764375748,a0262,1
108.61835634488287,32.03819765203,366.3631610501192,164.3562302541863,151.43107476635515,82.87558926942876,4.049384808082007e-05,0.0009029823861260112,0.034086898851246106,0.004740653106464933,448.5033552398341,0.0022286376190386054,0.008609482347723714,-571.2622673475804,45.50458965800999,130.61680202038735,41.501432600057825,64.6837682783545,19.88855789684037,45.344538707390946,16.02860963158962,44.78113422196993,13.152985981387678,23.80353356463826,11.983682141087202,7.276490629383033,11.158162032061316,11.811720740267189,8.065025789424519,10.56022917096456,6.632242147393256,-1.2109179283488367,6.139127389831435,-1.5188053280584033,6.63038433886381,3.911255230658824,6.273472543110175,-1.4137823498193964,6.298675125232826,a0263,1
113.44839992844275,30.47745886026942,495.75132549943675,163.54473205131936,165.7823857736241,63.36377473444952,0.00015414995058486583,0.003906246786806907,0.03741917753764278,0.006331885901918763,784.4130233655814,0.0012738385494476484,0.003549479169611753,-545.7991574688126,36.16470078906745,128.02002855537893,35.95787755631726,71.26870031729112,19.081296880371482,46.05098692319105,12.845348347013223,40.42656976188826,10.461082617519589,24.477586641577492,9.787581285588587,8.267377544147738,9.716956869746737,5.673686497719621,7.570555171077175,3.9409481700896922,7.185135094904804,-2.629984542684168,6.38918025835187,-2.6460808597617143,6.017858013257495,1.7356966331354065,5.858031079119665,-0.822799035830083,5.661927636952716,a0264,-1
175.23177289733843,75.17957063213889,530.3230509477273,340.7583495333171,294.6241425304878,198.96698882821556,3.1058489797632486e-05,0.00020146600472069502,0.05007785704077744,0.01661834176877436,1549.6413170308435,0.0006443105541187442,0.3699596122791737,-635.3521003420275,55.62307421836598,139.81554710660194,39.79819695304618,22.50915906446403,25.78873527542097,22.826294545685574,24.604845941009795,56.33788092948881,13.97098089007951,23.55130395942131,12.581192364784833,-8.112861768486884,17.65709228631773,10.364086560822402,12.833211642861006,15.960972680330551,9.065971324197735,-6.604075122372112,8.60727821689549,-5.95160364310488,9.078572304195054,7.536969181184072,7.385463989393867,-3.42480228170126,6.995708348722042,a0265,1
166.98487196230298,45.69572900125841,356.3798047789886,240.40607378970407,296.34153189577717,150.52889630092665,3.747820537048046e-05,0.0008720808467247545,0.052336028751123094,0.008843431042702583,298.7614347047589,0.003346152096073511,0.009950982287685473,-473.85157832280527,32.178576702206826,167.93691398171006,34.744111875278534,32.9800358137331,17.001605594005873,11.20800561447752,9.697111151134106,45.369454505047585,12.229989013423879,27.43211768834397,10.200273890068532,-6.092750787615356,12.315433350439683,2.2560481723121937,9.119994428683716,12.652652810312857,8.300482772904779,-4.04916365280962,6.8171160900791845,-10.535701180579556,6.9767691477370235,1.5804528525902697,6.853972207648571,0.1679048474130436,6.4470231215372955,a0266,-1
195.3846947487948,82.3239700295597,529.6328397826402,349.6168675299959,405.5496522411128,238.27235209537633,0.0001953630973672266,0.0031272421544844024,0.05508521903979907,0.014108414497327651,279.15666800328916,0.003581217697798943,0.013682156226045673,-486.73993308991163,43.15475627180181,164.80775687033525,33.998999689262334,10.540382604571247,25.00206933436886,5.241573470154548,19.45429160270771,57.61195792098562,14.858547982520127,32.52101811931468,11.354081043241157,-6.826112996550868,12.563122630858935,10.31595302511426,8.319874732988389,22.05852619248755,7.521093394708279,-1.8878210992096005,8.499540390292834,-6.838646241754177,6.9420767727265105,8.695108383741076,7.436324376842961,1.6915934620937874,7.066242565573772,a0267,1
172.3015190442132,51.74961211825399,422.2948684736071,250.03389779296225,315.81120466321244,159.79892326774905,8.705447832923768e-05,0.0016403368485745089,0.05461210735103627,0.009208446170875904,988.9104776381727,0.0010102138320703194,0.008793183233841107,-516.194068574872,41.512056070955204,155.1942807561753,41.79022475754316,35.82412356023819,20.342854611521815,20.03880371716481,15.06926126038709,46.37173178937049,10.97167949401594,22.697622214704108,8.368969257652191,-5.226590267237065,9.345899252678988,7.2206421468313815,8.450755724248838,12.300691494593222,7.057485602677362,-6.9450089087941835,6.889529625431456,-8.497769274574479,7.2052042363991164,3.8429513420630537,6.874720373287065,-2.8443937492516684,6.589446050492208,a0268,1
176.37581914951082,65.33280586094496,418.93740072608944,311.67300728386306,333.52285489667565,186.53964924570226,2.2300235046954597e-05,0.0001444117405714969,0.048472772068733155,0.01258165530940313,964.1803430690657,0.0010361502986407126,0.026025798039027815,-566.7978468355888,47.18464144355284,162.8851008006528,33.42473779107501,31.910602935706528,29.776611398375245,11.961153888327551,19.87076255574152,44.41627401378206,12.346042115947602,24.80058310511246,7.926129468604469,-7.863933982020526,11.765472633553767,1.8034508327831922,7.366752747281011,12.781550429345709,8.977455941453144,-2.4861004349654428,8.617440343774287,-7.678175995658188,7.890820548888564,3.3853267892301453,7.176964481566631,0.9199792734265684,6.065764634923532,a0269,1
133.5753238699026,30.198230097991814,304.5581401853227,182.30919790520238,207.53829179646937,63.37345875102622,4.378154891978967e-05,0.0008193484553162736,0.04421049535955348,0.005149412040063461,397.1818471386507,0.0025167382859145712,0.03609526144025935,-546.1487400779839,40.17864037390196,166.13027713583114,35.377837621750615,70.98002586215497,19.345507536425032,29.62315442199934,16.90536671793946,30.279202343025553,10.82766231617065,18.809389046502762,9.340788706160346,-0.6310814216401364,9.836073553201379,-2.5008320208497823,8.565188318537144,1.700917652468557,7.7148510066036735,-2.9562570760537628,7.164768898777789,-5.7092933714267184,6.665167551332676,-1.7716799418907692,6.300796518447496,-1.9042214330897593,5.932940469956066,a0270,-1
161.29833529706931,44.05606053798573,423.83237939847913,229.54938747492145,258.52493523316065,112.22687613420263,0.00010794645891633859,0.0019481268303349055,0.052554748218911915,0.005911061787035529,1271.8139654063225,0.0007852784766255119,0.038683260888131586,-551.4330168915413,41.04281173027538,153.76260750503695,36.324494735384455,45.15585516439835,17.239559237081828,22.626890635006827,16.914882325202754,40.55595488061144,11.034227110258913,19.671682077734587,10.164700830790176,-6.97016331495052,10.934086029006217,0.2565040659978768,8.419942897153122,5.436780196007109,8.11745009999477,-8.55018358996174,7.534759145826618,-9.537375667627705,7.532631608194788,1.3947618771073802,7.055944299015606,-3.0326503513016485,6.4245528015185736,a0271,-1
203.6416127662294,77.95478026505846,468.41364127667543,373.06441496047375,406.6747437611408,218.686289552938,4.4024269810180644e-05,0.000984854571089792,0.055223216772504455,0.011668326599469325,303.3496817531656,0.0032955254826416993,0.05016129397965119,-473.5896456805044,46.30354270133727,183.0061691304767,35.310744786539374,16.432437971756062,26.854463725089502,2.2110643442145683,16.8980298699974,51.87201776907418,14.581129403891106,25.667067288557398,9.727990023788537,-15.543455676869973,13.236959888899603,1.5505844991087996,8.816515712108853,16.39619111637542,8.009662338676232,-4.389212216320341,7.8033354813978475,-8.529934606713754,7.037104154954584,7.276203171261126,7.140706483820962,1.87237002283398,5.973527446820582,a0272,1
268.3911457221357,95.68393390808735,654.7768545514924,420.81488006902515,584.4643655049151,244.41479813706005,0.00012784275081586196,0.0014683725137353807,0.0990730946995085,0.020771233302023573,1157.7845117377642,0.0008627184006323077,0.10980726901421647,-591.8727207579215,46.0456659606996,173.64187993997956,38.3839970066499,-6.7672922256622,23.072464035018644,-3.922699676536165,20.15325876962615,63.52462764296156,12.446277562307442,31.0193722742434,12.114848719158882,-18.487836707016324,12.180417471027585,2.1082891637328416,7.890225192079899,17.822784608136523,7.278056731003474,-6.660811296474058,8.34367781892153,-9.451534415759607,7.58862395043789,8.659829625839992,7.705863514772418,1.999911449871318,7.3112541763167584,a0273,1
154.99251247852806,57.05773143755802,452.05624038003765,261.2917373448622,276.90895538869256,166.8871073371086,3.237248963240625e-05,0.0005044634182258075,0.05011309836020318,0.012329875717650806,1143.6148581131204,0.0008734202261231029,0.028217633406634527,-498.59253577835767,59.7406183077663,142.15938590212878,51.25992555099391,51.83839355790855,21.35001771563565,26.13538308753428,20.212205310484055,35.74296326933861,15.20475412422693,20.453786381483567,10.391368023237877,0.3583747910711172,12.204206844533617,3.9746062569297425,9.688187610079712,7.260575154944005,9.235224848611805,-2.3936263342643116,8.379761969027802,-3.8562970511893244,7.759995000316712,2.117404311280843,8.35641122071748,-2.088761079981315,8.485646898991858,a0274,-1
162.58818452048152,44.351331574480874,380.61920980202484,233.16943740098912,263.916774611399,108.35154028403102,6.926039072939805e-05,0.0014136923266088069,0.04919243847150259,0.008605936860525278,574.0232434014291,0.0017410896503113394,0.08155719549970945,-523.403631612342,46.57011368382285,167.5230670846355,39.38328291961419,38.925298302336635,15.522864909130249,16.913621805919604,17.07139328857142,43.39800347360069,12.961433900601358,20.709382093044525,11.377841450865908,-10.008248673412472,10.827729710924539,0.4076993942447245,7.917497012497614,8.013125862614004,7.758774889681907,-8.170280474567614,7.338858214876318,-8.462255353490486,7.669672594903038,5.694496177225263,7.152718058772167,0.07855189752123029,6.4450861578451875,a0275,1
219.8702487134459,68.34904155788986,437.3178862648696,332.9564820604574,488.73156836461123,225.91698260625049,2.343738805189942e-05,0.0001237702856076426,0.07198024882707775,0.014709166915322154,1452.3959636950974,0.0006875174452356455,0.02336074215883732,-502.56182047874574,37.91956849293883,137.15941884222912,35.34945025742558,18.20881628195524,19.60770962042793,11.968964510664371,14.07175539783098,48.495155693184635,14.348046782374723,23.27634541555569,8.973587558484287,-12.686657817688985,11.944923193613334,0.8113867457101418,8.75035768485673,16.25742168523097,9.591621540740215,1.5498707720028226,7.8528750773448355,-5.690577964752312,7.520696786109902,2.838790514463137,6.884372886199037,-0.5277298376691395,5.344592154799952,a0276,1
172.65935367174293,58.172392459111755,472.31412070580166,284.7236199652393,297.26001026694047,152.03784807433252,2.0331312492136065e-05,6.522159924026963e-05,0.050496502823408625,0.0073872927790284955,1293.8361412104634,0.0007718953385757742,0.03736688139445923,-567.1701200104293,48.797844432346736,156.33123537130493,39.1688589199458,38.068268774482824,23.358214136659527,16.168620562540138,19.537796332162987,40.25200741815051,12.620040246013744,20.393591338335526,9.910055685519952,-8.00065091575734,11.158195955140059,2.2563543936693784,8.783768008514453,11.974424501996642,9.573061369715274,-3.5361350937353,8.909021032284299,-9.643212380930507,7.930265279569688,0.0009153769053589688,7.261574547078898,-2.6161102943122896,6.746337923935331,a0277,1
152.10590266100957,53.25372842810171,493.7148862120875,234.09495731116112,247.8099730458221,136.85992364030918,7.119203762637831e-05,0.00170391341512017,0.04378957140049416,0.006326576288580623,326.90921605400064,0.003057953106150206,0.022760893044073152,-485.8623764841399,41.1637503137073,150.82039834578669,34.17932124204807,39.995820894301616,21.92009273003007,26.247108445947593,17.89972227915782,49.61205653698899,11.449742472956899,22.094564667624976,9.309150566682632,-9.10165851265253,8.86976730289113,4.225733187269246,8.053044760279223,14.32608099037877,7.717721421114988,-3.3359762328435116,7.411381353338072,-8.053710135109696,7.147031293532832,4.600734911891985,7.394634406295931,1.927901158973492,6.730601081025754,a0278,1
251.31818809688656,113.94676892252318,638.2039220146893,465.64610288699794,523.556828391734,252.73428797362507,0.00016496447944804087,0.0003479199365740905,0.08411203883086253,0.025214254969872542,11279.330321994328,8.765773190682173e-05,0.11587200002252263,-651.3654305874148,50.24467865411629,147.54894366468793,41.537586424697515,10.391508932085346,33.5621601108821,4.814676429195279,23.148305925647335,49.719479721034446,13.311134865918685,25.939221864806065,11.77677491651644,-9.958265607297053,12.909104312284951,3.909043499493287,9.044178356879508,13.824693153888969,8.903539025601198,-4.668136575227787,8.454708138795493,-5.1277837163817175,7.398060387356575,9.665373835785937,7.548204281143433,2.61805627662274,7.3659336425253645,a0279,1
151.41453902748836,59.79310220710041,420.78843847760277,269.2587020964354,257.63065129812,159.6303358833044,4.408022289891747e-05,0.0004681970732486165,0.046572938814906,0.00828233072678202,7548.684558501611,0.0001314734064179223,0.0026321246564347403,-572.8843456751291,44.37334625039775,108.27665056510457,41.648033997183745,49.633768234669326,23.85078507169665,32.986783304394876,18.575593034781036,37.45904454896625,13.617185757648798,22.651969214766883,10.503635753030489,5.072792137657681,10.169814556935576,7.4374005578568045,7.415414803852095,11.098288943696755,7.591997106912664,2.0414068962792777,7.935351630525741,-3.647517159637657,8.035353633354555,-0.13878224196129335,6.983131481841686,-0.6557166488808497,6.165053599633451,a0280,1
149.33609502527378,46.6308420597929,393.64508143442845,232.46766507378803,267.3747200447928,161.8703292202265,2.2108993938087985e-05,0.0005138176913016986,0.04132291958286674,0.007368689054206111,159.7432906619756,0.006259043590619785,0.011285687614449667,-476.4505438171851,25.60614277941893,158.36904954297572,24.89615093609254,30.261337538831096,18.834994064808487,20.969484383662298,11.228873323307749,55.46578199065051,10.760060589675655,26.99416048049215,10.762725513367403,-7.570829930442185,10.234839508758926,8.34937011487655,8.250162521005564,18.702578910779483,7.927180902951635,-1.7829129686664276,8.037296868684301,-5.261732912713577,7.636114581386384,8.708242563903276,7.805873128520537,2.822597794301693,7.914002696970876,a0281,1
162.25325505741512,50.917368084544776,486.22694654380666,258.95689153108503,291.6713294538944,140.6919036391938,8.262786506151391e-05,0.0017067274870501484,0.04195109668755596,0.008149766668886442,516.7389311721408,0.0019342130994886302,0.08780426070533573,-528.6168146324179,45.91128508414683,172.0583292233094,40.0717058029773,34.53197830613679,20.23671615770244,5.633432726779265,18.26455709037862,36.07860105539581,12.121748966478364,25.35699199065894,10.324152599125076,1.4677717299226165,10.835422549802184,8.838239007399391,8.357391629936803,12.591075052973753,7.474669351860148,-3.161935204964683,7.0431476843486935,-4.567322506026683,7.824723132405491,5.683230691586033,7.039660079353467,-0.011560065569847438,6.211870993371023,a0282,1
194.7788345805718,124.26235705519456,716.50432277789,493.60570548213576,328.6523234683281,222.09246901149646,0.0003387421477791718,0.008125170375121163,0.06282653491692627,0.03716706397039404,4894.590069586247,0.00020330719155544393,0.05084451223633713,-565.258526915841,65.27026194173101,129.35322674424404,47.517476635686684,37.689040267946744,42.44888952145886,15.652175000291821,32.654959954580974,32.806900204414745,15.069571833835493,23.28630334090045,12.782817914978141,4.136136067134212,13.615849995759676,6.003981914457112,8.254983790604456,8.089403860181678,9.43295335861107,-1.8584669489998662,9.119772328100616,-4.073698323830939,8.024263846188601,0.5987043547178847,8.120210440875123,-4.452734844745571,6.558535322095609,a0283,-1
192.50772682235242,56.60908653129808,421.39687521896326,291.3612874599718,362.6611547085202,186.12569221889743,8.01527422741883e-05,0.0013040023199103051,0.0652659052690583,0.01204410213027357,6917.887254601187,0.0001435527985144128,0.014971020601532433,-534.980804826191,42.32391648940012,122.01520365252026,44.3259966974818,43.03697385018336,19.999710933987554,26.468714107397997,12.473536780230614,35.47221781000997,11.613714837533893,13.84039326652379,9.82648322678962,-7.429732562298156,8.855586929493947,1.3335623923704552,8.074456876101143,7.105096561021666,7.117255980265658,-5.436669957814087,7.099169433705532,-8.55130088388307,6.520267974867651,-0.6214940393696378,6.520447787281206,-3.8307915103085137,6.053376354625095,a0284,1
181.29851991635928,57.24735365538479,574.9537207897215,286.07838086170887,332.61631165919283,146.74876818907754,2.4017586064267145e-05,0.00037233705618617803,0.0511613649103139,0.01039946471528039,437.3743326930037,0.002285370900800468,0.08694875944879156,-517.8968272419212,42.252478665567324,181.6953688745413,33.90937871484264,33.540268969263934,24.223576944274665,1.8517218626953877,19.08519869404838,36.7057375831882,12.140467335222164,25.528168740303222,9.952807831117173,-5.640639535211975,10.634029586951158,-0.3878759191307532,7.72328923866215,9.513294294587364,7.4244039301535665,-3.0051636378170645,7.469520468792372,-7.295839146365669,6.93802947505876,2.388846067344523,6.921025185127652,-0.6824622707814564,6.178277932153752,a0285,-1
257.05565141393976,104.44371863243654,696.1355939065709,464.011529004648,525.6586322869955,223.28622542351437,6.937446796799552e-05,0.00031062138455244953,0.08711857132847534,0.027123801192908237,7140.572308896565,0.000139044790646698,0.17257595227784134,-557.4337137003295,54.1918319020716,125.89435554000966,40.14037319184731,13.75291721046329,27.71046033540004,7.185913957784475,24.38165883685911,40.09087016655585,14.361760244264891,17.513587551660464,11.182926396618585,-11.130514686232178,13.285213275821256,4.096072014552077,8.852863908871745,13.72042913002337,9.04879209792913,-5.318086863013993,8.837485388271064,-10.177781675872254,7.919053358044642,2.058060618124428,8.723921361704589,-1.6132234855061338,6.933337342781316,a0286,1
143.46013912918633,40.61000458572446,404.4381609266237,216.1075656488492,216.99319948186528,96.69129903376596,0.00013312424107028438,0.0025806819534229136,0.043601744656735754,0.004920646546319194,318.78866211903556,0.00313587429779747,0.010005543089692303,-504.9129851652236,36.10398541003768,153.81636511782955,32.301406299800696,49.57650290364303,18.62607258303984,30.35581112027225,19.57652969328618,48.393029381886855,13.160080089878075,24.14882018782817,9.621199777696035,-7.045903188704793,8.741781419715634,-0.8894401059034558,7.421813270220032,7.5225365427049535,7.470100062591757,-4.78929210123074,6.985179747707494,-8.95705303834856,6.634453009140024,-0.6643355897285181,6.5141467236583255,-3.009247628165539,6.162766709372074,a0287,-1
209.60929562441854,73.62078320711855,632.4512367442805,329.37231643902817,422.89982030548066,176.708256547556,5.8900666922826096e-05,6.592582585165837e-05,0.06323571217991913,0.01939639853937071,3665.954321600965,0.0002717802290376,0.11980224154784118,-610.0574717259386,50.90876464259609,152.04558992637203,43.86982496752593,24.935924933258633,22.319041263455063,0.5150549271228524,18.491873507923632,34.452340931383524,11.641492836005217,25.843813463798817,9.960619401079255,-3.0778057082634094,10.875378026684574,0.4993188852324319,8.72713508247238,10.144849505495605,8.19067234079711,-1.1028719444667283,8.101410434367345,-6.994566907902277,7.987546640463812,1.32066476069443,7.543715280736688,0.27117892140375593,6.5588956380147,a0288,1
140.72068181997244,46.9174723671042,507.98965228559007,217.6728103270559,223.56703367875647,108.01866935662228,6.5467161390204e-05,0.0012941174731410242,0.04438906654792746,0.006892446752671478,1340.9016627010797,0.0007447668133999349,0.003920828678468091,-533.1049464596529,34.66247977531862,120.29413961745527,34.64387948814641,65.16037928689593,22.63058316989872,33.86149140254997,17.818166753657824,27.53603710457178,12.26130726421993,20.062909705420488,10.126571811992013,7.500471936666143,8.73674116039441,1.4954473904910237,7.715973579681527,1.2016395068397634,7.595668879864235,-0.5310929311693066,6.912319428382464,-2.4546842702256484,6.490500030209402,-2.226339168983765,6.1470673467170815,-2.6844800509386095,6.039054988164545,a0289,-1
183.8939023714205,77.88410326363382,531.5373218798004,329.52859333972765,320.02374229979466,160.102474406383,0.0001298763655537374,0.002305688641617989,0.0557347479786961,0.021418879640324785,478.55352616541956,0.002088630282834414,0.26621905104901283,-537.3453093189705,53.57398287420754,185.09917170174995,37.08669077041316,32.02582124897158,28.41675234693628,3.3541643255727442,27.60058029302411,38.5286547897021,16.16229605136924,21.83751536456114,10.324299004439608,-8.43953115999982,13.255487609824844,4.207381266429468,9.16035246960383,15.019053906037493,9.615593294119455,-2.588670429742552,8.734810656550911,-7.817055611901349,7.85504878466574,3.764189228098484,7.47323448121528,-0.318904839802155,6.983066015996465,a0290,-1
176.22604973660927,48.61094559636628,398.5349277195855,266.5654584910712,315.1065022421525,148.03663286174714,2.2498122353462652e-05,0.000351333105266274,0.055185415498878926,0.009816548992185639,377.0509487847391,0.0026511613360094,0.02416487891372121,-496.54136547258264,32.06398849900582,173.4160975999531,29.91357161265051,32.02397971866462,19.920556680439873,12.091993740725883,15.063312346272843,46.261830796276726,10.46429733489491,22.882981281132086,8.60616308434416,-11.047402061386126,9.17815849056537,1.5235878943845305,8.763889040065113,11.282863439697019,8.186942948611938,-7.6062734794691504,7.512960542175578,-11.28240321199002,6.742563534016476,2.784259796934188,6.761815581213359,-0.8064004269193967,6.798931144757852,a0291,1
177.02673146528068,53.745642443180216,450.5731360572724,266.97914454489586,335.1852363074205,143.14156483382766,9.663275968000395e-05,0.001060026473987386,0.05164609444015018,0.009767778690656308,3074.8990329169947,0.00032421385322906445,0.1116013966263889,-668.3948430150507,39.82659462585122,162.64676895756273,35.45405157015844,38.150504007643356,21.893924595180806,9.734218238864827,16.914531533464228,33.14985418818154,11.476679138725611,19.986854856572386,9.577263619569484,-2.4638280650069793,10.433565953546783,5.518008163231153,8.230051645431274,10.435013506413014,8.04576659526125,-3.32741266282256,7.8501677597230355,-4.743676977361064,7.383529667123913,4.666154756595027,7.084999043070999,-0.23043120427732935,6.4671021582686326,a0292,1
125.53278216348973,30.299554376698474,527.8743019496814,164.0049439708305,184.13436524453695,68.77207940620661,0.0001468474812212577,0.004060257389560394,0.04278532697060354,0.0046110760742890606,148.74848868181078,0.006721757078420082,0.024378871794965628,-515.7016296615184,32.35003559928559,166.2273364173776,30.82453858112735,62.87888851716954,16.783324599212673,32.248729667132835,13.24731502917913,42.37651034529641,11.73764691191775,23.629393801036954,9.631130837687587,-2.5288143789658677,9.352124541491882,-0.09094853446400525,7.939365410681348,5.968688259910823,8.047377708289833,-3.082491578535775,7.0022277984990735,-5.913622786527757,6.625885077022147,0.5895836362116658,6.530335752978084,-1.9690790227262074,6.325224694459236,a0293,-1
137.60749206274983,59.08700408518539,454.341929143869,268.1521334967656,239.59725935828877,159.4553859845889,5.549738928047027e-05,0.0011882544655266686,0.036421342329545456,0.011011527836162858,879.9950718155716,0.001135369953933623,0.009471883269331982,-524.0092512064074,55.472956420812395,132.55749150251813,42.43287584473864,47.17467248257975,25.691604791347896,27.386903302041848,21.35164425077526,40.559490455056924,12.93419804983293,24.863365953084937,10.035243412937376,3.09419936490394,11.580536517466268,7.3757289987938774,8.205421958755144,12.158089290648089,7.729716892686673,1.1522259674678117,7.086055132199239,-2.7692958173957694,7.010711697166021,3.8478498563571812,6.285193469441281,1.8751060216626538,5.784900371656475,a0294,-1
191.9405905650306,60.13033105052001,460.22504353804806,293.56805722435814,377.3039544235925,169.70952226228763,1.0057175904079518e-05,1.3322438723711105e-05,0.056442083472966934,0.00990057344348488,517.8610881672467,0.0019300196974834946,0.02235297034245141,-476.60122786393623,39.016505419942,158.0428191545138,33.36882109667108,27.968307539661883,22.256264372064074,7.256381049832784,17.71025299625893,40.035692154015024,10.729258424859696,24.371397812920968,8.790671706259733,-4.245577333212754,10.933133117643845,4.262005238251494,8.18701599194784,10.666843936828233,7.809456353308173,-5.926309976671147,7.865726472875885,-8.319504305222875,7.1763621045326635,4.1965652495387005,6.728659998334902,0.2788902544942961,6.356516722492177,a0295,1
200.85902261405982,70.01104169137795,414.8836855340878,329.333128638992,367.91871921182263,144.10882599814633,0.00010594584151584781,0.0010075629050931127,0.06617173068041872,0.017914940163987706,1076.6239802621535,0.0009278293140361985,0.6100365587383572,-563.2573402418947,66.5191301384051,200.45880053943068,44.296481114141834,34.087480765311334,34.11648918236177,-2.252120134046471,27.34372622112659,29.175595928754397,11.810676554155867,11.239321206497994,10.496762566437425,-15.361336839487427,13.306130476345464,2.239099459601945,7.874549642481607,13.829952519112151,7.962548002626902,-3.967043149589214,9.125864728369466,-6.970130221850664,6.90065577594775,5.4343409175593385,7.067048815290906,-0.23708517605688365,6.339133461341963,a0296,1
167.23904466407953,46.07355834041891,362.0425189449037,249.35082875298693,289.68609865470853,147.20452342025663,1.517578017033019e-05,4.965389656487514e-05,0.054835955016816144,0.0077728487586205645,1992.4986169752797,0.000500882387868842,0.017256466385524662,-512.9596087282812,39.36463719689791,135.43902400546,41.733291579467824,47.85907946472136,19.540258008358144,29.449793367973967,11.163912463511119,40.50656947813652,11.280950242351818,16.55226357369269,10.911579618302914,-9.394027332824779,10.903023926952875,-0.17826137066391798,8.982414128293902,9.401842074792924,7.303902458542374,-3.204798391821739,6.566071724793234,-9.183812659561683,6.3245482489010305,-0.8079105521762477,6.577834370319927,-1.3849854040710248,6.164245118259467,a0297,1
134.2515697919839,31.82566215367453,345.90558812353254,183.83687813331693,198.40041279669762,71.52424239075587,4.707503973463567e-05,0.0011262761339507188,0.04411815096104231,0.004779209264487247,176.9415097201592,0.005650584849322658,0.03587462288149752,-517.989352075716,35.897935607541186,177.79697886182893,31.386914674097095,52.87479687301544,17.355896448109885,28.139909843581844,17.61381732097707,48.301861554916314,11.207014110822028,22.18855911113947,9.276042046066973,-9.39006946256568,9.323899300539248,-0.3496858104802044,8.093289313526295,7.377574613286879,7.902270110595481,-6.072354546417558,7.00065103772923,-6.105598517946095,7.053403309305598,4.367020161579071,7.052165251141603,-2.859762192071323,6.70568452874721,a0298,-1
162.05790323742468,42.54731236643667,431.9535735241423,246.79353759375152,261.82804404145077,114.99626141969628,3.5687669620430284e-05,0.0005987161997299735,0.04957648558937824,0.004855366866905191,630.0052279476971,0.0015862883000546794,0.0784824279856709,-563.5374679456773,48.32153978574616,170.89721698075266,38.36606941260354,44.560288133814694,19.182468410811673,11.538745068649542,20.13975180703094,35.21751911427875,13.146184702452862,23.690634232990423,10.59577327171199,-4.180570184087945,11.369030883111629,-1.405116702787975,8.039844411473219,6.830381400882254,8.104093054859296,-4.5565880533668,7.147282410044891,-10.699619091587834,6.819047976290053,-2.5968902559358042,6.72529443427805,-2.3349804646919083,6.3014678596687315,a0299,-1
215.3922699114593,102.72172378201324,675.2264973588769,415.03801889632126,403.4615634755463,207.1579596128948,4.5826090731445494e-05,0.0005125941021930429,0.06383477090920915,0.03466988230644661,1262.3300849570921,0.0007911857646940683,0.26911407128855075,-572.0122350539518,59.10230178502164,177.133642255822,40.57135995130151,17.07060902439875,33.71794162550951,2.3652506224069034,26.590378151727222,46.360246524628394,15.199969109587927,20.46109675147396,10.938203519874405,-12.97526563237304,16.727565133165346,7.187017800572688,8.982666604345503,16.300671603920595,9.867171068742175,-8.175358941845229,8.639525543997477,-9.640259668285024,8.306382783535796,6.881536957709197,8.276055952107441,-1.540706514368645,7.037460707307898,a0300,1
142.07258265635872,55.18730104155779,421.7660151684914,254.92159902178847,227.17095015576325,120.70592144351126,9.422582385324815e-05,0.002024190927826699,0.04229337032710281,0.015538751885906602,199.03202975464063,0.005023316768388513,0.033765404690184915,-476.8309201575284,40.67588087620793,153.90362625107494,33.68010543289036,48.1918947972845,20.056983523507956,22.843342485140884,21.871391791083134,38.174300877570694,15.679558678567318,21.21152783008933,12.681342161151784,0.0659171931211404,13.200812219863437,8.454755415963096,10.059490094853533,13.110385371974536,7.776627121633092,-0.14749476077890616,8.235429183789346,-1.5807391289764623,8.26658873820876,7.257701156653707,8.301281188841152,1.9735923488336131,7.325900567143709,a0301,-1
189.93517654082126,80.9503486897036,605.0359241644761,358.2300557277717,351.61800621669624,182.48090887285446,2.8262067090721902e-05,0.00011957710930186939,0.055082548151642985,0.024888505642130954,1519.0081187434528,0.0006573242626662276,0.1835723695573888,-593.586875124513,53.40058501972789,161.50259291176326,40.35833495830324,27.8421312207593,27.01946278486559,4.595975731865886,20.944965301306368,39.26982846541671,12.548355403270374,25.70933931627476,9.887300897902971,-5.556081622666269,14.617362686958568,0.7649723042499303,8.986406736665755,10.926195794237357,8.687578985704128,-2.1917776476646633,8.531421485015285,-7.046955275792532,7.976267195540122,3.0435244047317256,8.595414101355315,1.0568273593175124,7.295310071981001,a0302,-1
195.93337248329695,61.228566303649714,472.3172148241888,310.10473394892443,369.2959673815907,155.14481781330053,2.542012862021563e-05,0.00011572245498037754,0.058046560824396784,0.013136250795628383,3657.845310800979,0.0002723849793989748,0.06889803343722925,-468.57674727497437,88.30985321044913,148.4851862045352,73.1921014679066,31.939199846079113,21.60185565450916,5.255333184781134,25.376862811514425,29.08289873836184,10.278029528976033,18.10800709795357,7.483631957513979,-4.706913186216036,14.571218958032352,2.267266681143624,8.802316603775477,9.586292765041081,6.8670976298922755,-3.3109006630816396,7.646945725191001,-8.25553960707259,9.017802477574987,0.35742217757300343,6.527693464372178,-0.7938591175097699,5.603009315676974,a0303,1
219.89247108213704,77.10444206547926,533.5980375195983,377.25298648123743,404.6594730941704,174.0908909105032,0.0001261463718196091,0.003021412175616328,0.07462995725896861,0.028753374804324782,2626.943553836504,0.0003796705088207477,0.8867170844778507,-564.7857999485581,59.19205513563868,141.48515843877755,43.87581771500993,32.66843761922739,26.048737884011324,11.12193746484577,25.397868917486957,28.20344772042003,19.72026623550378,6.066931122119628,15.687394399470064,-15.375211974319669,17.26116515605146,3.586416957337291,10.445435170196282,17.357067060308133,11.340435064825078,2.5035901039684214,10.940336579781166,-3.948119430722884,8.73068017958584,4.45264757615317,9.414409382690398,0.6598555812042715,8.373474353092824,a0304,-1
249.02676760711452,83.14946055886409,496.8233563407861,375.05292909899543,625.5035810205909,259.4547550009731,2.877353157784614e-05,0.00040007278839362953,0.08489274423679499,0.019756681856252543,816.9511222153892,0.0012230633920325973,0.016062879961239084,-481.97568034844335,28.783313514821025,119.21818413102442,29.874234547723397,3.74474813124315,17.353118787178783,19.27691951317849,12.970542412543018,63.90599942193243,10.394056251648664,26.228756150222075,8.927061055602092,-10.63061744215131,8.628983515737941,13.354187591860208,8.167425432470212,22.175085885201913,7.762742749775008,-5.816354982135027,7.463599505227364,-6.048814145514151,7.094932394255538,14.198819416107726,6.655030963086612,4.377693034346835,6.051433626812733,a0305,1
124.32727138985646,33.45673365811405,338.4434044732252,179.59754338217897,177.55088726513569,78.06395488018339,6.543061429340853e-05,0.0011840894263740488,0.03956963971163883,0.004840055401430273,1638.0798339279002,0.0006094708228116137,0.01912712500444975,-595.4790133824209,49.18758051067605,133.42974465965065,43.81335990504029,57.99015274158909,17.384984586832598,38.99221928699774,15.341264807508908,44.508699815021515,9.326643891305753,23.679359261402386,9.505396113350859,2.9619649141520434,11.303803638550297,8.158841370622968,8.401621695431576,10.286774997269582,7.182168313634551,-3.235067767897726,7.3302073655098425,-7.1897197177392265,6.8871466310219365,-0.007612015711071945,6.017300142046275,-1.4977988414289867,5.789123653544999,a0306,1
352.7825814335435,117.62571164476559,643.0943353975091,531.0876642598619,699.0870786516854,186.4799263623126,8.254110381792948e-05,0.0016736220049436957,0.16846800386235955,0.04300855264218431,483.71531178992603,0.002066331583153309,0.1322586556755123,-475.8878992686444,34.40626949969294,187.14143705196275,30.049467225602523,-29.477511700411753,22.577186943227098,-21.7633644552403,15.92324560458116,62.47001764244332,16.81942748848729,25.462499041339544,10.807403754235963,-27.2409236891471,11.844916717010873,4.594319031889723,9.52068483050177,22.124269967943736,9.097880461586175,-11.434435135845627,8.842856521485482,-12.071981129931041,7.650217581425607,13.421531769994584,7.769719969976198,2.466854918548302,7.025032696813426,a0307,1
181.10193761625456,60.64548337393613,505.54603354289156,270.2534563475584,348.03549757281553,173.6177834184608,2.174311202522003e-05,0.00032916931264573247,0.054816444174757284,0.011338632914880286,335.49637503569795,0.0029796580313959367,0.02169362759810058,-422.938967261754,57.28291978466573,175.80181124784968,48.991704796112934,28.791595479882226,21.878747081951513,2.340043090464402,23.491287218547388,40.72728621138849,13.559050815981516,28.86675665601654,11.037234066800965,-2.362192842537191,11.64077718824574,3.9994475681840758,10.781746537737297,12.177693261513832,8.402039295190969,-3.432372519421834,7.64861820795728,-8.379910645753432,7.4467767226845805,1.7519335981457886,7.101332494140971,-1.6195648483925345,6.350213492208428,a0308,1
222.16488898181478,131.28833714164978,645.9827551166711,518.4076641824023,388.35006476683935,226.94048098879836,0.00019906295146451488,0.003525225788854792,0.06619980569948186,0.04438517155268728,291.1986274257304,0.0034330819271976222,0.4242191957194979,-501.38984924689277,67.1168748146658,187.487211544182,41.5343035606199,14.947625465672635,44.793995995342996,-6.403532396334231,38.21079912017084,45.24000036411708,16.71915601847811,29.970615559322063,16.40147623425098,-5.134016491910248,15.17920116902476,7.536950954274918,10.249698068862493,16.758122626641807,10.941549438647797,-4.568990414341409,9.352083641251166,-8.117064497428391,8.343194058467295,7.0023846723738465,8.96262886848025,1.7447615116509672,7.161126433751911,a0309,-1
158.8017703506198,52.817963754213494,442.2370399785451,250.41668298492579,271.25161917098444,137.26429506589312,0.0001492262772987038,0.00261509661589252,0.048391454825129535,0.008055321393307169,3403.697404434782,0.000292798129903114,0.027069754269888315,-595.6528016408594,47.29533743144105,139.6725048374208,41.94884446946803,50.03616130127349,23.678717995950674,26.93686262123534,19.431274253154548,37.22269376081333,12.073961795088271,18.793477175227977,10.44479642564178,-3.77184967710649,11.499757258326593,1.6034437894332645,9.450267752508875,7.569867644324295,9.001627899329305,-2.33973708670594,7.882415311522597,-5.305825490230643,6.8242675400433255,0.7794243934508372,6.441921116518766,-2.1092638559530146,5.9606241299933185,a0310,-1
116.82938950328948,37.884297599353935,448.53635474185177,172.78653132548297,179.9384715025907,88.4963356296673,0.0001872433157665905,0.0035824856603990395,0.03975722555051813,0.005537572164362692,270.7639066042803,0.00369225431108803,0.011340425375256424,-514.0725617199134,58.00157941447875,156.69583949407894,44.58075576788709,72.83233310280063,21.014578915681017,35.51036116431243,22.532349257829438,33.291157805202104,10.701016065341951,20.617061911336542,8.382126238063968,3.8137963158558352,9.93496417003142,3.5244520477141865,7.447799895117577,6.255304498010201,8.367926800617688,-0.1637754063761801,6.94804850829902,-3.631221404653923,7.076373508594393,-0.6085188881000496,6.417737264504615,-1.7937825140278147,6.3457434796057655,a0311,-1
171.5262382421494,45.31110733749508,423.7779401606764,256.64570907272935,347.7578475336323,163.69767142204307,3.253847714759825e-05,0.0008574456464511979,0.0433208380044843,0.009980687179784523,220.18707012580734,0.004540592574678294,0.032810350350551055,-468.3029569299185,32.60597803505948,170.60345414019451,31.45834308405135,17.332160435457578,14.7150856848251,5.134621663526074,11.38921468842482,53.80732570088835,11.139105374614228,31.410948399751533,10.457102838204294,-8.341289595992462,8.850614598876959,6.248115153803966,8.57836798912127,21.34832921880014,7.453398566040666,1.5287298155181241,7.263050105031643,-5.705873538218391,7.0779178744383024,7.880251719234783,6.6780857092959005,4.235001268130732,6.624882716955624,a0312,1
151.08036417817442,53.33656793145562,401.58157447652536,262.7112513654748,254.05716531895777,154.60475533729786,6.04503241063205e-05,0.0011526750143514427,0.04589712137803235,0.009244312535423328,208.6787979640556,0.00479105346884565,0.03542408511799096,-495.058069404283,43.22527740284216,168.51355712975254,32.94199947971124,45.957032961653034,27.805171531490632,27.472761891572038,19.671109515915376,49.85581129876758,15.634024594928634,20.156435723948775,10.502879562854371,-11.123583369984381,12.085548595946294,4.444272817443621,9.01872111069255,14.029826577247636,9.113059631565289,-6.073171391468518,8.85490329584347,-10.75210509585959,7.649385504192558,3.004985393330778,8.679053781996393,0.10168688357359408,7.734759250030715,a0313,1
213.38445641470227,39.8793488315147,402.7369360295016,283.368044369026,396.875,84.56566707001207,3.66374715601738e-05,0.0006456841174886676,0.06489976986434108,0.009333894695785406,19.356974869043924,0.05165996322697806,0.2300672870183743,-378.9737145545397,31.360535653479623,257.80994480751974,21.30095734742123,15.32928520916999,18.3269732408537,-24.952772726089922,14.181957415661898,35.489908829857285,9.719495979708368,14.900667371088735,8.144085385875243,-22.424264540409133,9.527498562919579,3.4163211508650124,7.159462028364626,16.928885079996796,6.398551632068758,-11.079422003971871,6.452260344221802,-12.49452085362561,5.628720680725734,7.161706030024304,6.047671299506253,-3.058186695015175,5.832494714983729,a0314,1
210.48845489092312,32.37363390776284,313.4956597142819,267.6777967075847,373.84932170542635,75.259342313113,3.861453810368693e-05,0.000624229183371533,0.0723186167635659,0.00818114188355222,44.37063856535085,0.02253642554557444,0.28168514357283597,-404.6077502732352,36.26533035497785,246.57357523255826,26.31312596864458,22.180294998967373,16.521671128873514,-19.518432818167724,12.883148954704561,32.59130216036805,9.786996169389884,13.205547078556116,7.424575233398155,-22.27799445012315,7.970817862969479,-0.6131600630697572,7.211128621111389,11.966569942433827,7.641668098308427,-12.196338031898671,6.927606197712639,-12.551805289648916,6.08324459992565,6.919103509861353,6.387597453920203,-1.159555942700163,6.25966977736745,a0315,1
140.61506886312748,43.27467156843039,400.6845870801675,224.6689854924648,220.13081395348837,134.80425229436824,1.0794387200959636e-05,0.00012763929761197654,0.0386733890503876,0.005329481774046406,118.65689515149428,0.008426659957333757,0.007274639179908555,-455.79555966400164,29.69112136629028,158.24460182345726,26.329553500895724,29.287251482215066,17.36892156149603,19.51989898946454,15.127459801995261,53.54735984766998,9.592578969768676,26.944162110061633,8.814212488016741,-3.540963291144684,8.92185987608949,13.318776388961846,7.728657665336395,20.17041443913348,7.053774524536616,-2.3641504822810484,7.38980623074347,-4.400963067607163,7.263725969963452,10.003009600690268,6.881899775742831,1.936948444746813,6.028496393051642,a0316,1
173.20958161745764,81.76179363371944,611.5992194434721,340.43954048184014,309.2756826320501,177.32523286087516,0.00014218495275666252,0.00331221521430547,0.051493345036929275,0.018451786223513393,1315.675096609263,0.0007590659747091667,0.10573425188362842,-581.367366667602,70.92151866674308,169.32651550123205,50.02477403653041,41.97255986290987,38.18829604743459,9.051058717257378,28.23851448798925,32.270937648069335,14.489435185911923,22.034836169325946,8.979234023835332,-1.459188182954965,14.602646189629375,3.0375660771440325,6.690874014839882,8.456775960886501,7.836557001220614,-3.4258778687184135,8.837016509305839,-6.608102087591317,6.987990312257072,1.2113913661314446,7.131886718545293,-1.3143719789259207,5.70196086903908,a0317,1
135.59557867964287,56.52481610170214,513.0549472054163,257.37329478851717,215.5883431085044,145.54314235916064,8.665288616713274e-05,0.001962421378591525,0.03701200513196481,0.005176772677132783,196.25142483282306,0.005094504223110697,0.013830068288230139,-490.7291690790895,45.79083856492033,152.0508980706935,35.497332545572995,49.185129308447145,25.614014412367993,34.57117746501887,19.673137725829726,48.56048920823254,12.646684632760067,19.016541458393043,10.413987671985097,-4.028726632686524,11.757556378733897,10.049993598990346,7.42015322192794,11.252332178861794,7.230258864195902,-6.615259670324671,7.457651932741172,-3.5594319793621443,7.21573875276565,6.882823533551745,6.4907680297915675,-3.1283105868453496,5.942915491041157,a0318,1
143.98554952142948,66.19307717467795,564.4023347834668,250.53009652644664,237.13643428063943,149.47268220702472,4.6282496602784714e-05,0.0009923953662088676,0.04169254065830373,0.008088476053435054,424.7732305818936,0.0023531971875476233,0.016284182208944727,-541.4553307436009,48.66183244172441,167.62712792693893,38.83320344514193,44.21072239838914,26.38094051554981,15.158513941841152,21.282849285255875,40.139541232267,11.915163671298965,29.03828782241724,11.256437095526568,3.448057986044452,13.308940265101702,6.485248671948037,8.43420370538386,11.37214157813933,7.732923601347923,-0.6548437832851121,7.495362638084655,-3.7096612926302894,6.790018747171908,3.9431054500454854,6.890636328049653,0.09557433175512198,6.506297390817953,a0319,1
114.43079117046199,34.429501673842715,448.32030339209933,164.6067887447992,166.24776586237712,63.798820172981195,9.251375769874175e-05,0.0026316465188015816,0.039322567582663094,0.007603423160050988,260.19916486191346,0.00384220975006284,0.04092418429850565,-484.84513253632565,85.81114722158574,153.25762198283178,72.69205521387178,70.00705867158423,20.442181075369252,32.779531789183295,26.837282575634383,31.428930630948276,13.157143523227308,20.726434446846906,10.279238264304414,5.036852114121006,15.731827766384125,3.6792067433681677,11.792449738530774,4.789757888466659,8.96896358217748,-1.930319301853629,9.483805153834783,-4.918653036358422,9.314293191942841,-1.7411307818606385,6.443528066099889,-2.994945786955007,5.727559183354403,a0320,1
152.96988165329125,55.47949828524337,578.0298914268102,234.69615588660494,248.21405271398748,133.87153187643443,2.4901327993387656e-05,0.00036821039726510834,0.04558446959812108,0.010799304999848106,514.63004986931,0.001942143342608301,0.00947223267660948,-521.2874474976744,34.51549774490025,162.3987864023146,30.440514884716475,37.07695744299214,18.47935172414737,22.792385563232294,15.515185145277387,50.086498650533834,12.097344538745524,21.4126289138754,10.341330392319206,-8.550787745909641,10.486445301755616,8.89547731527595,8.954718953783821,16.862923553689253,8.981332397759244,-5.462107149479603,9.074295490140509,-8.881709795202678,7.580645684156619,5.528115395878243,7.4723453678077645,-0.06153201068457741,7.241015364092597,a0321,1
142.57818734991977,41.95746063813187,410.43108783039344,210.6694841575168,212.78335492227978,99.66755865394985,1.8928221821591147e-05,0.00024051306783149488,0.04726714297279793,0.005095614591177175,811.9203274631647,0.001230647869139586,0.020476230863786662,-566.2423675136577,46.37662140756475,147.50021594515567,37.23275953886157,56.516614288934214,19.31901264558607,23.446765896975673,21.09555912327204,31.89126573398687,11.483351888807164,23.527073603687736,8.720653847872365,4.101825235631839,9.371895364277787,1.6984906685003234,7.631098569846986,4.245874733068856,7.320537639334209,-3.1686316904779996,6.989182686343638,-7.591794198041361,6.628296656860276,-3.942773870363664,6.189671436437241,-4.710767049400793,6.293353982622009,a0322,1
127.14443136278553,46.8948869094717,444.25885392085564,199.98239700262576,191.19428294573643,130.7957107129674,8.198464237568526e-05,0.0015927390820521608,0.03191845324612403,0.003301969646529833,211.74708331241027,0.0047216150596199585,0.01081674232538956,-487.1399642651818,44.69020143468815,137.04731265610027,36.962327554850795,38.971398610231866,19.961598462184913,28.480250691898735,19.325657014618525,51.49200487333689,11.14957404881975,29.270637571737776,8.450787643699568,2.8212817125674925,9.668681582299804,13.276875868429673,8.877292348427051,18.36565017445446,7.633909935605668,-0.2905422348953732,6.934307756194465,-4.365916060041911,7.206715389120762,7.294514082719655,6.782107898367408,2.953612087119043,6.672984802233142,a0323,-1
137.8008038530386,37.36501169304452,389.6937195194531,204.27229055524066,213.89543163891324,93.0680737949862,6.940063826962668e-05,0.0018407522042188902,0.04348014009092901,0.007192141171797469,345.8411752691303,0.002890500593308982,0.011477680688638268,-495.6032293478961,41.30960424247258,160.4642161189376,41.20408643266239,52.230989702025795,19.00178993005168,25.655476288271327,14.716493742273489,40.60631329465636,13.254251409256774,21.30865174844243,10.65063156915562,-3.90926817799063,9.95091398086425,2.6831596329672442,8.416024991553911,9.200544999172795,6.777266894731823,-2.1667946760419885,6.758192345947454,-4.201136647530754,6.3296202990558355,3.3895800160470646,5.945789185621151,-1.9688581587203595,6.466045949330816,a0324,1
156.79816978622867,43.08561319814529,408.4872960948758,224.821067246565,255.95962389380531,126.187074402067,2.3056372616119194e-05,0.00033696550221935833,0.0484634264380531,0.00733443261018868,928.5728247376128,0.0010759214186623332,0.006061195108950761,-506.06110666093366,38.893002516009226,126.31429358691886,39.75043671900672,42.771561505051785,18.12706568154918,34.629727805461954,11.924453318136646,50.766512348655695,9.80218179674307,21.72216608189582,8.719107036135897,-9.434768058977113,8.74343615408534,0.16266034640295274,7.833149043204316,10.180265965541459,7.208132349923882,-3.209975685937083,6.376069078788992,-7.100141349721745,6.228346312181204,3.196449988159675,6.175530485677832,-0.30707408364195005,5.862752638138258,a0325,-1
203.64748583878955,77.0385755861419,688.9169957292419,318.1875744551638,399.5285922112802,167.57807944337654,5.2872417711300504e-05,0.0003011478182031695,0.0625349709042077,0.019648065600202103,6483.922153703765,0.00015322763014373678,0.12898378598450774,-573.5448560209193,52.49848442989423,124.03453510806776,40.848031259108566,32.69716532930028,24.65104948462644,5.662774745968713,22.061679934808737,25.112489622778437,11.980704827476048,23.54942506909608,10.208144378985834,2.6598663656529147,13.056271932287421,-2.089853226877577,9.59806533844059,3.9837454238082564,8.102563866444898,1.5288829573037674,7.568942074180069,-3.00505336119128,8.151450886764469,-2.0410060263807894,6.6989179716980995,-2.8578436404882455,6.128697566007756,a0326,1
199.9880780061659,66.81730019478549,434.3540062041052,321.5373441662376,410.9935538116592,205.10151346730737,6.845446621639454e-05,0.0005515503288666587,0.06146738368834081,0.015118826230900483,4863.350883614485,0.00020461953194165087,0.056588997683064045,-575.4815638246331,46.56984431797065,141.94393376151106,43.20944633526679,25.861905703437724,18.94957218048839,11.195143983999888,14.876576900994005,42.11917371249733,11.805845337996566,23.54393379227072,9.85096540063291,-6.679997610047439,9.97245490651064,2.8568720690943152,8.450563631158305,13.374531862996859,7.691028077661329,-0.8007032560420212,8.024768036641833,-5.587398245493178,7.337314331428573,4.323659295206832,6.869463954160596,0.7351128334025384,5.910365896897938,a0327,1
141.3382621362244,72.04870546573828,553.3443154925842,282.75661654056387,227.72502601456816,148.25184207332495,2.34153523944586e-05,0.000488299095870313,0.04332390982700312,0.018381625965082103,379.4578678207425,0.002634338556412568,0.036864356503737435,-536.3997490377842,61.94194732249866,157.68799899144486,44.67933097613983,55.4207155774649,31.88140350074277,23.408662277256525,30.839941489479603,37.35468058689264,12.596472547568231,27.67041062479403,11.852257988130624,5.111335701788489,12.136042210121303,3.866960871047345,7.776840487150801,7.4917884740253395,8.735276818543378,-1.6009253807951414,7.255692912681017,-6.721566807368937,7.174914063290601,-1.9741127674590817,7.438676619454064,-2.084238069801255,6.249710105640857,a0328,-1
159.51905072790794,56.16354183642255,447.56365848028236,275.38863253183075,263.2259402654867,123.2617409449531,3.824166965284724e-05,0.0010262540302325214,0.05194837181969027,0.01563058191651214,150.93894401829715,0.006624195028719189,0.10722268936839648,-498.30226773868225,40.634678206773515,189.02493833428022,30.651500099979028,40.20020754646143,20.148915744835282,10.06117787123612,19.1201380343246,39.43101059922349,16.179970470228724,19.736915789724197,13.09169561743446,-8.916260755965732,13.970924912540312,5.654104769955406,8.904392308141427,16.148851920548136,9.058155154537642,-2.116390608123003,9.132426808224114,-6.845585055746884,8.121463984534039,5.424181555794433,7.67278303137575,1.224573472580288,6.501041873574337,a0329,-1
239.1310658639917,57.487971169470974,539.7281247335316,338.4001657302531,513.7261771300448,138.4408446893288,4.229558978038357e-05,0.00016774028657264687,0.07275872337443946,0.01974847069757907,1009.8767719960982,0.0009892197070134885,0.3675851463843282,-578.9020672560634,36.05518153786174,183.75042175108442,29.344010530307035,4.659223669188992,15.49025662652936,-11.220275213900019,12.483912027438379,42.025452623184705,9.637000390565424,19.828779488441043,7.975747322215104,-13.248754092292378,10.390685572294268,9.53004352992858,8.287269769260122,19.89470284944927,7.533492477294959,-5.506499635447824,8.615106159277927,-6.137156628819937,8.078383094385982,11.770815566058527,7.835733643220168,2.6021722063737176,7.0405485018303455,a0330,-1
176.46159447202677,68.16042714276445,476.7914708804438,317.4660948085888,305.5186170212766,177.91724801381267,5.527252713474143e-05,0.0011514882415637317,0.055812241916293394,0.02323567958334426,1179.7531008779306,0.0008466349522870063,0.06250984184888789,-517.4692144546522,44.07365430227313,134.15628669508493,36.79350519223311,34.653826272269335,22.16767360718167,28.633203052361857,22.713784533555422,49.2207020644195,12.109283898040982,16.359833747622208,9.314873847077193,-12.688466909840434,13.333331058060955,4.438263095809991,12.636057502625997,12.057967211789023,8.022319515081161,-7.528409054233607,6.837567141442387,-7.889303082163868,6.077356593436292,7.235966598221289,5.92038412016393,1.2490443881666122,6.140286226393042,a0331,1
125.6631838431524,39.77533402156578,379.8703401283748,190.638116673204,199.55119680851064,111.98269985209842,1.102808758293952e-05,0.00023449232832187266,0.03441560352947695,0.0065171716149115206,86.75376403925267,0.011525876841007959,0.03493333887461278,-498.5314354347328,37.31305075783344,173.24458212146985,30.588906408920874,44.59797465494262,16.655885927242934,19.818114529471185,15.795451201014156,43.81206833471104,13.408264833377174,22.792115302126735,10.790724234668188,-3.147258676494225,11.618450278360855,10.732836870470084,8.682536761536948,18.70348984210505,7.99797930049492,0.6887265342154792,8.441260815052575,-2.8049408397472995,7.796423580516243,8.976154806870992,8.145700777498273,4.213936537314576,7.773628398952054,a0332,-1
200.48560947136193,48.64636617195546,510.13450484002357,275.60926698725893,413.24418084153984,169.23101030518882,3.0179174333769538e-05,0.0002674694096895922,0.05833583958146822,0.009266931321303042,877.8135948048575,0.0011381939391744758,0.24907378188497303,-549.2082080832535,42.19193828773925,166.55521728734888,37.968920690812915,18.327499303662545,15.276870369812086,6.919731189550004,14.511414914660572,51.02534571480767,9.98276291991118,24.825477562935472,9.010698397864477,-14.600565725905607,10.459325652726289,0.48876868435333515,8.423816686650728,14.789448362486235,7.20123304309606,-3.6549505062597145,8.202840448382556,-8.386420210648701,7.671578162775973,4.792796308234439,6.593001260161641,-0.17881476668931992,6.471282282369482,a0333,1
195.23661066989735,87.44447401303069,515.1621079190385,390.0554948827001,372.35846412556054,211.4888226255446,5.259148189289293e-05,0.0007606714609126693,0.05942229540358744,0.02811961343960205,1699.4599336248475,0.0005874221939131316,0.02997501366865718,-553.7483885421599,49.788463840997856,150.31060662617128,37.906693243782314,26.569965529220507,28.55130812750643,7.78959996233636,22.13799753039016,39.364988951131394,11.956055762278682,24.259932525106347,8.813502110197831,-2.227600348402673,12.940371165131172,7.309781311078725,9.360596077109093,13.934544527689647,8.369254649976032,-2.5517857614757347,8.60609360489414,-6.029442103263941,7.447495958098228,4.8207593259063675,8.858941086579888,0.5999550728244697,7.320430614441661,a0334,-1
183.29062492226035,96.50972482381866,621.7313709949709,386.56816297681803,356.58727973568284,240.39851512668852,5.9736317787787965e-05,0.0011123075160352305,0.059626669190528635,0.031173255153143516,1789.0831924329705,0.0005579454802813874,0.005700574183796633,-498.38158323698605,50.75658046245457,129.2161320292833,44.715004747498,32.25466309709184,26.638438204377923,20.18434207911267,16.75857758123395,44.86170846293325,15.497670774936358,26.085865649600088,10.30792791442956,-1.9824936723809818,12.683669804202248,6.213399365264509,8.550479972010836,15.994043844068182,9.094494027301698,2.207261083461975,8.261328844577726,-4.7795231982620425,7.61168590844863,3.8871615629749847,6.939975529910898,3.488795230709999,7.343344672870782,a0335,1
135.81751739622928,31.180473724735545,305.86799953649336,187.17671800089954,193.6328125,83.46177337407883,6.231372613973475e-05,0.0007881751780205021,0.039425048828125,0.004506923058888005,254.5395426196574,0.003927662477010275,0.0369038046654491,-523.3759127503154,42.53193451669077,159.56615185080614,39.939301808953246,39.61314985336467,16.890414420980875,34.30392241117667,14.919316797549337,62.19122407451634,13.513540920137546,25.521071547677757,10.46621520291773,-9.630484813894013,9.611123698383782,6.807469859689897,7.822104466615223,12.763101872610644,7.146517496771294,-9.35941366648758,7.122945993524124,-8.75127703979113,6.745060210756458,6.487690354396607,6.98831287534745,-1.5863928475672275,6.694426251250171,a0336,1
153.30849522144572,62.304381357687866,559.7807077421028,284.2636010284056,251.0848445595855,157.4993351317546,1.9888746675841565e-05,0.00015727035838209114,0.04653092616580311,0.013960822038093176,2372.2663557382734,0.00042053780773175194,0.017899529719850007,-536.5367105861401,68.83189549647832,124.895418355451,54.434355101236456,48.13886466070433,24.131607772265927,27.86617652830943,22.909448008001863,37.50646433678876,13.403747061799551,23.133909705636494,8.601885637393698,2.4112794390792787,13.00497707403242,3.95508114751231,7.124893407450204,7.662149953118228,8.509501182363595,-1.844125183504599,7.833835578823963,-6.824327532108814,6.8008872193373255,-2.6097154900266686,6.929361394671306,-3.72002253684832,5.695065967985021,a0337,-1
206.7260782026135,64.57948260874984,534.323384771748,314.24480023917283,414.57776292335114,182.04447915776066,1.6980170887845907e-05,0.00010316175158463795,0.06720786681149733,0.02251079621369943,526.7939321046499,0.0018972753635123768,0.057664488004085156,-514.9990101692898,37.593697135216715,179.5603265352176,33.48039261319007,20.715673340625504,21.879685368325596,2.3999916496812306,16.608408224158783,43.92298462163812,12.159192900742678,19.02973394546166,10.451170517453072,-14.842016480974879,10.967701293849247,4.466924071859239,9.138040575082771,16.72522458956041,8.776560362580616,-5.055991733888348,8.93077338619085,-9.094705104976063,8.04933393784027,5.2758113368715085,8.24365380157047,-0.6897440433991116,8.399633010570243,a0338,1
137.48271835818875,29.49039631049915,427.21957430142794,183.89226941255788,204.00084080717488,76.27970192654587,3.124856342911888e-05,0.0008190222582234983,0.04790323710762332,0.006206051941583818,720.9268062433983,0.0013861033088886528,0.016411012377396894,-515.7555652058597,50.85667275434835,150.0663377380561,48.27819814393472,65.21371616027206,17.092204993278994,28.74631093847044,18.559764379246595,29.598970694994915,12.330899609150242,19.610541932839627,7.7404748126086025,2.7949147693811387,8.78320014444344,0.3729937300062231,8.595939704767655,1.028495836242194,7.728616269943944,-5.924243612074724,7.49778490396809,-8.338458305624359,6.876237572823422,-4.020057763086297,6.284075776217639,-5.016744492247768,6.092949047434447,a0339,1
146.78489031983491,41.65196698413488,312.66792768647315,220.82569194557368,241.9769204851752,117.51838939938251,2.4515721548262245e-05,0.0005379896914948786,0.04003467542677448,0.008504888937232094,318.75895284991816,0.003136166481632908,0.11387202274911501,-569.1863188725789,40.95950931069272,173.54588380676003,33.94336014115059,34.84909141974887,16.767350907945,18.74598259333879,14.214670890878955,49.93017864888152,14.00290628616176,21.308833360581612,11.134025267567928,-8.94057715269485,13.555434757245788,10.340001169516686,9.115542273576027,18.23275581568704,8.378083223738924,-4.972674911002212,8.194298712049974,-6.644608019097804,7.540711655463589,8.767554833446374,7.098120981892087,0.9673384390854282,6.68528448886326,a0340,-1
231.50064118284894,94.35159717549382,567.6642811287752,414.745934974953,522.5161792905081,251.4869302468951,2.9507899054093103e-05,0.0002452006682004925,0.07725938923178331,0.03094288036179532,995.2736334085154,0.0010037487744218592,0.010750082325353169,-469.13594859768176,43.142554713565794,139.53899915622233,43.63805154600327,9.18300444202547,22.806941756951687,10.569137981522317,15.963756610898315,56.90049068523746,13.49892228083484,29.166194700661396,11.2355705796881,-9.011924558092687,10.73923681667745,7.470237231932907,8.959588082695634,19.669457051763903,7.4634883016174305,-1.1145999893079583,7.536257983654888,-5.143654408519329,6.946595642369947,9.046284040243311,6.876641789312272,3.080229883329073,6.5952288441503395,a0341,1
156.78469676261744,45.183987094132355,395.6509940683459,245.79566376617828,256.28850102669406,114.35689257153706,5.0891029988120004e-05,0.0011152667204937972,0.04758085215605749,0.006150003355624206,430.11015682986084,0.002323985640964346,0.10539806175923025,-531.2454434396068,57.3196766098121,174.55499977281755,42.007773390438196,47.280187570736324,22.479651863379676,13.687260393210709,22.68087827151654,35.94277827776061,10.718962846235277,22.899366745526628,9.848827334783715,-5.1683920898047235,12.40471150653942,-1.929731682778527,8.13819519435785,6.395799338518937,8.220916015907008,-4.337885504231651,7.512652059880566,-9.094183043885945,7.463461732003749,-0.8966325145393771,6.8579686689553485,-2.075116668720172,6.042713671721405,a0342,-1
198.21790949264602,63.49809648834218,442.2176627670826,312.30838990853687,381.4496145374449,156.90176890619227,1.8370586190135015e-05,9.823885339939751e-05,0.06690915817731277,0.01876410728867479,775.9263446351788,0.0012877820210230586,0.08333157994205924,-535.0823110253173,56.746698819145315,189.04725236006564,39.76412870014546,24.24501643681827,25.615327569610294,-2.6307330220081027,19.092803862521986,40.22171249939191,13.909493036610268,23.86556827383058,9.078140044792429,-9.87267260825028,16.64642564780171,2.857283978824261,11.115425349347593,14.464657448715053,8.595797149094023,-5.112825879184815,12.972115959835907,-12.366282535883098,10.521235056954742,-0.9867813024792451,8.852983950787502,-4.426815913036361,6.52233770605902,a0343,1
195.35477874193978,62.37731492563732,472.7818135861965,288.222666401191,390.8636567834681,169.54231094531477,0.00010695198694510271,0.0019525203069234445,0.058872767857142856,0.012526097190968442,1707.0397764078414,0.0005848094078678809,0.027121579439810455,-514.1470996016751,34.318160277416915,138.619671610473,34.41461111674482,32.79887072284706,21.37107113437905,14.92762493998677,16.253615944666173,37.64200457359974,9.845857766988605,20.292820286682375,8.1561485490792,-3.6074330925556817,9.174654237530728,5.890054700080195,8.23006226157022,11.547563721681843,7.79333833603281,-4.301258242339531,7.6053945414534665,-6.960763270576008,7.870080748928838,4.863485596522263,7.076672184322188,1.781026012559774,6.32987121743175,a0344,1
168.6147899931572,46.69066123478154,403.7317467029391,243.55311628856987,304.3926886792453,127.69712051843536,5.445995474729574e-05,0.0014617666191897687,0.05034517492138365,0.01070361446699211,227.66972085925573,0.004391327453167911,0.017858365572795735,-457.79025799554137,28.407429725907807,168.6156279078763,27.672951949002456,37.60337934477902,19.97195346259904,12.570708581501243,14.704749921012901,38.66195371795901,10.3605197397449,20.044755559629035,9.386679342097098,-5.0157216404336395,9.748234237566027,7.652091880956294,8.08981251119849,13.368162315051158,7.709897373460753,-5.865198008424933,8.106879396039583,-8.628970030168814,7.526578972495475,4.685976278215707,7.106679218046073,0.9516201118196854,7.3679445746209735,a0345,1
179.67401366594746,61.660229780536866,434.8146370021289,277.2543109937456,342.8515274034142,179.20194333653114,0.00010665117926166365,0.0021935054728632703,0.05573688791554358,0.01015615426105222,1105.6575857283055,0.0009034391102988891,0.024012158711142696,-469.33255560976835,50.377271252243176,150.40762219007445,47.40722484200299,37.04719617721797,20.01326834745542,18.12775600272919,18.53247613039276,40.5023231667765,12.233613818576739,17.901878342240188,10.578190154649313,-9.102285331033924,10.911725239296768,4.794080429952578,8.735563991172324,14.99412644210218,7.423046338007331,-2.593718389402497,7.6982573447802105,-8.476201559812786,6.0594376584041205,4.034331552625037,6.359289272087382,3.054806978703523,5.757464777118496,a0346,1
256.39851978009517,54.83046213315178,434.96164857702837,358.0215847882528,456.78371329211745,91.21991498003356,0.00016244269107194644,0.0027482366562206887,0.0883592844377898,0.015184819899034025,43.94084820926183,0.022756866780452852,0.32976954278726706,-353.6320021572362,42.71447535501185,245.286946890768,31.400607932774008,5.456260410122465,19.76900040493613,-34.399510614027356,15.788893693484097,27.355344949089332,12.019357509281381,9.778849679377744,8.771604472957303,-26.930666495265466,10.793633989923745,-2.114394048348053,7.622567826215853,13.335699212682155,7.557348446548314,-11.449323495990374,8.672939149875019,-12.703409680413726,6.840978661584844,5.937487274467055,7.210869743592138,-3.8641239255278292,5.348860648232489,a0347,1
264.4026112100505,70.8775343097679,547.3894463402261,388.34015440629133,621.4117809734513,185.27915776291698,2.5641848622153093e-05,0.0002708515920861721,0.09047246612278761,0.022694049864397096,361.0373904440568,0.00276879602637302,0.08499948649498171,-500.3322517496516,26.95943377733754,173.6976924452612,24.847626657961932,-9.252621962282626,14.48349533748352,-3.240757764152884,12.292545706217032,62.59204107310982,11.501073793736115,23.459378805877122,11.396849923764167,-23.021895521409157,9.597182125037886,8.11098889384622,8.007724459601882,24.70385718315373,8.653690917552415,-6.435449209222107,9.550844189208933,-8.92391339437311,8.468701639692238,11.458465593802412,7.4184580510664695,-1.0754119661024948,7.070151289039985,a0348,1
132.77734307540385,31.199175755152655,288.0031237546472,184.730721786366,216.96007412398922,79.3862204488126,1.1340300549739784e-05,0.00011523464719541105,0.041839956059074576,0.0052432610331854534,885.093677975904,0.0011288238655838083,0.0094927724194225,-510.0255589896208,45.051726831501995,153.60207638412464,45.498352941638615,67.04095651243351,21.027977388056932,28.62353031670252,13.785457506774103,28.22070612979813,9.838598853198711,18.556538470383618,8.037083257764872,4.304779674055309,7.81841041408353,5.433177456071494,7.011625410259863,7.907759336816463,6.569228603841956,-0.13253371391722057,6.2365972028173635,-4.64131112717066,6.064236813355597,-0.9438843357150405,5.767134128836537,-1.134442734890779,5.594158451171452,a0349,1
214.96422866112675,41.52691469694355,342.97134792812074,278.11638378598286,413.20569541375875,104.49528543712124,6.415838989751086e-05,0.0012275868048055034,0.07144338468968096,0.011334775826833026,289.2778889471091,0.003455883487225974,0.09058414979631031,-439.6673348762064,55.05564508887961,202.8138676812252,42.92133366704843,13.628023452904028,14.987587340426686,-9.58635886772895,17.370965136135286,41.91738594827936,9.632822353098172,19.37792023875054,7.875522921466936,-16.070469035550772,11.247901286567858,5.235433422072511,9.710434185851893,16.426083752469005,7.929277354136124,-9.83516054328818,8.4240357337289,-13.821407032182654,8.125246190471366,2.8243936233800557,7.530935522791945,-4.519998745151253,6.862497690007388,a0350,1
150.73936060976,67.76916051836477,562.1325838800516,286.0168359368595,262.22673766816143,163.30486429202526,3.2237603498620675e-05,0.0007937530219752099,0.03963398612668161,0.006783492784916509,103.46667172455984,0.009663947632659493,0.01764329308844975,-448.2048710731308,49.543441251990714,184.6165050400535,33.81272670111531,37.12085829342392,31.206881390266727,11.252247977071905,20.655826270862143,46.48700239871067,14.719463079928515,28.534079776662196,8.85987439709947,-4.849784417843864,11.832619299023872,4.399101396253428,7.5617977226775634,14.952547677853717,8.27511238556756,-0.6521656992350303,7.250577486840823,-5.514836116694259,5.998156445672003,5.059417483102217,7.019104072272868,1.3900469350076488,5.609247693576326,a0351,-1
194.21787804590764,79.46612027057363,518.5712054647673,349.47437632820487,365.0261563876652,209.15203976350926,0.00011674830858378896,0.0015112681194962103,0.05935994286894273,0.016462098846213778,6565.836843835282,0.00015130349935958538,0.036783144860119785,-614.3188844202076,57.80437696042335,146.17340784697967,48.05084691803531,35.12690372033999,29.9471103359713,17.01788053514756,21.60204203518858,39.04370602389302,16.13860496941462,17.262603758443642,12.41054764888252,-8.274814359411092,14.225446815431704,4.61723073571028,8.475355063792268,12.252190393856312,8.628197571185188,-5.263407701145516,8.409142636816686,-9.029199973562346,7.326430154085619,3.4091146635920504,6.8891543250836795,0.681330650679621,5.958196200371172,a0352,-1
174.03128658463615,39.18164356597219,396.9621586788891,237.81887289954415,277.01754958246346,108.04458227198947,2.3026890557055823e-05,6.959139701609572e-05,0.054951008774791234,0.007783649231529164,872.8934057677338,0.0011446150892755363,0.0870325415203117,-630.9614657447895,30.474018413205815,181.5153928867222,26.383253326126102,29.717343733560046,16.168411637507187,17.84732373669728,14.571620204157302,53.32322478073402,9.391304835260831,16.073730114025324,8.356376804691644,-20.099936926407434,8.509842994618015,2.820953184406703,7.424812478192797,11.351800018300628,7.032740815666555,-14.918487715693926,6.816575291053983,-14.02047763737526,6.405307286275742,5.924716880091288,6.585290961631906,-1.7522170169226037,6.452416729872964,a0353,-1
258.17609672872214,81.29335321394893,506.2900746032623,388.3227097939655,551.4363789237668,217.96470155835965,9.27674750902676e-05,0.0006844700482218235,0.09642832118834081,0.02510416928274993,1093.7388780655774,0.0009132947960278206,0.1514854164755777,-605.3979240561592,30.535892972141188,192.58630240659298,31.776834717290093,-1.5491990386348338,19.696339849030394,-8.349580570808245,11.777678577047697,55.56642630904471,11.183078972071003,22.817063013788157,9.315267748199556,-24.172600233102152,9.134446062784159,1.0370274179812689,7.915078718786051,19.811493750167696,7.701749942533103,-5.019159904782399,7.440381529569299,-9.34575684609469,7.382822249062159,7.87320879320855,6.287914658325987,0.7713310223456792,6.500937705053736,a0354,1
130.93373725204975,44.35516210715819,453.67364893908274,193.7693494376103,202.71781139575972,108.46612256577446,4.665764011516089e-06,4.4900455596188895e-05,0.038690250248454065,0.008633810291645796,211.9754269161668,0.0047165277569313525,0.01430191855712384,-497.34168601433623,42.467653541910906,160.89456341972604,36.032690724656874,49.088882846215775,19.844539426539953,22.790801814767413,15.369011944759398,42.53260981883577,13.898518682588705,26.585036967206577,11.903441062727959,0.5882357166331674,12.76634061649532,6.520592367175742,9.31767432990393,13.61251407255157,8.271864914500451,-0.05910118156738228,7.820320277929753,-5.530787009935134,7.704115902502701,3.5464161155067693,7.285167792786412,2.0236946777540505,6.566715878919508,a0355,-1
207.89878936574712,59.77282471224907,461.67411811453485,310.85516895388656,436.9044282511211,195.54043876644718,9.693543025404743e-05,0.0015346648071616158,0.06491819646860987,0.014884849557669702,1334.3854673303724,0.0007484085946745793,0.07006364665392302,-550.7698684869027,39.587375991634445,178.01768005127715,36.72815319848995,13.289850115345073,17.992502114608165,4.2196047736492,13.90855575631354,54.462337453922075,10.806865411843065,24.960353506489938,9.585265417315775,-14.671784195276434,10.120621610485482,6.4559662610775925,7.714531207406162,19.290461431622838,7.00846297451311,-6.099120684815419,7.681065840083027,-10.361423823187012,7.733540835050299,6.814706326021671,7.447227889059932,0.4749798192942571,6.490807668951782,a0356,1
140.7403827426751,40.96603532676504,461.5374528933337,203.74055776799364,206.60621761658032,102.95951361036383,3.939318048727513e-06,2.5078154499956573e-05,0.049229881800518134,0.005943871286029378,259.69080790838757,0.003849732996776347,0.010520826977677963,-486.2331054019426,38.715223392735275,148.23038574282026,34.20415205247229,62.23139831074579,20.898884082137673,32.098137499131774,18.337042251234543,34.87563748874729,10.946078869926863,17.419227624651192,8.747561162926104,-2.849376639504986,9.45997260407074,0.49416051101759145,8.513668049852962,4.373883695837905,8.11640720077165,-6.237907319503966,6.972816131569508,-10.611598841309887,6.929172266438787,-4.7149021468430945,6.700182937613208,-6.64806874438528,6.107180054368515,a0357,1
154.42016336977218,47.695570596359445,399.57605943772336,238.98493800747005,266.6545542635659,159.24687718983412,0.0001562265432151411,0.0027253750126113733,0.0440944464631783,0.008249497601702354,416.2602496191452,0.0024013431514219247,0.0035969857852960556,-503.99110164441475,33.810565374484554,149.62851812452485,34.91718713131074,32.33054610611718,19.26293955550831,27.4014079465254,14.913383331007868,59.00025712776842,12.551114102961565,27.196991005853523,9.812322209733184,-7.794389453880302,8.085638139346607,9.532128656821126,7.701965470505181,20.5910840919289,7.207375194387235,-2.034438093665176,6.679220528274738,-8.644663261546032,6.357785309051488,5.825959651275538,6.6087602630781275,2.8743499452124577,6.205798126314649,a0358,1
129.98939649834435,44.85742043506073,463.63168185486,198.4799438227755,196.57652661795407,118.3339024420715,6.5520966050721975e-06,3.12264856637114e-05,0.04005486283272443,0.006737477462041488,551.4439965869805,0.001812420687904343,0.006847325742837324,-544.0732145675634,40.39710101043747,140.82126946101968,34.95552199117315,55.63618764888848,23.594671376216564,36.53365382433202,15.533543773032598,45.00860808981729,12.197571951528953,23.54403050595559,10.33588961364471,3.1707907595022835,11.92519825541285,9.177759425188981,8.789785182431842,8.377992012599988,7.343239322387319,-5.837790951888361,7.032516172753458,-4.2652685056181285,6.885141557237335,5.160715425046146,6.611419146510345,-1.3149732582328901,5.873772472333766,a0359,-1
180.34963118039656,64.8502483565244,422.3838598661875,309.5586830114597,343.87112403100775,204.94577619868699,5.743701919376991e-05,0.0009215030462267424,0.05344219355620155,0.01056281677423228,1299.4105524767208,0.0007685796844928674,0.011675258480688977,-501.11878600867624,41.472177669726136,134.8893277390087,36.915547705937975,29.756387766450473,18.759561002399735,23.40844339323993,18.76758097607153,50.45235595646125,12.217852093197527,23.405541710813242,9.673171879723686,-6.636315975799483,8.937987278559008,7.01127448088542,8.801432946935261,14.863143263632475,7.610866796438784,-3.3865967123310527,7.087273222827866,-6.075919293506677,6.628544917081509,5.704656555771415,6.33567586193033,-0.354729036779606,6.1962980389463835,a0360,1
185.98004972638856,62.19838085889572,507.00907861024257,285.3675828430015,356.67408410732713,183.08578882593216,4.133728270974187e-05,0.00025174107732313947,0.057136968685500514,0.011353348238966412,5737.705434986323,0.00017328569250274657,0.006411440886757634,-506.8972577013977,50.12442039241667,98.54612609467618,45.61713361251497,39.64547388363452,18.931993748913126,25.798565056763145,14.412626154897314,32.647756735832964,12.638615038878338,18.15203542694006,10.169769779967755,1.2231610671399806,9.805530371514855,4.518437362584624,8.072318920862092,7.424823587190678,8.037432752092984,-2.029124072192044,6.817796749499986,-5.450221673597349,6.6453769416515875,0.027527373364028437,6.27097004771911,-1.2766296796603827,5.885060125085895,a0361,-1
198.75508678945124,59.04881769145445,503.19798710068517,297.2397786541936,386.92764037433153,179.38233628447063,0.00018246529479874922,0.003965836484992717,0.0655502346535205,0.013420992122905463,3033.822852737485,0.00032861711963765125,0.018787230142551115,-543.4726522686339,44.68443134052212,146.58211308592783,41.3560122946391,32.571379380410455,20.963575352272425,13.974741401995981,15.904320275678211,38.70117343118276,11.56751278493794,19.06504098413682,9.032361572315253,-8.562191142350136,10.827606859585156,0.3568851382501637,8.639274485997273,7.99209590981601,8.760069676898173,-5.801180132328965,7.810914289057158,-8.67906755558756,7.5312676013965705,0.683889490502957,7.7522122498898645,-2.7638558370378257,7.511694884075803,a0362,1
184.94045786942544,65.75696169966842,402.37362542771444,316.9521398014735,369.0405997304582,212.57217574929837,5.5230691296710906e-05,0.0009808761374642133,0.053001986466756516,0.013496772376555525,580.2307113341448,0.0017224523181979885,0.022711208330990752,-476.4073973230396,50.13625475576498,151.57854245074026,45.84051696231496,24.562327811828197,22.526717337110878,15.142941150451758,19.965729922198854,50.41956154437981,11.013692431055679,23.567727254453366,9.936950272490472,-10.983470016453042,11.224416679461935,4.715257473098385,8.351308055885509,16.5758409408614,7.0994218311916235,-3.45153872948889,7.735626779876134,-8.766066042749419,7.352118487886196,5.148932169415808,6.555202198771232,1.4920893452070556,6.159356202971057,a0363,1
166.7841799978587,47.92704675107041,452.37465246981367,244.67829793921183,294.1573064946619,136.90727677405238,9.441063215939985e-05,0.00194540990685826,0.049426747386565835,0.009236517340679944,1090.0764319611064,0.0009163668068731597,0.06202332054188148,-564.252458671111,37.39029497102294,151.33835935637777,32.223161230283495,39.47907570687006,20.257953724120235,17.748740957295276,15.707071929158795,41.699848064879276,10.177552855131685,24.700894512619026,8.76397286633068,-4.743873366190651,11.371281704256345,0.3430366019443578,8.979640533991809,9.603747182676653,8.496982900120686,-1.5363243358189524,7.94487185955085,-6.282851052515444,7.054365516286276,1.7419533842363626,7.183087192699549,-0.21431181478129954,7.011172239728833,a0364,1
172.52256673465146,59.63413063616246,479.28927055406416,292.6868129298841,299.4356732776618,169.08089763326612,1.115914449715709e-05,6.92772870708356e-05,0.049705807998434236,0.007826801406060357,414.91493054931055,0.002409132453769134,0.03895750588362036,-526.6829735161085,40.02982554248257,174.3930482744178,35.04218514541003,30.03875290774562,24.939038227496187,17.53582918634782,18.284799742661427,52.61166540946682,10.477405886318742,20.75289345666638,8.626784828765167,-12.815369156060415,10.922401943663486,6.506889483838928,8.01269756489272,12.605248642019012,7.192705431924155,-12.948805830456424,7.309914369730792,-12.562586358278704,6.8204922005678315,5.717782666746736,6.653371305954599,-2.4230991736469183,6.44297676958247,a0365,1
163.9252241248165,45.88953980108984,461.25718062668096,237.9036998091537,282.6583520179372,142.18637697886956,3.2202435676042444e-05,0.0008133439865620831,0.04674493764013453,0.008885025723063981,283.4235975103797,0.0035272875898930962,0.024062707052984585,-489.2255347714565,34.348018654893906,168.42923434513804,33.338817926507645,28.066240796880944,16.974727647098817,16.312780589702434,15.0686599179178,54.36243573062295,10.71452074270364,25.91232674646031,8.38166803294297,-10.523769356558775,8.759691441207103,6.425072852394371,8.071529461296748,18.35612082768695,8.438724028751196,-3.042371406212776,8.660811026350055,-7.983066724871508,6.878308172162948,5.882281720147265,6.488138455573236,0.2012952830566107,6.549794838324533,a0366,1
192.9386371862949,70.8412061363986,602.1987402787987,318.7678572691484,362.44946091644204,184.7673599241529,0.00010690678867700423,0.0020541705642229896,0.056678792537062,0.013415971463380744,1698.9666425725027,0.0005875930089385213,0.06418991861909247,-592.1461003680935,46.19740592281342,156.24599939052706,38.94819101157786,27.984219517988585,26.710336682933853,13.1593304864493,20.908490884399416,45.399878236731745,11.775213009748047,21.572187227385765,9.386740699739748,-10.375454446278956,10.825053768494973,2.5500475884613776,8.396637006652663,11.673991372924094,7.406226333976711,-6.319525244244734,6.9125064215310985,-9.490243501240405,6.901167609802811,2.6105577805951654,6.6486290549542995,-2.5996031196345517,6.151823996920056,a0367,1
176.4498430585669,58.07752748500704,468.07866644054684,298.634683101333,308.89047866805413,147.06709153356098,6.773723067109108e-05,0.0014856117300059432,0.056061902477887615,0.014346419266063443,319.1962081737128,0.003131869176656213,0.04064980319937613,-475.5327834518171,50.5619562125052,181.07128501699034,41.52656200137481,40.98249058274091,24.37444132765059,8.557628116682869,22.302673832703242,33.78905853366815,13.648935368113687,17.696952815149533,10.05211695363267,-8.023685707380155,12.022704639272492,1.733281455048666,9.714929606266036,8.418423833152023,8.041571807553037,-6.474523257799558,7.658595857067442,-7.83978452865044,7.365240353503003,3.079745452561988,7.209611956169579,-1.8974331653585754,6.601443716806215,a0368,1
117.11441080132379,33.463289746741374,412.1411875320693,168.92998911874088,176.7713133640553,80.7244987734859,0.0002646111607322248,0.0041527604801917,0.03470772129416282,0.00435433170285924,614.8416331426383,0.0016254350221564485,0.012415672978009771,-532.955188622468,41.514905599358315,136.09202279561651,38.63002095509978,62.78354508705712,17.263737621265484,42.96680378711743,15.63467124193268,44.10431974267969,10.429264907759961,19.306873644773113,7.867301999690997,-1.2508407936451955,7.9961627393166825,7.191622840996059,7.727925675979485,12.238462073732038,6.646486558377956,0.7318083555963465,6.416096641577294,-0.9527863940404913,6.599958168120672,7.182857491725776,6.564583853501174,3.253510654987072,6.342346215766471,a0369,1
175.1818673178863,71.04220638555113,523.0665714313727,328.71807544298184,325.39237668161434,178.69231557131738,0.0001298360499250976,0.0024602176339168246,0.04825795263452915,0.010195146618136561,521.1264324179032,0.0019179199909371654,0.05547657142942464,-540.3616084129579,46.683482768495786,180.3429856422933,37.87539447754097,30.333324744204603,27.649300056326698,0.7394107692440054,21.85224172342342,39.19312440208989,14.379853375312099,30.306076064159534,9.559434125151755,0.5065167360751243,10.499258856263191,5.726945025424499,7.42949655911724,13.463893233163926,8.479881838092767,-1.1316718153797782,7.801833778802855,-5.958618776702016,6.76399083374376,3.173305902995333,7.294854607136827,-0.7584191700071462,6.549762959499389,a0370,1
128.232029058695,50.035050012149185,459.0805650669289,213.68506519201645,192.6567263719512,141.16490824999272,5.797313146268888e-05,0.0011526631800001111,0.03472974823742378,0.005280829402404611,292.92955107393794,0.003412789958261841,0.010562503826715402,-523.2404554216134,43.98693176694462,147.8127846815027,41.328216726589325,34.64392150214012,21.259693603335254,29.438067904200786,17.168726837830313,61.58866471663093,12.095899737488878,33.237430343120245,9.293840055717464,-1.6940564353023342,9.378590998129368,11.79535840186354,7.516708069524346,21.84612127468973,6.79032888525718,1.0500101902752208,7.338040532411653,-6.000250046189595,6.113975766567746,7.233075168939835,7.38923191329128,5.553384774640818,7.885602584517952,a0371,1
208.46538461767372,79.33146966880273,570.3208832844955,351.27329868558786,451.352298206278,255.0588643940003,0.0001247334294198782,0.002707816762967518,0.06957066283632286,0.023924330417835343,1224.2849822984053,0.0008158032529413023,0.004755878014282539,-504.31123797145574,36.36184570912715,146.13403622777494,37.968208166269996,15.893969734775059,18.33673841971354,16.248463606459115,11.90671897126723,56.70313632832619,11.602078027301904,24.95403705461954,9.649374858477728,-8.696737999265668,8.298386715418678,11.749202508233424,7.732466112477253,19.18653051432466,7.13024056309285,-5.9470690938833055,7.030554568433665,-7.348397526883637,6.718593485596272,7.959947678810842,6.948381902016636,-1.3532192358409534,6.760039001550807,a0372,1
129.18068240089912,66.1999719419199,628.04178589068,249.83148150374458,202.84772964509395,158.39287561874931,0.00015225189361570813,0.003687549371815739,0.04116139581158664,0.02147462278794176,248.3705485794701,0.004025242089234779,0.006461743688201594,-532.7715298942294,52.59060229604669,154.34347649467745,40.39612461429029,55.568283778212766,27.37671381953246,31.281209132013423,23.097854155231378,43.36544459030389,14.122012333087028,24.69946398318074,9.90742685136207,3.3827073091399655,12.56094668890205,10.033359210231044,9.332397114282799,11.78206025921199,8.244162444860406,-3.4756034061637058,7.8999251640240775,-5.858619502948405,8.035226481055737,2.7416933651202147,7.1882112122293345,-1.6396858623238237,6.032674411322465,a0373,1
186.02026507179136,54.01847910176135,438.2765726655088,287.4272041836464,420.4018655049151,245.31494286252496,5.6570212483533625e-05,0.0011781815066698167,0.05100422740728329,0.011969424351390485,117.86054487659509,0.008483603213265849,0.012037001649691395,-473.34068304676583,30.574708294995578,167.59348586322326,29.795581826356294,-3.8168188594530497,13.817632233428146,10.574785729564598,12.694672389866303,80.15381852940592,11.969002498269031,39.19704461685483,9.84572951308811,-15.124919786124758,9.258826665200285,9.992401255387433,7.819450998667107,28.76489313800873,7.4905650490880475,0.8304873238538,7.85484146236836,-4.691022389239977,7.53293550372316,12.561303478697772,7.411292984516858,2.205536258505442,6.9020016231870684,a0374,1
154.586011201354,49.25633164052812,462.4211623244907,234.88575982904655,244.3086139896373,126.36451301071514,5.130641073216463e-05,0.0008131336667765572,0.04905986884715026,0.008119466332925812,322.86527519491875,0.0030962669662343467,0.010193966358084066,-499.75770364086185,42.23711520242538,162.659225098121,35.616381607255455,45.04495978737873,21.1391447819163,23.541548237179413,16.83799168207278,43.434797806540146,11.468488860009055,19.159561554565578,9.430765284160834,-6.750164580321693,9.272041408556312,7.116343410912638,7.553382020272391,13.081682349444137,7.734032919095569,-7.551859806845121,8.538283988263245,-12.019784385472668,7.779622672266642,0.7304160349191404,6.914244318118556,-3.1021211198346665,6.69886096192662,a0375,1
178.27520601366572,60.93709344538966,607.5565025697648,290.849196537254,320.5638404825737,172.57504941816376,2.634576186047798e-05,0.0004666642785398073,0.06047487642426273,0.019545778873580954,163.9492487652003,0.006098448254630564,0.04558472010674896,-468.464382977169,33.89127789065132,190.4640012269221,32.96387258022738,27.389212477711887,21.109340756465848,10.122484523925817,12.57255840336638,52.33952699765135,14.327017763249673,23.17427792382997,9.922152375538197,-15.08680479158741,11.045382920681922,3.158066200891581,9.734646271393697,15.10124900707337,9.189361487247382,-6.636748539384754,7.769791688955174,-9.049182880643164,7.0824995785077745,5.98303232728086,7.29083449920275,-1.468803127153121,7.712713882072849,a0376,1
120.00923167609677,39.94117569413402,425.8872436783172,196.29884095342146,177.863436123348,114.85006597896961,7.255457233905599e-05,0.002171983232385894,0.03479358824339207,0.004548520122980342,74.05830133740523,0.013501874698861422,0.004905787903167107,-471.3734420277098,34.04290590984974,155.75421774947844,26.19586335112308,43.3376757887549,20.582701168639964,26.720553790536375,16.92906407412289,51.883243639010956,9.519971855643483,30.053695218444187,8.98207021713233,0.3993851667706066,10.338095406927772,10.219810225517516,8.272699634286592,18.307203198363972,8.359876578318254,0.696021146397236,7.950181394744919,-6.159079743948516,7.128364549986983,3.8328487094681005,7.368624198758611,1.9651378979858825,6.741191761779663,a0377,1
155.79592058110092,68.12225684530213,552.5966200325774,301.29024347877964,278.94766397124886,197.82474842961656,0.00011264943124274056,0.002008961492228294,0.050131085747978435,0.02372799156304348,854.3249713526097,0.0011695147227930565,0.018650852689710753,-522.1297402623832,42.60930181077846,123.22227381393422,32.78886269238644,42.4412805048628,27.651054208157227,32.34062364444007,18.91732324026034,47.11112134332025,15.70735762147453,23.88493991919824,9.662751740897056,-0.5137870185761622,11.884035978807109,7.422751048581912,9.018389597552627,11.475185160899773,9.227850065429287,-3.0490710897089373,8.630256486541303,-5.1388773772403304,7.769557145092309,4.6396374255159625,7.76484799458501,1.084021014102284,6.781943707377882,a0378,1
149.9045917768129,55.45234855168149,478.18438236634,255.93265582755083,265.21086028751125,152.90563109683328,7.004574540682343e-06,6.869363215647768e-05,0.04037993808962264,0.010619834833102861,305.4714921384927,0.0032726277797380096,0.029146961896594936,-487.61231273480234,52.705726930570705,158.09129447139165,41.71063457256689,37.68735366627133,22.028928013129306,11.116732182972235,21.318951049373215,36.53042404280106,12.767242552543943,24.5540488607981,10.280110855585516,0.24974666728752068,12.655588833098376,7.953697504339499,8.385497937584415,16.357994726614503,8.278353476250173,3.083149376721643,7.24493188333685,-2.4554372192097245,6.771748228250729,5.23921009248176,6.955923373619027,1.4708538587737783,5.94898713425923,a0379,1
183.10904675111436,63.63161171185988,441.33633854908015,317.7287659747381,320.95711883408075,149.3348585543614,3.2705588779385645e-05,0.0006180390172563368,0.054381831558295964,0.017793773799537546,679.7532274555954,0.0014701220531039495,0.06638750700226227,-467.7834535812121,68.14508220551329,160.63850157783665,57.84413773612156,32.97886463399539,19.562631008244228,6.163429196513045,26.724179999238164,33.53640635356742,15.480146630713888,20.518774187871443,10.873016362480051,-3.787316672267668,12.75583409617057,5.978261050417829,11.861786523202568,13.559851520444253,10.446335948620554,-2.7172205375746716,9.063153820014064,-8.65750973218833,9.088886334828409,0.3201330778235926,8.582563656065009,-2.9877054367677434,7.329055545448613,a0380,1
118.58931716788723,36.52215156848901,353.2336540490074,188.86416511220605,180.58974932855864,101.6923747742953,7.897794472019372e-06,0.00013415976974461493,0.03820527571060877,0.005551872770642943,188.6169054842168,0.0053007515191560925,0.005319153439046367,-492.22495151518353,32.42736063707131,140.7713165377681,29.038143484695233,63.18209559021338,23.87118336874913,42.10635073484039,14.293119335639101,45.88239983164331,13.927704871780207,22.87704612568775,8.280467774818403,0.43043728812048904,10.231517082182657,6.079524968521287,8.219723962126192,10.432895168633463,9.112718643274015,-1.1852919860070226,8.115983792447233,-4.409253608572799,7.791465870489741,2.564458011277523,7.6889427960871295,-0.17832426902463003,7.089554179528625,a0381,1
174.29979157460005,49.57990450940633,446.1097286615702,262.49615821083194,316.1602342549923,166.58360753362817,1.6639493472491065e-05,0.0002116758581444982,0.05375069004416282,0.010258792632453814,222.82730805380027,0.004486780092270808,0.0268708623350446,-472.16390037753285,28.757843544846803,187.82280180153458,29.690640235722917,25.427620172838097,19.301272662628083,15.301117802235039,14.69769586338635,57.84553231389668,12.99502141113338,20.196535760617852,10.339301876134401,-20.273219327114262,8.091688930853506,3.6963726276419036,7.9897395063429855,16.07891163816723,6.798514490008885,-9.99109301152799,6.612748656766321,-10.830160251446507,6.145078112471842,8.719506922387188,6.333631160099956,-0.056124205636537,6.027738562065994,a0382,1
200.5512153944178,61.44002237845185,443.04281354605865,315.21160061814714,394.14122503840247,194.25890157235713,0.00012083678571318961,0.0018012950349417466,0.0629425283218126,0.012607851094111456,1034.0283864895782,0.0009660913562258782,0.069521928017274,-540.4131336535022,35.5139544473977,170.61268503300917,34.81251320579285,23.590733903719222,18.422059089006353,10.3592813227302,14.785318515029505,45.378316685535154,10.040729021971698,13.594248009201692,9.37552435732562,-17.256283181094858,9.63496659899199,7.540332857039544,8.011124752064859,17.033485557995828,6.972317557818057,-9.884167111195282,6.731271121116228,-11.512650631133615,6.575615792296086,7.832546336160286,6.314987601056987,0.4016063430771077,6.436580675877601,a0383,1
181.78808595050558,57.59718078483316,428.47839038195934,283.5359450482555,365.8867715920916,206.95195036719457,0.00013091731654520312,0.0025490478542102646,0.050126312922736734,0.009163108158690057,2229.3427443548217,0.000447562683260075,0.004548973591186901,-519.6281147238889,41.83651858338722,124.87285095676765,40.759682987322414,31.562361448710302,19.49465617864946,23.64446717420784,15.091960622883363,45.34602051761685,12.068138362233997,21.472471945965516,10.922936163485668,-4.366210029387974,10.248708037973287,6.466604327745518,9.334461667321893,11.611532854923007,7.6252452085885984,-4.260712204285552,7.219508597530024,-5.895422809337116,8.105024769582997,3.3875384217807967,8.19804989802774,-2.876962457871486,7.234570643727258,a0384,1
124.80864485175499,30.788055350165738,320.01902140443275,168.15077904738123,187.1189024390244,77.78391089111655,4.788026923825701e-06,5.916876649034416e-05,0.036690316549161585,0.004419922932653213,88.59301752099508,0.011286570865347333,0.006422892833562087,-462.29888079904566,23.9205616323031,164.52133367219898,22.094740996373684,48.96557211246731,16.097217222966034,24.846259379398877,13.246288990457472,45.15379202514671,9.11856994503595,26.770376439963677,8.569872555178154,2.3185875750617373,8.427035507436344,10.639850472996516,8.070236794002028,13.884526468646794,7.319585851653792,-3.5497903163471194,7.007416453018396,-6.373527269796463,6.759834625585231,4.135735894511383,7.280754614375652,-1.224480968917644,7.1696720495487165,a0385,-1
142.65252134293917,37.78564321228611,485.195119853497,212.27095752356752,234.11134547069273,92.94188436988824,0.00017560296482457396,0.0044254503168645095,0.04272937944049734,0.006704889007229115,241.48302681382873,0.004140077600494388,0.06239798422562665,-512.6421742512548,38.13972631791091,171.43360693530477,32.03667947631334,53.91990768758083,17.723255946956403,16.900318705216076,16.065230489431947,31.992206566705832,12.747864299541531,21.479864890510957,10.776664703105462,-0.13758554765013664,10.134803961306202,3.224791116402085,8.940862787413861,8.448411764652024,7.684589020409698,-2.681748769102432,7.165748572858938,-6.956657409861648,6.706806451325404,1.0236988267671974,6.770705345554017,1.1177599356167764,6.238594038309959,a0386,-1
199.2182455494681,59.4331059429221,431.32783946985177,296.86436594577873,362.39489910313904,162.37173946044373,3.391970638386892e-05,0.0005746227183512864,0.06283632286995516,0.013299811695747727,324.5040951108559,0.0030806250853428908,0.123872176634941,-467.87219504723726,31.501269872619055,181.42028194283608,29.265842876370716,23.785990448325837,18.425184298334845,5.530423447666371,16.473366775740313,44.809663887354304,14.855439099947278,16.457425417522323,15.947562933028763,-19.47268659369014,14.849416626829596,0.3581873450638808,11.394543916533308,13.440405941789955,8.941443745374034,-8.753647020989387,7.372544438481928,-12.165888626682532,7.407288011977925,5.146927915755818,8.522126288660713,1.5333646900084106,7.310118554176943,a0387,1
222.84484818085292,77.06783115397668,575.5994916570382,365.4210887875501,461.58327717879604,234.99986840269437,8.924142794712025e-05,0.0011701362253578795,0.07733488811208446,0.02514683560839004,3918.8874695468094,0.0002541744433250253,0.07502799983479128,-584.281138082965,30.984640219619966,142.63034432287003,32.416403401584866,19.729011959418767,21.27975685194387,13.905747177248738,13.23003199804953,48.63187815438772,12.35301346353934,20.008184165443677,10.39020080411645,-13.138738370916316,10.926718881561712,3.980891414872748,9.712610943900726,14.466074172015402,8.242612004193543,-5.475582518821098,8.602636949756699,-8.291945607943294,7.111541393974973,5.421056858279846,6.954600231266388,-0.42067210894249113,6.168917449121158,a0388,1
211.31061924037706,76.37946268217016,462.0757106368923,348.36709535421943,444.159949204947,231.74205290010957,1.4000894152055733e-05,0.00012538803232371693,0.07312054853136042,0.017701629095661003,352.78237135261105,0.0028336086598278886,0.013217153347101041,-436.3875192782459,40.424761006463264,171.6901637695548,40.43788574966829,13.875181810744724,21.743429556212885,5.941223704760386,17.32775892953428,53.257563201254534,10.65683554944087,22.559324087030486,9.560914449566935,-15.566043702542586,9.961533010733865,7.230128596248353,8.511393730539663,20.536698026503235,7.096337670230753,-5.400333940021677,7.4172064979326136,-10.382385143407982,7.387431809306753,6.6817343381922765,6.94814883759924,0.5207757445861534,6.5065717447060925,a0389,1
130.34053098525396,39.754087338257115,349.8306433993548,206.95898537491462,206.5311660698299,114.04739761327825,1.2326241921436943e-05,4.514070159013492e-05,0.03811697417748433,0.0061603105532114675,2738.1268145645504,0.00036421316484350604,0.0020450134383588293,-555.574119938595,50.72493354676834,120.85550830800135,45.65874581641087,57.02404753191405,22.15084445246554,36.66694436124997,16.481270567021298,38.78133860026991,11.053360417620514,22.05555381652596,8.143330333192477,3.832244167840003,10.433696282105908,6.39892135067654,7.338947149722997,9.50595239479412,6.7871256911385505,0.05959807538559296,6.874213712674864,-4.210127974953944,7.179323532943332,0.7653257045473094,6.320950466129565,-0.4135256910663898,5.57941000116419,a0390,1
161.81961268749603,40.08739273322048,426.80345998758685,231.71082230850416,265.9956915846016,119.68108646297426,6.7769016494183e-06,5.22330730792019e-05,0.054925302148612354,0.008041682131553892,271.6051830866474,0.00368081472259896,0.028717822455563962,-462.74632650093776,31.56982611206361,169.91221769229412,32.600875197370044,48.179404105477374,20.470990346610606,24.38062896396429,11.81613349196962,42.10353976027324,12.340983290881237,13.948451236236737,12.045226447607325,-15.305012155873825,11.699870678652442,-1.627350791336431,9.353833910016997,7.7324795943102735,7.828023332815599,-7.363140592449924,7.247544870965899,-8.005660453535116,7.184401948745994,4.054117585427291,6.69410618650021,-2.0700428172250698,6.785321128710423,a0391,1
198.9912965663588,54.97842930645385,440.40817770160777,295.3675781010233,394.82903587443946,167.2853249064581,2.1705363483261823e-05,0.00018875990643598686,0.06061212514013453,0.012063620248398469,523.8000400586046,0.0019081253409856988,0.05312651973355234,-526.5664155571268,33.13537057494662,176.28446377384833,29.770926992241797,17.186696864888177,17.413619590677992,2.6420150628220442,13.998483432071513,46.47141553663526,10.000268506326988,21.337151348882482,9.458104964988017,-11.287417052118178,9.904315059241476,7.8766951140636206,9.361808733617474,15.160958988112885,6.746062457049233,-9.588142012067156,7.016161030314017,-10.10977967527187,6.349587949932968,7.046402484848702,6.476694764499064,-1.0735385052890642,6.595592213396343,a0392,1
160.58591511746093,79.59389165582601,531.3934492117282,329.86146123341354,299.00185309973045,209.55582545066432,3.130505268423809e-05,0.00022848066665105834,0.04451212236073675,0.012779084099234585,3878.001039554911,0.0002568648000034038,0.003133363279036808,-538.7325247907658,46.837733581015186,110.87413152691016,36.86917527962558,42.03969386613152,27.903480896610372,29.920832466843233,23.626744145125286,41.399722236484244,11.139716814689477,24.472781247342763,8.746542566943495,4.690479534794855,9.550327071665665,9.673244358581762,5.839534046942324,12.891023470587486,6.731071910388274,0.9940018040221869,5.647332360706542,-2.617419616478531,5.307636860383532,4.10358370505163,5.718988224260122,2.0609792816224237,4.364444308784451,a0393,-1
130.2530296229973,31.320232344800107,293.0758743460599,182.2808377322911,202.54817033678756,67.30722577681041,1.6249863441946475e-05,0.00030270736934006004,0.04024651878238342,0.0057401136621994895,536.5905253591956,0.0018626183746759738,0.014593656651711738,-512.6674037426205,41.59131603381294,143.18508140144786,40.16278622061502,64.62004542432497,16.988644446770977,28.49084254816521,14.587305024598141,28.489205180839637,10.878678819946416,21.58186123307398,9.100984840643877,7.514764838752651,8.391279768799048,4.3252580418951085,7.4800370150333695,4.597745479459999,7.293783490745119,-0.9379425597404191,6.959731790401947,-3.434971387438541,6.058328442941616,-0.42024498885243017,6.095828452501879,-1.0557821511745042,5.848903491901302,a0394,1
365.02257955588334,83.78535045025924,542.1549078575207,493.72499608200906,630.4501889848813,95.63886639622794,5.745573444878175e-05,0.0006055274611294873,0.15235745984071275,0.023758370631804023,132.7876477752076,0.007529820697507432,1.6519999673932542,-376.83860226824754,42.49030358756192,231.38313429827733,27.6065910105826,-30.989775935001173,25.82297549245939,-54.0096593099432,20.557928587405293,32.14341519264909,10.364892870156671,15.913750660494449,8.543719221744851,-21.783385276947456,11.330249917166828,10.383646134444584,8.432661095218737,22.71482370527494,8.439391058879496,-12.430080145698692,7.560574409179422,-13.06264099790177,6.405395812338176,10.137693390026588,6.8261937555845815,-1.95467957846322,6.700658904108524,a0395,1
144.38934131362055,44.42333306211219,507.33847066951176,217.56285253644157,227.90298257372655,98.42658810982395,1.71368243859817e-05,0.0003685919646946369,0.04317165507707775,0.011951700628130401,537.1560844324555,0.0018606561950798334,0.035037305336631464,-530.9105311541492,47.3365919170436,161.440035997867,41.480977080458665,48.53994745833507,23.091557454974147,25.979240132490546,18.04503550478803,41.18401235020768,11.063745356278394,16.08598482333286,10.972484962410334,-6.590774595822377,13.31530890444822,8.037840867048272,10.19110668883218,12.197681319178198,7.925909972615643,-6.851405769194058,8.449171975958853,-7.0455449593023936,7.837813076265015,6.7488433842366495,6.950311584835968,1.1064235368557631,6.407613649123439,a0396,1
122.53676226608823,46.00401246379363,479.3545382991954,192.1725070272534,179.28790448851774,116.78681001163018,4.538915139696972e-05,0.0008306594006005045,0.03695544917797495,0.005096848903862213,744.6273952384723,0.0013419534942417167,0.0013986471359406195,-530.438927699041,34.39706469281135,124.01927539289188,32.06901057280945,54.7028575048652,21.6087242565463,39.17725053099351,16.448794274175626,46.20630366437715,12.31101213173753,27.05276501263381,9.243319549582605,7.254313340471544,9.335176950444021,12.15758383897922,8.41594375974726,14.196662102671239,7.818254529393944,0.7639552794659193,7.755561592885545,-3.961144961258092,7.077446213828219,2.0567693571413876,6.768587669116841,-0.4337801908047246,6.460327133690494,a0397,1
144.28426764548666,33.097464661499785,406.63243452957164,198.71494416672908,233.04743104982205,107.0898281245491,1.9749823239203054e-05,0.0004489995473107382,0.0398227243661032,0.007747109812796613,222.57720035806108,0.00449182300191278,0.013005403178621266,-494.10623070897026,27.8705280012338,152.4466941808275,28.998778568207065,34.51455708403952,16.58662349980054,24.609787563052585,10.026839376010896,52.97648506621893,9.047011974078742,24.51966537712586,9.828403975883008,-6.426854149569797,10.644819669588193,9.07753987037608,9.769153260671471,17.199830428689765,8.570401684931541,-2.6023805679952363,7.9381492321951965,-4.839638919855712,7.064183149045184,8.078035429964887,6.660594541549793,0.9260802224602965,6.836952563505836,a0398,1
222.8846832790434,85.21791491785453,484.25972487272145,374.7491795931245,460.8473023978686,231.8940219173382,4.7052273145490644e-05,0.00037512663425753656,0.07643292767539965,0.02718944184606373,2170.405007595094,0.00045974347799971894,0.04316511933011228,-519.0906690048097,46.373461462874204,155.1547860258019,42.9728196178687,17.71449185137402,23.49269021012837,7.708253412761354,22.01899247494436,46.34461980386212,13.935159447135533,18.977568450453038,10.938694534410294,-15.248622633004716,11.109733104641975,4.291866425582811,9.726363111813043,18.087449885279,9.252232104776034,-2.4045044738454635,8.820772871513201,-6.581004773157208,7.54195050100247,8.092354188557987,7.983428456089315,2.297878001390134,7.573482350103646,a0399,1
209.72806464938486,43.17379505715132,345.092032852302,298.2754132405238,350.17123287671234,86.78517132105365,5.7279186438126125e-05,0.0007307900115305138,0.07567499388454012,0.010008439234808849,92.37016444090001,0.010825006169906441,0.31369103119371056,-408.1695430243169,60.26555455375761,225.26217810839896,39.07672698234291,41.41667399671629,28.837962173679134,-10.405922942096698,22.32811898575728,16.496589318268963,18.448550500256594,1.6793222663607985,9.810556774908493,-23.002635179298007,11.75938959589261,-6.689731653943612,8.226067516141397,5.347009140090879,9.1744711470017,-9.276273223117892,6.797231363164724,-10.616238233522274,5.745563290317522,1.2072277816578914,8.597180471207784,-4.1882013567014065,5.745325888824275,a0400,1
172.67736032556002,50.49405875087612,513.1286869573122,258.12524497269703,299.0627760600707,153.0878662627499,5.738349857391583e-05,0.0013496954104910315,0.0546982835965106,0.007313088060364248,1028.1455707084742,0.0009716248705340597,0.007025907933992926,-533.1710633185634,37.01789745074518,152.38585389272757,37.2065077900038,36.85276744321603,21.841075400802275,25.85697923701816,14.067853463413629,50.265805383163,8.233281095421104,18.796795741611646,7.696042514012767,-12.162096585320683,7.8477169862585505,4.370627697619252,7.446553769805243,12.21136434190691,6.8507329971908355,-7.968104493363931,6.725101013065096,-8.606681007231684,6.395577888118587,6.127578792537777,6.125924421446152,-1.8783565202274886,6.077084876580635,a0401,-1
215.04879040903603,65.19004574531567,466.21266099984064,319.8578067709621,425.130781938326,170.1963419942264,7.199461547668885e-05,0.0012962267842728198,0.06984744975220264,0.014145762556586061,1131.3678452273593,0.0008828857763573945,0.09985686915784166,-518.8211306047763,54.95931702413781,187.4806336726035,44.46367411419117,18.217044645351333,19.827315996602852,-10.761171068902513,19.356314348931996,37.93707309997772,12.802446908673213,27.406470832614872,10.84012696463644,-10.378372394640234,12.864839093280734,-3.621416065951923,8.73925233791761,11.234284856516156,7.932250992500252,-2.28537825335153,8.961824758248703,-9.643511427342288,8.66497556750337,0.29492829443569984,6.824512810769288,-1.728417989933083,6.727400394374704,a0402,1
252.3040653510989,58.81951941494182,394.85448280440033,345.277309539262,538.4017070484582,166.3725945935963,3.6227615376820326e-05,0.0005227659214455932,0.08457547494493392,0.020814773682692387,450.89703745997457,0.002216801072033698,0.14697479050934414,-501.173568808992,52.92183419174166,199.28544273001316,40.2542753936071,-3.1723784769594645,19.712709203813887,-12.714301459029164,21.673417336242434,51.24794345812898,11.473604610811671,19.56392899158516,8.852371597551768,-22.516653018700605,12.285407764244981,5.404701826329435,9.876631367306985,17.394590182705787,7.318708962350415,-14.760190306616996,8.062295876403757,-16.091902648148437,6.922558433890037,6.503470845798363,6.4451042852210945,-2.8056244929043426,6.3657655127744395,a0403,1
124.72237419279723,60.89429256656341,632.2909506735602,235.66746526201186,188.72501298026998,129.74931820702585,2.664852078149743e-05,0.0004651360112476384,0.03939664054387331,0.01794951147203882,344.80500468431586,0.0028991898241779303,0.004100674919619684,-500.3463385724071,45.050693984951025,116.81247713040916,35.98885857651378,59.726791075522165,24.062476303987598,37.17433752581927,22.004496702258603,38.549083246922784,12.00812979541107,28.226900508581178,8.823942043464186,11.20830228472729,11.091139019002796,6.736239229638564,7.119554765654233,7.302887990746395,7.535844386716992,1.6248101177949716,6.536994963204499,-2.9470541438380082,6.562871190312465,-1.73607982430787,5.745575613858847,-2.1502901300091253,5.828757840308023,a0404,1
122.24342218421441,36.999027073987726,394.408055243001,186.5414678167382,172.79177295918367,96.84661352168888,0.00023175354480267185,0.003050438644816201,0.031545210857780615,0.0034759944857356536,144.32265027973736,0.006927919020086031,0.02785205765886486,-504.6593990472473,48.518298408551615,154.36734960179004,39.93698668281729,37.305908937328,15.642232501342601,26.601865441554374,18.45467838361311,55.190657947259076,10.953251587089577,28.419954341622514,9.01834938638338,-2.226009655653834,11.469825819135671,12.695633659956151,8.151995254854008,20.728130475215153,6.896473719586473,-0.6175900909386555,7.501025116335323,-5.546927749225567,7.52715163577749,7.4739893288225625,6.835139266905846,2.450571229914884,6.304475952301008,a0405,-1
177.16862097109657,53.08029804511664,479.0992162961968,264.77083157623156,307.3758984725966,158.22351288806377,4.608745840406854e-05,0.0008331922101159102,0.056125143896001796,0.00950092500939481,292.40499507980144,0.0034189140963043316,0.023285892347457288,-468.936620952396,34.90231445182825,157.83129876719056,32.625674087058286,33.73641619818603,21.828447967909902,21.504673415906453,14.966466292932248,52.18044354705309,10.884119492616987,23.04501047370566,9.712177703348008,-13.877478821015021,9.103890240190157,-1.1719363069756283,9.090806698658563,10.865126267492032,7.292353722757472,-6.329950440594309,8.012834457476536,-10.965345728593837,6.802169281363908,1.0184839394906255,7.9054841889423075,-3.157244812419404,6.504441016610734,a0406,-1
151.51350214607527,56.53451854136188,597.6685605144518,242.61464173882484,253.44030269058297,149.148599086876,2.6652269215253394e-05,0.00042354706134116417,0.041881831558295966,0.008572058574400066,866.2506288102292,0.0011534002699149619,0.01775445866167965,-512.8788770501703,57.17822396363759,148.8121583634206,47.71202593747138,41.81960719162604,22.221397107330464,25.29090924407371,18.542370343959696,48.35974117461902,12.585798843280152,25.87710298920363,9.968001581565286,-5.0926243392090855,11.389654825780251,2.8312120255578375,8.98730467266591,11.678045052821059,8.21983867171688,-3.3207999715378813,7.728553378931872,-8.447211842555582,7.352826378724412,2.7431539166835526,6.19402180298873,1.6008650365219688,5.64368622190765,a0407,-1
122.29705999428101,31.383952351126393,400.1481117123416,173.03836358409748,178.55975418410043,74.32494514333222,7.278053105553741e-05,0.0016569897291021088,0.03428234914356695,0.0032710231212993057,303.7964864888003,0.00329067715117207,0.019152060449014723,-529.1010965770639,43.298195225740685,150.47359375271157,38.60636722064066,52.13282327822396,16.328577921059654,28.478701951454017,16.125008765027165,43.31556950894453,9.997868966295762,27.766724575974827,7.828695972595178,5.725478164468736,9.2036318667501,9.073143989721848,7.614098846163349,10.497472186134074,6.771300909188124,-2.0242402085442155,6.793129865424333,-3.6119990757067626,6.829846900530227,3.328719398850241,6.574634744180217,-1.4928086576909603,6.2944594152363385,a0408,-1
153.5376562061614,57.387281645851644,628.0274592525461,258.43747695404005,251.35763527575443,148.20347947042575,0.0006031754780574841,0.012657989439222844,0.041225469075182104,0.006174626376233665,815.1143450007607,0.0012258216985155345,0.021442293524871647,-495.73208773410676,48.69990631461859,123.28464747512697,42.986140757748124,44.250504641366504,22.35457783078889,31.978963851656125,21.374714793805143,45.61328262999708,11.792997597420234,23.578309996761003,8.826545293461928,-1.6443626081405236,9.533338483894497,5.352481723603265,7.935561320194525,12.240579712502454,6.981428729744061,-0.5520527581580983,6.916561761417872,-6.175509282167145,7.029914684808718,0.670721280898385,7.1561647368919585,-1.0980216546790165,6.253848368193332,a0409,-1
