record_id,shannon_mean,shannon_std,shannon_dynamic_ratio,spectral_centroid_mean,spectral_centroid_std,spectral_centroid_max,spectral_rolloff_mean,spectral_rolloff_std,spectral_flatness_mean,zero_crossing_rate_mean,mfcc_1_mean,mfcc_1_std,mfcc_2_mean,mfcc_2_std,mfcc_3_mean,mfcc_3_std,mfcc_4_mean,mfcc_4_std,mfcc_5_mean,mfcc_5_std,mfcc_6_mean,mfcc_6_std,mfcc_7_mean,mfcc_7_std,mfcc_8_mean,mfcc_8_std,mfcc_9_mean,mfcc_9_std,mfcc_10_mean,mfcc_10_std,mfcc_11_mean,mfcc_11_std,mfcc_12_mean,mfcc_12_std,mfcc_13_mean,mfcc_13_std,label
b0001,0.11003494703824429,0.1697257404984524,67.14141309081172,176.28419753828933,35.30319482489654,450.269525070025,322.21115537848607,111.1964329945745,0.00045037649531270746,0.05223636703187251,-408.191141132143,29.409538085045774,197.48000628000412,22.228939625300484,22.108597175913722,9.78247132876865,-1.1917373890664587,8.363893204867164,50.736259403523114,6.883547260706982,33.485779992460756,6.148831584013438,-9.048833959211322,5.981729171691016,-1.5916264821518011,5.237173801444127,10.682967334552972,4.9641167414837435,-5.282513964196851,5.077051914597161,-7.244980440818468,5.045208934720048,6.791748615195597,4.210238332673289,-0.8964406472501444,4.508902588327386,-1
b0002,0.048716496213411106,0.10638764128708572,501.5137059270672,118.90185623126018,39.164569392086094,459.410769092466,190.45692231075697,92.24525376757529,0.0007441436914086785,0.03856449203187251,-545.1025420958431,37.59375115881277,155.8892390927095,30.54634615157644,77.7640872814873,20.61370909308374,33.118828937997534,17.961589715747735,27.059518291746503,10.385742800292865,23.830204690639246,8.6024831184743,11.386720572475756,5.872515317470527,2.9558171976799037,5.317792725931743,1.8566905550255888,4.582759593474321,0.7326246711705098,3.9495686989104897,-1.2169217837273227,4.045246559481561,-1.4048613001659238,4.421162695733531,-1.6272856401975797,4.425069111041997,-1
b0003,0.033417899511408986,0.08542249660214815,628.1173973928105,168.9679020182684,61.457073722368136,388.96565254578894,304.65637450199205,157.22816643392017,0.0003125039839435663,0.06345710906374502,-545.3633848415102,40.8110467667143,172.3289128599564,30.972889969854446,42.6422650115167,18.719576220456197,10.014020533230166,15.451076729243505,36.36453827330512,11.072077532067892,26.14891131104607,9.655575465856876,-2.4857063095344833,9.258251360044719,0.10648003487784537,7.853143544938522,9.940092166218019,8.122323573932908,0.46515978143942205,5.504229730241132,-4.661413692694681,5.757758752952772,3.321255027574138,5.59506840648948,2.2395243777325313,6.238289978841773,-1
b0004,0.09824030881610582,0.14186044297474973,77.49305521113652,200.0734146524675,42.80309460241984,385.20894735480465,375.5291334661355,113.49902499042012,0.0002488471629757149,0.06215761952191235,-412.63139686751606,41.25257905867335,221.34828450095307,27.177982306640022,21.075480220244472,14.79491441317218,-19.011256937231014,16.35322627702794,35.45780457064477,8.980685417322405,30.257880114307593,6.820637683658949,-6.834761721298166,6.890619309969768,-2.7125311116179036,6.4021026126051925,6.7445392942322995,6.530952080194051,-8.494058753658667,6.100100374893201,-11.08821117851394,5.7087122658808145,1.367400590848248,5.685636812840312,-4.057601161537795,4.759287979841525,-1
b0005,0.025889304167632653,0.06682282574935333,805.9002627492049,206.06794051550142,60.21849503504996,486.758981068836,371.9808266932271,142.89229685339475,0.0005886608030054068,0.06306804033864542,-529.5448604816227,45.1822974513165,186.42433842953935,32.96895014767015,27.08450343518665,21.70545357448425,-1.0125836762257003,19.433606082455878,33.96848420865156,8.22034201615655,13.9007177080925,6.769415408430035,-15.068653089674422,10.027228858641847,2.083049816012531,6.168420138016335,11.925787111080274,6.0361209975000705,-8.758500584362483,5.710174860217779,-11.624025146930459,4.350448040089259,3.135789600842285,5.338422960590467,-2.490390446331561,4.088463082302498,-1
b0006,0.10680437035332004,0.17421673303951904,185.46558849795218,119.18403036545773,40.60500354416772,482.0151881174181,189.95891434262947,88.13230792276158,0.0009794017394558715,0.03939709910358566,-496.1427405589107,40.229735732252244,170.54618490409365,30.34762512468361,78.58697661975101,20.668927209468784,35.03316055940934,15.796404844724908,32.134681192582036,10.697392720896836,20.58066588053596,9.046006806014296,1.9292971047126422,8.24377493082498,0.18480395634689575,6.100007199343078,5.623401834929129,5.816926826408846,1.6065778158602109,5.215741442149676,-3.2772019109831274,4.797778119528007,-1.005771477372837,3.807945431020182,0.11383970604671896,3.7601559390013413,-1
b0007,0.08521740589722179,0.11082948144002996,54.856382478457526,214.04458020146458,69.05459231394758,494.58262100877425,405.8453685258964,154.7867291887674,0.0010173282803079648,0.08487923306772908,-419.7880342656504,36.467695385373645,218.0806786224168,22.156533629314477,18.204789787161832,20.00409250463409,-10.527980406028277,17.284374063766776,39.17839621360013,11.116431488921965,17.62103330104588,6.722875334445239,-12.929887597647575,7.791363894376793,10.72007819000342,6.453825111575498,16.90801897969704,6.876004994625501,-13.349557612013742,7.386338362170115,-13.39478125153671,7.061526083566131,8.355864593212823,7.048001067548191,1.7264900919417667,8.443502793355556,-1
b0008,0.1948318775116718,0.1926732077525337,32.916908289593124,114.36064853059567,34.67891472728792,470.5662624741003,170.84785856573706,77.0226343758517,0.0007696450989371517,0.03657246015936255,-457.0490238977768,41.320199700054715,195.31791694394008,26.810631569902686,62.28970080074963,14.785935004741905,21.644447676896245,14.29022053375074,43.18442180276447,9.168594424969015,33.32397756503716,7.682259170288801,2.346808428355867,5.898476862013253,-0.16687330589825636,4.73533630337484,9.213424532461643,5.3110008488947535,1.8621243816824466,4.7043663607739346,-5.652225911427132,5.047027760907695,-1.0463976746432524,4.829769152859708,-0.22008617647957196,4.015387705704985,1
b0009,0.036464157225401764,0.0882213881108961,653.9009932339118,127.76979993622024,34.218584904550355,276.6009585928704,208.50971115537848,91.47854291137611,3.693409735574764e-05,0.03665805527888446,-554.212055300113,39.57278720184248,146.5794181954226,33.10028043782718,52.25587401031726,17.06149399986692,21.53950970684744,16.35107841328241,35.064765298762794,8.110773885763585,29.036506846314943,7.304439007421172,9.245762756381561,7.371330608088312,6.753622287616079,5.49403251718299,9.569062958719211,5.931528268901534,1.7006470462633625,4.447509765360608,-2.5947266146227737,4.438793026367616,2.616153251564152,4.698253578038038,2.8117382895787384,4.5710018537225645,-1
b0010,0.08106276974483273,0.15697428577215858,128.33754844239454,142.94556148245442,38.971995273754835,442.67872916557764,244.58416334661354,110.28208020499002,0.0003560720524479447,0.037817480079681276,-449.9849047694781,36.18205593112835,162.66353505117885,24.706499789804155,37.67118306517438,12.36001754804592,10.683184757420328,11.052648471266224,41.50951577647604,8.261305353610194,33.253488422830365,6.312087985089875,3.3473510598078566,9.89080596339814,2.889184871693731,9.125915789763683,11.41952350427814,6.543500797801667,3.7045303781750865,5.779844984975212,-0.16149157305311335,5.054293256855272,5.474781220218451,4.717991252421231,1.8907624092676707,4.750165460361953,-1
b0011,0.0826865965156974,0.13090733893096887,152.08865288317932,106.68407672823749,32.572219151376785,454.81842962761453,157.1215139442231,69.9586403606044,0.0005934506158702268,0.030394048804780877,-515.2896204039109,40.09389339100033,170.34275563293204,31.942696251211686,61.57898205675009,14.298480535385513,22.538262711260955,11.920519009450793,37.20560664581823,7.063552489250048,33.99140939809468,6.282141656136457,12.09360812588237,7.004980301776911,5.8275486613753635,5.989241691598561,8.636467076483642,5.182272310654141,3.1433546191269732,5.034045431481092,-0.7441250883697005,5.254584036482446,3.0177651251830806,4.523450457711413,2.638844434332828,4.7266529069407595,-1
b0012,0.006865436147700222,0.0473874380863075,2248.528730211268,211.24077593474144,43.380355546186365,482.30296817396675,425.45443227091636,141.7087558206846,0.0009807707545248902,0.06573705179282868,-607.2594264908369,31.770143111045776,159.96476476319657,26.799178978412577,24.805475879170814,11.659714519418541,0.28510463505134087,9.888350342549302,37.72384855480695,7.16286693606534,27.242721660769114,7.027352394922225,-7.779841575714652,6.985531134536626,-6.325196423697759,5.436477007764894,6.709927892251201,5.501200880645993,-1.9274330837966103,5.829522835185415,-9.6505387041702,5.250525205954026,-4.014844836737534,5.236252926553585,-3.8156440767075215,4.497556237448403,-1
b0013,0.11786154960984709,0.13806124919679885,39.560782723501966,224.7166380449738,57.61251541031417,491.1540177908518,447.11777888446215,140.9277996993832,0.0007409017632539809,0.07942448954183266,-411.8456938191185,33.1920591934754,246.07561928476747,25.163749323131235,8.53383695110439,18.160468590846616,-28.779378157545196,15.96742053322082,43.10338041059297,7.034390237163164,33.81967766412474,9.157031163110423,-12.360971155207261,7.012787478049898,-3.558398768935134,5.563713912138892,10.322767289785435,4.8865815312225145,-7.398029190222469,5.287039137501403,-8.53829626153465,4.695769858596913,6.6723309185095605,4.481882950205494,-2.4132162521675844,3.898002321526371,1
b0014,0.037936483771028436,0.1005163682744459,419.0487493711751,169.83237077284215,37.51244616527093,473.58712998997447,290.8366533864542,103.0658160118312,0.000616008562002281,0.05408055278884462,-520.818349166851,35.763373656704026,174.19344405295845,28.818084340231664,45.73835139381184,13.686670892673794,7.734751418846732,10.947854240535634,30.508305543651563,7.265104343056091,25.079325932977643,6.5030782121743,0.6203773178014363,6.6174839763271365,-1.9546634451006821,6.501472115955733,0.8621438668417146,5.738156022492172,-7.107911149468413,5.605884585614725,-6.3756905879851855,5.045444483699793,2.135717998872912,5.158598301862328,-2.312839116728183,4.320098796579456,-1
b0015,0.10503183769891553,0.15809354292982059,91.76332131737612,150.31820832149464,50.11048808672749,504.7595254070729,275.5851593625498,123.04326278106923,0.001303282076131254,0.04014411105577689,-462.25939885272214,38.96991003239846,203.24290708419417,23.830093722135285,41.524290395887284,15.21913249944768,-1.6464830097450813,14.728970082399925,31.66146889641889,9.249638088405405,27.68062107049544,8.24210501593498,2.8570366311246853,8.494753530775602,7.987232906760635,5.956751340888924,14.128614896324509,6.31175519222547,-1.1413528543832736,5.241293630059799,-5.57635732558344,4.973273170229268,5.654985680224862,4.920718502599473,3.57907766258127,4.8102460426767015,-1
b0016,0.0453701682313227,0.09760527709338566,576.6444343963483,165.6681777818613,56.469339652227866,323.44958349911906,290.058515936255,114.1762435642196,0.0001578489617802538,0.05676512699203187,-481.1289218579495,43.291229579557495,177.02379684409289,30.097932521982525,51.419149351073365,17.39557615833008,4.7175109022938075,20.17390970179659,22.282464490683363,11.014842251261118,22.829584927857393,9.164822445039025,1.8425591278942457,10.486664973059037,-2.942854597487693,7.257882478457213,3.467834418320166,5.725844255402508,1.5511770764071064,5.912242174726552,-0.8360677545940985,6.4073700377939025,2.183620717124804,4.409510225589697,0.4927044222057781,4.372692376544297,1
b0017,0.06005564083979234,0.09639490372548913,154.35536650188618,212.8111465764524,50.600253756836544,487.8810242978186,393.6130478087649,102.02865133164062,0.0010646068855415531,0.08011703187250996,-472.450813998636,43.54660930111632,225.014851298822,29.61867028258638,31.89973496515509,18.874963648358136,-16.741375452341224,14.196338064393972,21.346583262622584,13.535198625621952,14.045237986215106,10.4719111035724,-9.112438202597772,11.03787480328198,4.89792640181549,5.91709772408629,9.963750871836421,6.025731827040415,-11.931502911010414,6.739857747267922,-11.843351091294213,6.168039286343651,7.9288932568648915,5.082289278309051,6.080867383043364,6.533032153367339,-1
b0018,0.0986410471925621,0.14631878474662013,80.19145807132502,132.16827350247095,56.444226075440724,479.9902130848808,232.9121015936255,155.89804047835457,0.0007037696221721565,0.03742841135458167,-470.4820796410972,42.94983457448689,186.0282858696114,27.678112579965298,45.18549953007215,23.978696959408417,9.333720111719893,19.31983308670177,39.84277465082176,7.704422812905857,33.26720391880298,6.9104000814792,4.456755364022535,12.123037676849213,4.666022036588095,6.343639809553865,12.712636674122281,6.045244987384466,4.064159181039567,5.289027816844313,0.5788048428891746,5.28002376928622,7.441859606241313,5.2593939167587225,3.85348202945827,5.158516324775945,1
b0019,0.15430317536778904,0.18321950110364366,46.60501017850031,115.2747877665178,18.776644339691405,193.44938643421244,175.82793824701196,46.954668136066076,6.265325768091735e-06,0.03435476842629482,-453.8665916813427,26.70541926624363,192.4817934931446,23.395115064706516,54.862209181562996,12.991452824719456,14.846628290856287,10.368005167002613,39.048748371321075,9.510276349213607,31.095009194506524,6.853122203585958,3.959604661130286,6.518521168329976,4.280505413596132,6.003069003930075,11.041145218118169,5.743589350681856,1.2981044016307175,5.678616177547048,-2.898659696973825,5.235527579182587,4.133403754828783,5.318586824149781,1.8641607175300223,5.007655460883704,-1
b0020,0.1035353527258829,0.12376407385683234,45.682442929888175,146.42038042836094,43.62281554138833,419.49895142509297,236.98954183266932,124.21931617564421,0.00034359285029758396,0.04479737300796813,-444.18963663551534,40.85114533278879,192.2881247850764,26.34876445974824,42.84338813477391,19.477390825864095,14.751498288497366,17.306223309939465,47.85042216506112,7.836901136439182,27.243665416005804,6.567643540897283,-8.622958092136455,8.02408068377382,1.5240491952258062,5.211878375257023,14.028629138883158,5.357618865346308,-4.002917760827581,4.515481640804148,-12.166511034268954,4.7554761867082505,0.5238804803543532,4.450695403270189,-0.01035153742432995,3.99937548761244,-1
b0021,0.06587499618844361,0.13434589645919726,196.00735870139383,151.78009820811235,38.73819453766509,319.08878812020447,260.1780378486056,114.48577613990368,4.303504802171512e-05,0.04804220617529881,-505.14358605068827,31.628256876928663,190.627886685363,27.297834615070443,43.61846017069144,22.439288169768,12.493389186535126,13.799882379324947,46.07447900188412,10.942471932033547,31.578758284733652,8.193716670393982,-3.816141797777174,7.805294218892532,-1.5153546051197302,7.752465744875766,7.719522155440039,7.535081491334108,-4.2434398098761665,6.810381979125345,-7.888525946663398,7.419835121258832,2.5784848221495187,9.892176681935437,0.4311460196098799,8.958457958110072,-1
b0022,0.0858304296307766,0.1426879890594152,205.1457520824123,208.37693900264156,77.86655328155817,436.0167291991754,377.95692231075697,143.60993792364513,0.00040403385790608974,0.07373630478087649,-467.2518010345618,58.133974702653205,209.3315558474951,38.03291452966716,26.842097555715025,27.248444985887836,-15.672345963072003,24.40769203151824,25.61278606366361,9.40696429440561,19.964265223465937,8.332029987435593,-6.130184882416755,13.821254152475863,3.9944519841976986,6.755885904777444,11.66057731076006,6.864051139960911,-5.976551404746769,8.44920116240899,-9.281440065715048,6.00317917407737,3.805311907557996,5.457386757299982,0.36855861532511275,5.0493056745958835,1
b0023,0.1428061985009829,0.15034837817152058,36.053538973417375,128.87502974376847,33.79754644966499,411.63040726697693,205.085906374502,71.2575298754063,0.0003245497679051533,0.03879015189243028,-475.6312085936233,41.434786513382925,217.11844785084403,29.779756962704372,53.14028996562684,14.683230499186845,9.540225912217416,16.31029251052647,40.18875213408638,7.948875675775923,28.454857839612096,6.511619047730662,-4.151029295470699,9.342258767795673,-0.011661877317271722,6.544189772261926,10.944127701456198,4.6695770750726115,-0.5372200094852174,5.616039311849136,-5.740755992851421,5.230181188890312,3.1616367771364713,4.822929006213031,1.2622228223905074,4.176958487087652,1
b0024,0.019609336194238262,0.08331751718446335,3911.194042031564,220.8083334968023,58.344095060749865,372.4086623394473,445.9972609561753,145.12002340157727,0.0002719483466565903,0.07477122758964143,-562.2181232552864,63.21872616228406,159.82220917111778,44.14484879978058,25.901355969177327,20.2698972883285,-4.266407481252632,19.458010163715375,29.1486178236819,10.198834293941601,24.43474635935349,8.236828517300056,-3.2752548146010487,12.454094484155123,-2.8816291030461274,5.448770209374267,5.56241753221858,6.187924484279868,-2.078481241845558,6.670539186732603,-4.929693877450545,5.962623258704482,2.3123544454528675,5.174332493575462,-0.5282475420917896,4.691331013590435,-1
b0025,0.09147713506512105,0.1358093106979425,85.64206762994584,176.9393864741233,34.22902415835027,447.19645341805125,311.2861055776892,98.51920787095139,0.0006770274243322177,0.05287443974103586,-420.1130767924696,33.92676597097267,202.59610163013426,25.421635371445486,37.40097316615762,11.125225465701387,-6.92886137406393,9.34346431415377,29.333623249256082,7.092013452224435,27.05678466862842,7.540172699973587,-2.206105731454967,8.096739149911611,-3.3244838649876187,6.005644295270106,2.1330588967433024,5.0309036927348005,-8.745707139065503,5.276677462139591,-9.493993863148907,5.157530910537839,2.3296902646426405,5.902777999388288,-0.7775382046348673,5.3097414691189115,-1
b0026,0.08171515900659097,0.15393106129889444,205.03686112924953,154.27244944333296,33.460709367927926,303.44274983144726,278.97783864541833,81.61670612936565,0.00012696233014897963,0.04454058764940239,-462.7368416444385,34.01199429950237,196.9627787475655,30.74525816851953,54.74776002375527,13.942509865668994,3.987976569657987,11.88935556224324,22.024089495855417,10.08559761638701,19.478296756417265,8.152864785190738,-0.3458062186085527,7.322922923895919,2.0716262484918735,6.1645132015284245,9.68852995118336,5.684632846289335,1.6544949214077658,5.496069631928637,-2.5758749987037914,5.807701507640435,4.129068178784144,4.576035418595007,2.913905468870485,4.41929143044416,-1
b0027,0.08019845803304909,0.158298448676132,178.6269316490372,140.96006843881239,44.32884584884012,439.8814889032851,231.20019920318725,105.36010040301039,0.00013912085043327478,0.04102340637450199,-471.7079038421379,37.5605749863609,182.609443633654,27.461989909142424,44.8725191155209,18.507975116714533,15.492070216070948,13.910364157971525,45.07903514822014,10.268435667259594,28.876065896678362,8.892064686629642,-4.965016852716329,8.41198278245628,-0.02120191584472277,6.816294012145973,12.327775901450602,5.392364584549048,1.5661364868969705,5.060284446139272,-4.95039322929247,4.639233330296048,2.173536854565369,4.823554081390046,0.6279002091902974,4.731896977803189,-1
b0028,0.07162618371859437,0.12902356953008595,149.15713688526316,112.96932762143149,33.72517003488733,518.4367596084949,166.08565737051794,82.69761910053123,0.000765586344086199,0.03288408864541833,-492.7573147592721,39.76049967388858,157.9861890708481,26.894203534134622,55.35217968534301,13.096429780208403,21.85190977194073,10.662221088123863,37.68293271439834,6.647377599528514,33.27977981272555,6.921170136757608,12.550906574439399,7.176365267422705,8.453268161892595,6.270747399148668,10.282530801431017,5.820039087727272,2.4731858982680612,4.897341835663517,-1.2439863973459029,4.562057408857013,3.299831600405366,4.083520159887492,1.5400067179639807,4.233822770851865,-1
b0029,0.008269141639771693,0.06476788640993017,2065.1905410528166,266.11429930593937,52.61031478955986,478.3430281864237,558.4536852589641,114.26858348722031,0.0010277016885174382,0.09508061503984064,-571.852017710245,37.44927544333729,168.4017130239231,28.278938534755827,9.24214813016805,11.095298163222516,-15.959183135532871,14.133140836820854,32.74198301182807,9.249475041484189,25.890761317598045,6.974216077020489,-7.80866830782923,6.859582209237597,-2.354714058290492,6.083354260916849,9.113530721578325,5.342141831190447,-4.309961666521662,5.787979110488886,-9.433144572515484,5.042700381471939,1.4555486374730018,5.060328925182321,-0.21455161551988147,4.67404553516107,-1
b0030,0.12984772968449995,0.19139702533550093,96.57878789011134,117.12964242740112,20.528512882782362,274.65548275978904,177.01070717131475,42.91150848294407,9.195659039138744e-05,0.03953716384462151,-478.5107442646006,33.217557660364626,184.36569351706248,28.47341331069508,71.23327248448783,12.79163466629634,25.74571318638052,10.693908008227975,34.15523107464898,7.80911491615046,26.65889878847545,6.47194404227133,3.108426079530077,6.132406072584104,-1.4916510296443581,5.167230985513107,4.952341191717588,5.68651740709316,1.1362839742612993,5.064693591404186,-3.8300576435500933,5.547392147046804,-0.02465639434150447,5.715809788894218,1.5769471287146104,5.59723063975811,1
b0031,0.18419150131853324,0.19275388111638891,29.70901932300377,158.69898427588544,37.983135237797086,280.81404057064157,292.27311643835617,103.59478482088642,0.00010005629532526085,0.04725849029680365,-394.7985621033213,34.60240728223789,225.67637758321476,21.89586577213612,29.812635976567663,14.63920636367067,-7.831764524416281,11.6092020365992,41.65270046105449,7.001751524723133,29.78747375059451,6.028906317281816,-5.945871918042722,7.695581406176211,4.3020708176106774,5.11255333391154,14.61499230230311,5.306997208947401,-3.7987901560891073,5.172418646134753,-6.159800739696892,4.582039936917935,8.57800807444307,4.969455037676186,2.4549146031356597,4.258778211300208,-1
b0032,0.022547095604593465,0.0666853282611069,1521.6618824502132,119.48213205182964,33.807982057558085,226.99605807732647,188.90064741035857,66.66606491207308,2.5331319841200225e-05,0.0440425796812749,-576.8589493001285,45.8836314231057,141.1164659070981,37.022646713745594,79.91821904000933,19.640010234018145,40.52102834464504,18.709891410829822,27.390032614864555,12.774218346459923,18.572270925213353,10.685272448513507,8.381764156607929,10.578295982194579,3.815618719017956,9.665410226613693,2.9805846444585127,8.131913121352683,1.1501540656449798,5.804439400155057,0.0383485565566194,5.761482329090632,-0.02974046081909089,6.605434994773852,-1.9771499670586465,6.927858741941598,1
b0033,0.03481952702983382,0.0764464096027063,333.46443460954174,160.6681681564143,49.43816556044882,325.87608725767524,283.4149096385542,118.53091198915068,6.913610258858981e-05,0.057852503765060244,-517.8180074787922,50.10275640428718,182.96067051087388,33.917156339229564,48.29217862802141,21.9531615053938,6.361004156180625,20.588187939760044,29.768140822256083,9.09336853345268,25.839469972845066,7.2438751205861145,1.0248178490639814,10.054260635095494,-1.2019823126515332,7.944794226706385,4.851460393256085,9.446750481228309,-0.8018294252963608,6.948304739729822,-1.4969701174921308,8.552628955664614,6.3673328910755345,11.17950163480817,4.50771403262638,9.381264517216033,1
b0034,0.07398439153849226,0.1306314901197834,143.8636611720564,159.16901709081134,57.4497291128854,411.7096785073917,288.066484063745,150.00914309473168,0.0003006930824210605,0.04790214143426295,-460.2458561310086,38.92952356386427,188.52737768609046,25.612468213587345,31.585905004842502,19.981874056566152,2.8418746187896082,16.571490667872418,44.64168156366964,8.634279234545355,33.10174217499819,7.313135823994286,-2.078674485464755,6.398580964377644,2.9884004969807596,5.324318050794189,14.064359052411673,5.979499696398253,0.2422110609583853,5.374854319850302,-5.295912335080759,4.539351487459941,4.769001806146232,5.185491113128138,1.483540143233106,4.5089267284041865,-1
b0035,0.03489118170308987,0.0784861804153288,215.7607404313417,198.8728536208461,59.1896909236833,439.3706088086696,360.9001494023904,117.39319831154332,0.0006247031445435363,0.06492778884462151,-508.77045856462007,48.11526103189744,211.35690277493043,23.70368479117303,38.58895901443398,23.404960903048565,-8.161534446479319,18.397149595605747,21.378660088921155,8.543242296403513,11.154796946048206,6.78416238614912,-11.291567270820785,8.494319226888885,3.8143838211893035,5.379211220878723,14.184544957845695,5.311049627901986,-3.2549852180078385,5.018741092507837,-7.729208388028421,4.897278824752601,4.766048019253033,4.775093392554575,1.752545650816819,3.9231638760350465,-1
b0036,0.06843374973635932,0.12821800351930845,287.36111343686434,136.25511408004215,47.257549984889636,490.4582307711648,224.4148406374502,104.83660094895475,0.0007563127625335524,0.042711964641434265,-500.0813146753293,38.26886059219629,170.77060830847864,28.749686329662087,72.37079836658963,24.932141408910248,26.956372298901105,19.439369864002344,25.515515803857333,8.178004808950178,16.184615517318008,7.5600832262648225,1.1453209843517158,9.424595048401008,2.2632583981209557,5.906886803007059,6.336139824554665,6.001930742036351,-0.3351514756253171,4.647857840328041,-4.418322744132255,4.859537093461884,-0.21570468593548675,5.472974624861909,-0.10100231963327802,4.647875287553924,-1
b0037,0.030373013801750243,0.07670127745967346,484.74424581651516,213.3208050909553,56.67424461135243,430.5840488243622,416.53343023255815,154.74061388394833,0.0002500234504515592,0.07220203488372093,-462.14629242139364,38.680995148045184,179.84544549131573,27.24041237246649,19.17524426967811,16.698863729552038,-1.703921116955314,13.639014544685207,40.891954577203734,9.59298819643102,19.160688002294478,7.7672355186151165,-14.937477558047553,9.6930225959429,2.8712227562082515,7.018776317216311,15.317596453497787,5.536540888359419,-7.944859730163938,6.038927189121109,-14.381861598343125,5.3373940731134075,2.4892827964411604,5.734435266525324,0.8555813062209474,4.807768391928956,1
b0038,0.049155106248897996,0.09533166072264469,170.2722228148388,192.5892313955819,45.15595480835943,495.0028854113623,347.1115537848606,124.15630701033403,0.000975306178025643,0.060469061254980076,-475.56260340379265,37.868187104559,203.21532489870904,29.05554383198884,31.43335793743757,15.743682442575341,-10.147130719453301,12.074080600629948,31.29410396926161,10.46395756143618,27.62318888353935,7.966290119102658,-5.060178860996034,9.160074582613413,-5.295441508723293,6.368310733424861,2.4801375744740484,5.620730554940514,-8.305444580807409,5.924721004763857,-9.681758415259523,5.364623204470707,1.977266142913867,5.68204993967583,-1.6258698612993836,4.6762939112054385,-1
b0039,0.09242220162730319,0.13901366857653757,62.72388622376121,203.31732919624255,50.942919664436225,487.34730142430146,392.6792828685259,141.89081880530082,0.0009853599863142665,0.0596675796812749,-434.28829784189475,31.909580802086747,220.7789642508591,23.483721884940667,5.143547001094647,11.982305003609984,-5.979229856699427,12.50456459228083,57.329060986431834,7.627790205537816,19.522869504080173,5.930294735482692,-23.35841471038664,7.043315469032698,10.116309653580327,5.894444255708142,22.46287439016322,6.0261721717408685,-13.181911884488372,6.208511764870036,-13.022795467378963,5.2258821098030825,11.723229536337817,4.818916471127249,-0.644359230028746,4.349274625946387,-1
b0040,0.10665041329590247,0.1467823729161452,64.60610005213186,216.1775340617429,45.09753845200153,446.5489241984279,389.0687250996016,103.7711873638848,0.0004069918474474943,0.07223449950199202,-443.16050732979284,47.78613762498439,255.84535027561068,33.220013291609625,19.750495464340638,18.288134191149748,-29.51859729432398,18.06627887557818,30.90385369143157,7.789606553154701,23.19476178093184,5.817368672737186,-16.96930489020977,8.850979097857305,-6.179883088053102,5.921616443422036,8.887494045145537,7.7580032993130805,-8.127445163940036,5.923593837319241,-11.591059929256414,4.899497562353545,2.882639132078935,5.015036330732485,-2.9417584882946985,4.537691808245251,1
b0041,0.03688055805355621,0.07164400860231425,265.7270241181056,277.41282165743405,73.97444667415476,487.6443484204929,538.2221115537849,148.63812029859602,0.00011002730771375493,0.12053349103585657,-461.2461218432229,29.529970990788442,215.61667927837715,22.836980863402037,-4.469672164109713,17.6101514171094,-23.425467414866663,16.429753628325283,42.952589873712206,11.816733665724033,16.88465173577455,8.569014403708433,-23.375454227866598,8.965668979107589,4.475977309243546,6.630219987538113,18.082826855329987,6.188309812749287,-11.97341697490085,6.221276923715352,-13.411696058708948,6.801672116269009,7.282096655056014,5.78534794066316,-2.7924058891216275,7.801061546202054,1
b0042,0.06905354479389794,0.13320817121358183,400.03340147564086,182.90111695707634,51.75826930445748,376.52088438533656,304.6875,104.78088130190729,0.00021599772802277845,0.06409518177290836,-480.8558810629342,67.20624332359426,196.41995980595283,40.31350610310798,49.24876668881777,30.79174986797942,7.209951535351655,26.111714386657695,25.469535398420224,9.967172666518314,8.845223074286407,6.699908208371681,-14.203670913953301,13.308573078392607,-1.7056840130304616,5.9986521016192595,7.245305868213828,7.106818998004888,-7.19059518095074,7.510777019934142,-9.891356530585838,6.048210814604253,1.1916358481654807,5.2382691998849475,-1.6067311540841627,4.195292648905763,-1
b0043,0.08522798521113169,0.15128687827012302,116.23887096102614,134.88035178912622,28.983709622931652,420.94667942314834,218.53212151394422,75.8585666958031,0.000318734626591676,0.038082046812749,-461.618367492056,39.555679431631376,174.56123159928669,28.40936243079853,44.675725744789496,12.63366635753765,12.49602917231377,9.474569131556711,40.86363267348183,7.867295158709725,32.69914603038302,6.048889147844171,2.6280818314425862,6.399954190158372,1.2041867902686316,5.01428156582527,9.706673729171362,4.752479668833732,2.393614948545964,4.709795755683771,-2.4776705952820164,4.904491056548344,2.256052358300749,4.983903026916557,-0.16287859221447665,4.328276842568855,1
b0044,0.12071341639013969,0.14640441512972233,63.7415209177447,121.3243369316573,55.57263041652748,487.7151000456639,193.41384462151393,126.25253248341538,0.0009720453476096477,0.03742841135458167,-481.0991077649721,50.63462566033278,185.08646174311303,31.161829444380032,55.572933344927804,19.97317880814216,17.242927505256297,24.10932174422193,41.91733849666356,10.274432377430083,37.10929891912828,8.163477360354738,8.113395760723217,7.184732806853216,1.2386490058805784,6.080770319479989,6.003731366372141,6.540841169131145,0.7946354797411764,5.482896436536461,-1.3617118978328553,5.294694157544478,3.8000842116070177,5.383257389590721,1.096970232493042,4.648163671139023,-1
b0045,0.052111840136839005,0.09048061818377676,137.00060261743076,108.51113784092657,29.05780627727768,306.43916090069274,158.74003984063745,70.86282736168266,0.00011757263490706234,0.034759399900398405,-511.801670194672,35.81855961497807,147.8867706104012,24.87637442950962,61.217139261803226,15.617505388415609,38.09778746275095,13.281918189399265,49.54927425795361,9.123762882415244,31.724267602116196,8.059613064896597,2.594014561203825,7.13767768002771,1.0838945942151426,5.165268267897931,9.452817926800472,5.694532988583016,3.4621313910627127,4.999915665513497,-3.172120561792651,5.958403644588309,-0.22698868298869976,4.506255793205199,0.7791392574732513,4.449696729255162,-1
b0046,0.04192550146150362,0.1150749657784298,486.80061071368823,122.11664535282391,32.840640619572966,408.6954070058857,188.74501992031873,87.79434328729053,0.0003882295477745485,0.03419135956175299,-525.0658167895874,32.62585716334124,136.13557591491266,28.455003123147936,57.4328801959695,15.418984430680755,24.58797205240085,9.853384613895653,32.26923552307513,8.000478297053672,30.638860036417693,7.507104135997005,12.378706246559734,6.409936834689749,3.2361919691484555,6.208270802367525,6.781189092644287,5.234493723171308,8.024708145486796,4.8803521360158,4.225592433366112,4.66508816778941,1.2671330074304392,4.257526781999583,-0.4346653322563641,4.765263636545229,1
b0047,0.08899770104927765,0.1621079298307619,379.02507729465384,107.34167907356613,39.96362276299289,486.8604384377395,170.5988545816733,91.22638685393646,0.0007941906980751472,0.034292517430278883,-521.7178940138166,37.202376346396605,144.60745356458787,32.783896973727366,88.27152093090473,18.311848316705877,45.390966094303174,15.581375508333851,26.25221288594633,12.23313195942829,16.939061529704585,10.40744657673292,9.415244375490964,8.07713836155621,6.2018500005891175,6.596730785001587,6.090104804461658,5.422189783683331,4.358528627807781,4.963641394625445,1.4871972020498834,4.552714131445617,0.5582212523025823,3.9874481638468384,0.7491768780599269,3.858469973724077,-1
b0048,0.08443737284964564,0.13466960036667425,196.31522905595122,112.58020908526593,34.93566471463555,495.2415068916638,179.62524900398407,78.39529943605086,0.0008430779755240031,0.035257407868525895,-502.91526787260966,54.39866599207442,173.0245616930609,36.02453738940581,79.21003038540229,14.78711525149165,34.46757244111101,16.877149481345928,30.45274651771622,7.428885659796432,19.25075985719619,6.938939364419545,3.6054080808023263,7.957768601812485,3.5263628900040143,5.618768208097911,6.324101188461978,5.234587522292812,0.1941836430224236,5.311758835443389,-2.235890665106695,5.682374352726898,2.348071826096147,4.46967347826852,1.396204899265055,4.294584182901813,1
b0049,0.06655639362728476,0.12778936452003453,140.8296055813105,140.78494075437794,34.18280796561474,423.9612255756805,235.339890438247,105.15058402941014,0.0003533641646731235,0.03695374750996016,-511.5957539516396,48.400063184325674,190.7056191569082,34.892340066275835,34.60142772144419,16.49992893671854,5.18590156518213,14.265191183938002,47.42108578731724,9.338253548078422,37.26765874984873,7.033359736573101,0.3714193542846265,7.363765050491385,1.6743757346201376,5.742680319071889,12.286150602808208,5.372301444430515,0.8387046595007361,5.206834735516115,-4.221298085435826,5.087556119445859,4.790520032185996,4.541108878641489,1.9902324038619312,4.3598231432007974,-1
b0050,0.06660052471270758,0.1109687579824061,152.79421815680828,134.44692754351152,46.689811513135496,499.7153322478672,221.52016932270917,116.80136649067876,0.0009688458547790435,0.04167704183266932,-477.34027225128136,36.106976733053585,173.8872283646849,24.616855195435058,49.304970895763184,16.78361948455014,15.755863620273114,14.105519848168385,37.74889575346558,10.562073383396998,27.51207344368084,8.487190650858187,2.515804233348212,6.3476856231842715,5.232136603660401,6.321438291227306,11.513912965580971,5.647593218403868,1.0596525204086817,5.498802879684005,-2.31187304492475,4.980397230834187,5.106491227248413,5.471753766300449,1.7321814923456447,5.1198016885873985,-1
b0051,0.0709088119987994,0.12446898720725069,280.17572960087404,103.10591232745158,29.690775451727955,395.5055732299073,159.5804282868526,71.18275503122575,0.0002229621031112739,0.03402016932270916,-528.6861321839704,35.507423508462,144.89362218440164,33.403443367957074,88.72736566199822,18.886084861974584,48.26255938788694,17.46412224297425,31.020730894852285,11.73625207542472,20.16775115441166,9.968802820198338,9.488099996542257,7.538452871537851,4.672032454825526,6.076786550410588,4.414048658301341,4.465148325452597,2.3321652541315037,4.322868052793033,-1.0823372735959427,4.66353504294232,-1.8751589605505508,4.565012300491503,-0.9155268133877277,3.7512454887188973,-1
b0052,0.061014842974727646,0.12135138835959534,227.36226459712157,120.5658573430826,43.09948526320349,513.5501913750556,188.3715139442231,111.04839655433862,0.0010405434162092952,0.03355328685258964,-489.0210819617736,39.880257254989154,148.23849383804665,25.135007119680154,51.44633811092904,16.19968288051545,23.808413480767367,10.7840302420505,40.09622440615879,7.463788334002051,31.7642288621482,7.3783831186465845,9.29555943896514,6.9062712685155585,7.527975647079125,5.275006512306767,11.191965462951199,5.5455262847230085,2.6547567942059485,4.2731669063438895,-1.4120919305983783,4.489126874812256,4.434813039151218,4.729150633525931,3.34571284169817,3.8625833158023393,-1
b0053,0.11234488067433875,0.15780603700535412,91.80942762190563,110.54730987356476,36.44069245834986,469.5399457087488,170.5988545816733,79.9742279317198,0.0008741827526979124,0.037498443725099605,-485.32121153695607,42.83956587437161,170.8691669850876,26.82742565992561,77.8616332293827,13.99673757258398,37.145158684728024,12.865636272140136,37.63405551654977,8.016428408297278,25.197344309097627,6.624516455957462,2.592974763219018,6.588457741731847,-0.9095409199710395,5.8052421635698,6.1424241379893925,6.063514625014341,3.571633238549854,4.910297605754169,-2.0363922104391174,5.0366552475318445,-1.3041120349987245,4.664922455876949,-1.3232732890396646,4.551526548383901,-1
b0054,0.1858371702195419,0.1865715228299925,27.992457763225183,174.63061267783297,45.91423845725748,490.1193332696909,327.50249003984067,109.37989812606621,0.0009618095506792115,0.05061784113545817,-384.11285569444703,32.48637222145944,214.6613373327671,26.83193390329518,29.248015875031264,12.461661467507334,-8.90190519945692,12.091287945402673,36.745458275997564,8.953972913406375,27.04823663589703,7.395663734616481,-5.562796031816716,6.8206916168154175,4.539590399782248,5.869323602688223,15.029833444662998,5.232890523870955,-3.1114286945780867,4.399316970391714,-7.5691991075442795,4.076109148866371,6.314009889609311,4.767759077535714,2.563669288094952,4.656662752508085,1
b0055,0.09674935748041079,0.12560827066866653,59.82032047103654,199.75373577179644,44.89239656970918,358.97484015837045,384.99128486055776,123.16419735995619,0.00023292845910499415,0.05941857569721116,-393.8989922019552,27.727826758738342,205.2042388552278,19.422159241042344,15.18781590507646,11.867987635079064,-7.6536530975402615,10.629064962474931,46.23334074146766,7.408062467873871,23.894645529827777,7.000689537975558,-16.25131512325011,6.739321944091208,1.9305446599261875,5.973216976113757,16.112073943665685,6.165836723055066,-6.8427030902384525,5.794529536451443,-10.885060692914218,5.355086058756327,6.240156864977477,5.232629808587157,-0.03782880730259521,4.056748116907566,-1
b0056,0.02228203157810392,0.06262014442918283,431.07166981959944,184.86833415684427,38.141198473031295,367.0332826738273,336.18650398406373,125.02503894739961,0.0002713555916896037,0.053987176294820714,-554.2969698442362,30.746064176070345,187.75430234825183,23.849128449693055,20.217905365144677,11.67992042354868,5.634720118216451,9.926948210275663,53.565886950791494,9.45003280145977,24.494080711718297,7.804804938716908,-17.697894705297628,7.022490107483158,1.1979282807155303,5.7252784501837315,16.33465938205842,5.270730843636126,-7.423751476583041,5.418889685895381,-12.82276041290537,4.921219475117359,5.585978267924109,4.569842590676837,1.741379329922164,4.442488283666035,-1
b0057,0.1146794886877068,0.16366717391840202,58.95661181477355,162.21005719617844,49.488053564015615,384.4551020541439,290.18301792828686,122.98277846768688,8.837322589802795e-05,0.04324109810756972,-430.9157193973508,40.275488758700924,207.5830797535286,28.627077767549928,24.28592663472563,18.022742812167703,-4.011091867041395,15.510779882747464,47.15851565145666,7.44474096187516,32.15867965858853,6.207202205907685,-6.55902696572207,7.888505706722238,3.368834747143715,5.425971054638866,15.52533780544259,5.438398482149736,-1.4101797290849163,4.853918642593707,-4.706829574104259,4.334272660722588,7.962995230232185,4.7107449728255375,1.475279394256759,4.209297935513847,1
b0058,0.07650514834147862,0.1199812013930482,123.42126148254847,120.5359058944827,59.67098021906798,481.72753501437944,185.57021912350598,127.0632115009457,0.0010655292953073903,0.033140874003984064,-569.0061881562298,49.57655732799406,187.623340824366,27.534684003692988,53.735369189275104,23.932986998818233,11.548515032660182,18.880924690642424,34.098370267579,8.257840200981159,31.927811641896046,6.329476192849062,11.362907985527482,8.733424254878292,10.88675234037421,4.788207178229051,13.116633130058489,5.535787784913498,1.729623090042829,5.1008375231298615,-2.0878736979116193,4.600496974648053,4.858462527456376,4.746108107933786,2.7646566948484326,3.8024260695581695,-1
b0059,0.03307846258191337,0.07812613812268224,289.4067773740637,211.93097998348347,58.70588171186379,461.7005411735778,413.56449203187253,142.7096378641215,0.0007132797652453414,0.062297684262948204,-493.35801869214083,35.69002488438901,191.893360626083,26.614221415466464,13.331813011419582,15.131499071149076,-5.490914782361661,15.373612732565922,44.29424694850915,7.178951267180099,20.431657303380216,6.021149366897499,-14.7769628828666,8.362785586271347,6.226213361259933,5.978792310959596,16.722006587285268,5.75526717574504,-9.315784434509975,5.561771273527173,-11.739554063302933,5.142551713289736,6.605711374038717,5.440542003447174,-1.1036453593250595,5.216839926793768,-1
b0060,0.02805990006983239,0.07840552459162803,1739.158273700139,187.43534502485446,61.07651713205816,481.6994024979609,315.39467131474106,117.67571550044795,0.0008030484173201795,0.06491222609561753,-530.3360433291263,43.83944978987336,159.034662766721,33.688028918399695,56.223832638046446,24.36605723383059,14.241359795298957,21.383274600873037,16.468228269044896,10.682998459422402,6.01775975568148,7.8210034151183505,-8.18772490575542,9.794044642768837,-1.8730799404000846,5.667549158234948,5.0135250939977425,6.423236218502106,-2.253838115272369,5.949043748866165,-5.292976610935105,6.031377706017171,0.5094618934753606,5.098711289209516,-0.9495560678548957,4.539687605312534,-1
b0061,0.06224135294256921,0.12197899001682733,169.29895836793568,237.22816965559974,69.36746557512812,484.59468275528707,461.2176294820717,150.81324885049986,0.0010354909739726792,0.10457389193227092,-438.7961651930945,37.467725610504914,213.00986849671258,26.303597977540722,18.362302971621023,17.84759412035174,-21.429930557440855,15.330083132886532,31.852432197687204,9.83660961005092,29.000339578064196,8.81265462879078,-4.791966211179438,7.567403295123862,0.12364677225719971,7.0455492009232055,8.39536561960278,7.580290452032537,-8.062206351655409,8.56273225106583,-9.892114650941135,6.525181794327194,4.868458000968641,8.013970731449781,-0.7069047871473976,8.121864977870388,-1
b0062,0.08032717425814087,0.12016461504130029,94.29186757808067,181.3493025077781,51.267075065788624,452.8991952604598,335.0971115537849,117.48498887063731,0.0007547276726267751,0.053279071215139445,-460.90275760281696,46.65548596371068,212.9009973221191,29.504220816859583,32.427276104736215,18.914377281647788,-4.200615309346513,15.858195607800914,33.99071723389481,9.061350165531888,16.86611905266921,6.749604445735655,-12.184853583727449,10.679806710278923,5.130187142251447,5.514692125620171,15.4754756145796,6.1010662207059,-5.122328199174603,5.970732068821209,-7.917439669722597,5.608407338222465,6.5330829472045995,5.357368247889463,0.5589357125011513,5.1690076422772515,-1
b0063,0.04214602768935672,0.10292739950204571,261.7776554731643,245.59171647139263,42.38416170020001,348.8419524197058,465.88645418326695,93.23537851213823,3.924326123326701e-05,0.08345524153386454,-480.95192892226777,41.26246812164089,214.32980661706645,28.28028642104126,14.937624832139395,13.736128031789406,-26.394533491931096,14.871557361865653,26.650326653350014,6.828326824695845,21.224455128108747,6.18632784340269,-16.252890458809848,8.492844181593485,-9.269208440443132,5.05637651176923,6.723942764140896,6.4025759092978936,-5.620134836783911,5.366432700071522,-11.473414232865851,4.45739615732032,-0.6268832791908664,4.58113076090274,-3.15682740858497,5.400588752933386,1
b0064,0.06205774971019035,0.15302734102777846,870.7585657850098,119.28992367250197,34.378427074549855,407.012483770682,188.09138446215138,80.49741019998703,0.00025751647035802147,0.03563091384462151,-536.3381956854491,38.055710819001604,150.59917419562382,36.136598942714116,69.72622167031052,18.879320109040712,30.53607116225278,15.423187929091387,31.878286011065462,10.270405448069681,27.96147978593015,7.434653805297817,9.911743071309662,7.0601977608458135,0.5903032453305528,6.300199085306661,3.549142096789032,5.813236195751677,4.608439089379533,5.128211166205758,1.140308430241891,4.7373350383448765,-0.7079135082090798,5.192555198801882,-0.9501754092770285,5.175563657451017,-1
b0065,0.09681916325679399,0.13201807304528845,94.25060525853569,139.29282805536621,46.54424690760517,468.0051167946851,247.6655876494024,99.74038473352267,0.0001302794241828231,0.040470928784860555,-479.59106798227657,33.9234680918385,203.32259936747275,19.3026353800212,54.297201638089014,21.377336619856326,7.618153323987857,14.606617032410476,27.07092274168064,8.526095219693762,19.01426943678179,6.462702546466565,-0.723916449955893,7.087926141827268,8.216594535068435,5.406527583274217,14.854003595023562,5.573987701458771,-0.011266697543763218,4.701033742914708,-4.642433777983834,4.289890350780305,5.862245583388695,5.025023272543712,4.261534914536993,4.214204690575567,-1
b0066,0.02249051750018318,0.05761247920547026,352.0531371820166,182.72829013654243,33.12472639215536,283.54113539699057,328.24950199203187,111.79158414370715,3.411635194649395e-05,0.05369926543824701,-535.4542754579096,27.703800538573002,174.913162172539,14.957486199708852,23.797812017096163,11.240719524033853,6.282014158103048,9.839186425693017,49.298006013365836,6.402874984919376,26.858744313023152,5.540270284501179,-12.935804926291425,5.872743904118293,-1.5580483372135427,5.207520066280572,12.343704033817591,5.40415323035149,-5.158899894920605,4.526005882031984,-10.861368206663617,4.29183559835413,2.6348086105617705,4.567531370262973,-0.5238972935507688,4.252902027430242,-1
b0067,0.015649621928464426,0.049913611158007715,723.4656042766486,181.85213223994208,52.60332845728442,452.7907008393435,323.5495517928287,104.46817039019402,0.0005138728732468558,0.05909175796812749,-575.003791854724,39.60961569919032,185.0303840406691,27.647813854988993,49.42475496029615,21.59170119479361,5.590599134360838,18.48311706334597,20.39945445255399,8.429375204615598,8.945259014115827,6.999586880896761,-9.143527643064449,9.492172668828559,2.2292501411655037,5.345481940148232,10.38446065508459,5.468880654911966,-2.7987275778116953,6.335632047189385,-5.954232130117946,5.882863629219604,4.390970248823318,4.737015154341971,1.9491101144395693,4.09973692109803,-1
b0068,0.08876932019299678,0.1243664110731516,92.12270582918825,168.14299365129338,40.342228730879356,453.8105946849137,301.4504482071713,94.68032695299274,0.000841184678495693,0.05194067480079681,-468.14723548865766,34.07105313351628,220.35470084442005,26.651928874992944,42.76459202389945,13.616376555874297,-4.8547287882336345,12.045106505224373,27.167051488987283,9.233662168098679,18.041261641565345,7.144876010309261,-6.314746164344989,7.0304886450454935,5.343679990866321,5.131225452472902,12.512262882028226,5.975890029966063,-6.199596188974981,6.2230076782203225,-9.37143244815407,5.259621791911536,5.034486702841806,4.722054076137435,2.183495387805205,4.419030272695914,1
b0069,0.08934253976780707,0.11152062867984848,56.595099673580755,181.928413783458,54.48788063910491,499.5191561129087,341.2288346613546,126.51870591566787,0.0013353659037280232,0.05521663346613546,-450.18096106974303,41.288538183488356,234.75634160176907,24.25992876012094,27.2923683059885,20.72975316358708,-11.5581578942747,14.305621977803508,37.870558065820795,8.05564413296834,22.055293094241634,5.746705500862126,-10.83187895358939,8.970689325687955,7.323261751178265,5.492155637179418,16.708408041800382,6.54091570590204,-8.632702882753355,5.088252130311754,-11.159934903985905,5.414523396523795,7.410766338391461,4.928409360114123,1.0589125405539133,5.122972268861619,-1
b0070,0.03183252532299592,0.08529497018914362,469.3657948852972,221.6274861435271,54.94492789863827,448.7099981303894,454.6501494023904,149.76864526556903,3.168668462623129e-05,0.07251462898406374,-482.4250836897084,31.270575682473066,186.67895932770526,25.75009372131261,18.49434931170437,15.10731095629775,-10.389043421566063,11.368618443487074,37.967556126856614,9.309621891674265,27.508833787520466,9.689302355810048,-11.046041785729136,10.572308207474702,-6.1485542522637875,8.627273957816632,8.727907749074442,7.7539269566160725,-0.850941779576348,6.6705842901100905,-3.6875295728183586,5.785828416112036,6.492918749974988,6.791721203739645,1.4810323859198427,6.432270897428475,-1
b0071,0.10655632704890196,0.14361701743275915,55.91919366706823,192.96402128797385,51.77399814769521,397.26231419020525,404.81822709163345,134.4489296126906,0.00039190655642246726,0.06011889940239044,-400.0880460530341,33.3738783176437,208.0806034794586,21.50999347426492,23.578038690926284,16.42428805741924,-17.44038500613756,14.063386324352983,32.97106463651529,8.411181157140128,33.95997608694328,8.682505256415196,1.6778402959764924,9.888324956680485,3.2302866611128103,6.56387970786631,11.945759807216836,5.871567781692923,-2.2327203581895145,5.953431941264322,-7.320694723264548,4.983374430260179,5.049864208853185,5.995693480900148,4.654101043348712,5.080985341197405,-1
b0072,0.08287498453606672,0.16337050356853805,181.49022594740006,156.8351827029337,49.00742152540523,484.07826507563993,287.0082171314741,114.80145326561019,0.0008520544851063394,0.04335003735059761,-453.4422104549041,39.67273230462706,187.91289908914956,29.675423952845804,51.529858129827566,19.022158242308073,4.911143173527987,14.97230347334887,25.10747755781376,9.119548655547382,22.675915145100443,7.650585319290636,0.948735900894278,7.903883876128533,1.026741547061858,6.485626637989163,8.711852190745091,6.651960065123242,2.713536667510669,4.857368379975854,-0.9419022402235399,5.783123545889576,4.098442754985433,4.967443785007563,1.832758462657455,4.4453494542019145,-1
b0073,0.08547944233210004,0.1525743367436795,159.2147715723672,170.8440067231261,50.29657539112665,513.3009977182037,335.59511952191235,133.71165444231423,0.0009238816858493226,0.04720959910358566,-448.36118426567305,44.510453425910015,200.49942460575838,30.842948212432045,26.641461996678288,14.066957933700174,-7.1405784775372405,10.545707365489092,40.02552121322187,8.263257804678622,32.907345790693846,6.514714989952775,-2.02284153859818,6.600427038180088,1.564977211550292,5.476728203772218,11.210150476136134,4.835353374800037,-1.3851196486889004,4.812462384456822,-2.5094077868818383,4.727607984518389,10.27823711044115,4.5104388487183735,4.956199952584968,4.86882144026712,-1
b0074,0.01995614078768296,0.05954756016349161,732.2190254107086,171.10510975401286,72.69148886459507,489.4628986806324,323.39392430278883,173.33449742750133,0.0011527133458869075,0.056850722111553786,-645.4665915933073,60.28708953527783,191.76602826629664,38.17386531022764,40.588630787024954,29.392060616509763,-0.5411455939954676,26.43548002845618,31.140364959783156,9.75526817493248,28.853483154755303,9.849031291115038,3.978466888288167,11.988737389272343,4.363725057354454,8.222168637043351,8.733157139795182,7.198826777777801,-2.6065799530574885,7.660118563757948,-4.862852783606616,5.835608044657197,4.464962699016068,6.568402484176579,2.176098588948625,4.814269987754513,-1
b0075,0.029713640539009434,0.08549624329369862,1201.6253255120766,152.40178891676084,45.95983772527384,474.8139550848848,269.85806772908364,107.51874283425546,0.0006336187251707126,0.04147472609561753,-613.6461145289238,48.59546411495024,173.20752913404772,39.57628991093701,57.057050988259434,18.426635685335466,12.69799854495102,16.290925379898976,23.735858517492638,10.448821540566643,18.738040484910957,9.27505226625272,0.36535099938710724,11.45575762673363,1.3319420339980037,6.391673249060308,8.451062448444842,7.172220271870235,2.760769300638539,6.506694781923306,-1.824835421776196,6.495207863960469,2.172488527566457,4.886120765139939,1.4588091020388607,4.85563067259397,-1
b0076,0.10180224852557938,0.14283081284262233,82.77854534164675,143.10698342616777,55.788607316492325,425.82311844192327,252.52116533864543,152.0930317630235,0.00043490860623274024,0.03953716384462151,-457.04852598731566,43.88990125689495,196.61700364764593,28.773203534859853,34.38411754414933,22.134018361370188,0.9894179171814446,18.161451252354514,41.967225504051434,9.321679164937027,33.65321864931343,7.036620860467528,2.0036735008358564,9.58954112992679,7.5564094344465875,6.584999943013458,17.09233632480444,5.75597644096698,2.5350182969364616,6.2593702025844635,-2.802674610600097,5.679246204188751,7.08948005726659,5.608954949937518,3.241780905017757,4.304321534621379,-1
b0077,0.08326474217335753,0.11878889715620537,127.06329880118633,105.40099259783275,28.040941651836732,327.753010252781,164.80951195219123,66.60908934150233,9.011422952650976e-05,0.040042953187251,-539.1082292474555,51.85674260038916,165.75727998900615,34.309762254383536,90.4238453092719,22.01287716397104,49.64354294111444,19.67014600671899,36.545973079729606,11.352962772552507,18.481342439850874,8.528588524430424,2.4219949903251927,10.33742961928918,2.7797383170242966,5.743099915883868,5.556316057791826,5.857340926271968,0.580492111958716,5.773746650262682,-1.37461381137913,7.032188631837304,2.0064290517507875,6.874459816274365,0.6672218981434567,5.248491273435018,1
b0078,0.0746501863137405,0.1585471307698028,205.8821900588534,134.68365221117827,58.4846101206065,492.7571763783259,228.36777888446215,128.27260698978597,0.0005911953546920452,0.038362176294820714,-477.6862083853885,47.527947145869256,166.21133694546526,30.077816223181493,60.24607519442013,27.18165343721404,17.886997118062794,21.617305755374034,27.29066768068878,8.724444057515912,25.489939524518633,6.922412309262016,10.272447468241829,10.514213362604954,6.979526466261213,7.237955700104948,7.325075327818657,7.066153571466865,0.07764905774059004,4.704471750556753,-2.762593060106904,4.236443407837707,1.686893443054076,5.848221617854903,1.2873298184094453,4.158864834484685,-1
b0079,0.01986755156915229,0.0769818675845147,1349.6577726391467,173.3743282508484,62.867061175893504,446.2154770978344,301.91733067729086,144.17808437705665,0.0002580941157964045,0.04640811752988048,-575.3273158914914,70.26826723932017,174.86612673226068,41.52001784401319,38.17222484863943,28.818705297261037,3.893088214748177,22.730851465694766,34.8668701105133,11.249056016522715,29.12731455533325,7.091026195705028,-0.667695392324642,12.0113476110862,-2.872522246700716,6.468214942735854,5.570021325568441,7.388295319375962,-0.5003347324271953,6.832475647561949,-4.407044618196547,5.4921056972169096,-0.09510937849347785,7.0432266107030195,-2.8416656497707127,4.893431283627243,-1
b0080,0.10117510526803405,0.18445971874411415,242.45779955577657,189.39366301478768,63.121809335061485,504.58149977266237,348.0453187250996,163.69386193442924,0.0010226283826462708,0.06677197460159362,-445.7582245189983,32.4386460883208,195.71068560021558,28.845499065078712,32.983958103078244,18.711042494544138,-1.2054491959303923,13.057309747648416,38.89823606790985,8.989780242791918,27.683439784112103,8.682729688486274,-8.975755418816059,8.319329757827681,-5.917477108352433,6.3440451941154015,6.840096436384664,5.208140839763884,-2.2004366445337076,5.005856309085586,-5.152217560110279,4.477934468659658,3.0214723622294413,4.932892312378067,-2.6140019814562585,4.724293379017096,-1
b0081,0.020457678002429622,0.06053953299347246,1179.143462786148,142.28364857129299,48.34124948786838,511.55333250135857,242.77888446215138,117.84815616168021,0.0010482290660118448,0.050532246015936255,-559.4013642814788,39.919619755321364,148.62345961117168,30.74926706392111,71.95341330155829,21.9155478341816,30.666320093716337,17.915933415042094,24.418508809087196,14.131979934886695,16.7998022423104,12.444621674288666,3.4083538433488023,10.06247465967884,0.21999214510164636,8.876913545228083,3.405578909804166,7.661343026426838,1.3514088922239889,7.090232101234741,-2.4819569586224985,7.566708685647635,-2.253655329906233,5.5654592103757725,-1.5609675473035267,6.94197273927482,1
b0082,0.004892313404549396,0.04618223321151864,5506.41006289916,217.5325664055365,43.43660257935313,530.5011071316857,425.36105577689244,107.09238608278024,0.001225452678761156,0.07102838645418327,-652.7026332603089,45.59193203119649,153.6033309145005,32.473101410623784,34.75725858807386,14.743708509327924,-2.96034383449045,12.355238519978114,21.003881797394502,8.393338307742649,23.13049225721265,7.448670792231984,1.0035222565260253,8.431566540790337,-5.748058865024954,5.667815752703452,-1.826880747602989,5.561044359527157,-4.9645175979272045,5.63274760282623,-5.3494730125256655,5.320042727439563,0.7302797133614053,3.966205610663855,-0.7326894391303413,4.706199748248549,-1
b0083,0.09062514207332473,0.17732328803378905,209.6279253584826,115.9041686269595,39.54725533444003,481.8563483812536,174.30278884462152,94.56835017342294,0.0007284264701261828,0.034899464641434265,-500.2542587064985,41.03541245302855,156.57841638731347,30.53508354029107,59.56445679091318,17.679460106732005,33.343494018515855,15.92401717720705,45.113482425411696,9.401762044184107,27.02300529068562,6.978883605793066,1.4208943936640088,5.909104947999487,5.716006041102614,4.782476992652791,13.637171277111799,5.164632863934934,2.915886628611528,5.596962001183732,-3.068826809090705,5.234509934883546,3.9303627559233782,5.10875453398153,3.114703402169649,4.806029329829988,-1
b0084,0.07355392049986222,0.1698204017251515,307.2808631067672,126.08069211615953,51.34545368980441,446.0893778308911,195.8105079681275,124.75949932401788,0.0006368744668222524,0.03890687250996016,-497.24288710967755,41.31058637080917,152.03309024616877,31.373020350046854,60.638923744928924,22.51959777985347,28.965353882612703,19.00085434953427,37.80232280710385,6.860261469366569,26.963554913951953,6.603311497490792,4.948387073439256,6.773220142429767,4.017903386480849,5.144986449898825,10.441988769646379,5.221850354879068,3.9602906269972262,5.259864838244071,-2.6590972384784664,5.688245468750929,-0.009733868388504293,4.97856827798413,-0.0034428636742843376,4.032874270861377,-1
b0085,0.038045912981152424,0.11174054567709375,724.6051618127931,137.49452099016534,60.160947457302086,385.4509098766147,237.76767928286853,119.62385351695849,0.0002696482960243669,0.03680590139442231,-550.1094260563349,49.71861720830135,144.94115325308306,38.64549551799873,74.18907599339471,26.34253845299409,27.11416389263217,25.709245951005986,12.418966506784667,13.278256712583547,9.25580794297511,10.217652569995188,9.411256619612075,10.69259875228209,12.249235489581677,5.859382987245958,10.193704148608768,5.849225709273063,2.370934563043941,5.353982778032435,-1.6988176539942308,5.020836641866981,-0.06647576046093895,4.1864968485098295,0.5258076827578753,3.7224917819089867,-1
b0086,0.09664703022113841,0.16310669747561946,155.30578231457588,147.24327006152478,52.34865780994697,492.623703305131,249.34636454183266,147.88788988354912,0.0010714092194350213,0.042268426294820714,-451.5085753328162,40.6266983629655,173.44021159945484,28.542809614670475,34.19982676179947,18.436264704928817,16.876931608885403,16.41742650445689,57.35415483545396,10.105139077315277,36.414030000315904,8.755242040937254,-6.806298379491668,8.047287340714512,-1.6157511956792334,5.425696341866011,14.778653059868303,7.045586014783759,2.134733489864115,5.075437012843778,-7.654280140960797,4.940102091487462,1.4883011196920988,4.761044779716285,3.047159114936743,4.4812852674633685,1
b0087,0.023923452253593797,0.06429950690156451,470.0738536084095,182.90047552887611,36.9213286371149,425.4883308231148,334.4123505976096,109.17186674413419,0.00031698550897005196,0.054788657868525895,-514.9883004103472,33.043834098936,184.00338441387916,25.589117231759207,34.377664350815586,12.6958224278182,-1.613593812729383,9.617034197241251,34.19052362936575,7.615416186303529,28.19728455944353,6.265405261757422,-4.718038603123545,6.9519163619166315,-5.70059612547334,5.7739698529486425,5.213451279052073,5.4294755988745305,-1.8208722763131318,5.128106188166877,-6.378606843144751,4.911167658475997,0.193688714962825,4.159061824841519,-1.457728801734269,4.7036513233238635,-1
b0088,0.044095695615898746,0.10367659992131534,215.13771786192171,116.06265924363065,27.501898631617667,291.65355462796384,185.47684262948206,57.811253559007696,4.230175206097762e-05,0.039622758964143426,-578.200177601457,41.370645333623166,173.96174879320924,22.014393498918874,80.04082791001883,16.619004765350738,32.5581837657092,12.941696623974012,26.737768805552697,8.075068261430502,17.02698662220773,7.037679864938172,3.558462812455736,7.519475925127092,4.296776074165953,4.9664883514291365,7.555275545730553,4.671941698410774,1.2389220231527358,4.498315387265358,-3.191722956137331,4.66660985534473,-0.28623044791786684,4.350428591682568,-0.09518220127571121,5.034993434349502,-1
b0089,0.01964774872788109,0.06127291501498864,2185.070454357393,184.49617787515328,65.07773010007514,377.0514801331816,334.1944721115538,121.64148067440881,0.0001958005921308018,0.05780004980079681,-565.7011446252988,59.35522773125669,174.83616441246332,40.676538272237096,54.185379602978955,30.107302825779072,4.678692617194933,25.306563912105513,11.586884919323046,8.651229935326556,8.307327493752897,7.662380614366676,-1.509084269430558,12.52432796188177,5.63146653073845,7.2853594720838,10.012955835475235,7.382063962755503,-0.35958508394470556,6.846679964066062,-4.281473710524078,6.652514916912508,2.120889012013668,5.525860106218454,1.5037258171903074,4.088579935773914,-1
b0090,0.08400033866291079,0.14801456477511651,140.3318753343088,103.06793016975624,21.97670351383111,371.8714825606269,154.66259960159363,51.309758025792505,0.00017119825909002072,0.03921812749003984,-548.4799321437715,30.94427767176442,159.36652527884073,23.854715923686573,101.28804354545278,17.46732476543258,58.38940056577922,10.883110617916133,35.36761909134101,6.8174245170448495,17.025939002101307,6.176503411029445,3.3889830865500117,5.260464264073731,0.7179058292499866,5.205925891275682,2.0551448939271,5.714200008289911,-0.5777275525234128,5.047997942850257,-3.501308702613202,5.29144753885188,-2.9628780887553323,4.352369833825957,-2.6337891482727525,3.5954910223323076,-1
b0091,0.09664807936230105,0.17549699669813734,184.81927592656612,153.6793095791445,51.16993105896676,494.74949641166967,270.8229581673307,114.49522797924448,0.0007406479197062495,0.0437468874501992,-449.46188409304284,41.613058718248176,182.8989541157665,35.57744504858289,55.68164091428759,16.76916428077235,9.407186999812827,18.036942731063565,23.311915496399102,12.79374061788784,17.75725150244772,8.63011919215825,-1.3254111078301967,8.972809747989935,2.44607504606857,7.134183413106727,11.032763194667426,5.774477008832825,3.1668176912774673,5.024700117813426,-2.5568096281093227,5.408673733088134,2.6477217361911154,5.324491765544345,2.014797684268912,4.952018666860896,-1
b0092,0.0822093395699134,0.13971407393472338,123.93361963359803,108.55517656550494,25.45281615847214,314.28212314165546,153.63545816733068,68.31080365035835,9.966820800684183e-05,0.032105951195219126,-496.0704735563404,35.63413240454339,163.65167607994894,24.187341310562882,47.9883190513978,13.403352157586074,21.226135263970974,10.932495092133873,49.12858759352284,9.958390348264006,41.50694854978551,7.907430955544325,10.822380803615056,6.918303852336169,5.8178975168480624,5.509339921287904,12.026961541788694,5.028240093373654,4.8413594722027575,4.923973772793715,-0.43342520082894415,4.752361495182247,3.7040587870652346,4.446767013061959,1.8623164213111199,4.690662949253927,-1
b0093,0.07491783849545879,0.13511304942323688,135.32999947341358,132.68091182949405,38.23351530962311,483.2522692626669,214.61030876494024,97.6310673412338,0.0010545844152102682,0.037054905378486054,-504.5303533861496,46.23151208198852,193.36987074502284,31.69591550538065,42.84939423617376,13.190675844793445,8.934630317054673,12.17365330098354,45.59775313696535,9.458627350579397,36.246092812720875,7.134716195466447,-0.3013230299322271,7.5149544353513145,-1.4523965188160484,5.553699059957239,10.168831123645347,5.0017242696187365,1.7012847844918182,4.648881393182422,-4.3460422681026545,4.681339256988415,3.003743397484175,4.601755901689545,2.265219974435775,4.329405220984509,-1
b0094,0.07527835673024093,0.13622539233825848,194.36207924397536,114.93499438832056,40.722286047262024,493.39266337948783,181.71065737051794,96.63172404468804,0.0010423743190623488,0.03317978087649402,-484.5016613181641,40.48144725844031,147.44354096986729,24.963633431204364,60.62664365666293,14.788574259194203,23.814185975915073,11.37996511204226,30.554198238176106,8.334182936790715,29.010847949001818,7.495705007362351,13.85163121749732,6.20974585945811,7.944619651524425,5.108841616009259,8.866758969489029,5.544865832029713,5.016191345456758,4.408706053576159,1.9445323764293325,4.737270409640651,3.626304667541111,4.399508252961064,2.5602126714299676,4.531040077898291,-1
b0095,0.06313457659237365,0.13555315809712226,249.02938356480925,148.95074387308864,73.25377213736454,422.24699608627185,254.17081673306774,149.64603411159604,2.73894919266104e-05,0.0479488296812749,-494.86659629011297,58.01687356060071,171.58234635833588,40.161037356774486,56.20453679951708,31.229165303483402,13.480896676546184,26.646943216961674,24.552517207924968,12.387932412797042,19.702176660017788,10.457679489931508,4.823843807947123,15.62339629427442,7.849536909712744,7.1249914277905075,11.124471304600066,6.7648917402655835,1.256003534509614,6.553875548033056,-2.622067125539716,6.055181994938077,3.1357565340438756,5.860140802888,2.147682401190977,5.105306742573814,-1
b0096,0.029124593495208087,0.08693272418511656,389.19377666451436,213.60712473142235,51.04672910944061,491.6352465895801,417.5796812749004,142.6339182556176,0.000725749596628166,0.07211777888446215,-521.4492539342693,37.27580629444403,207.08105634273622,29.109482899082128,25.22585811063539,18.2969791498319,-16.745937342884922,15.293189446997975,29.9324941303293,7.8655054930413035,27.324392408586416,9.607343638762647,-6.998723712333095,7.806381176485531,-5.122677163366851,6.385610888363838,6.882953535331549,5.5731450738617125,-3.5079423642050367,6.376944550129703,-8.398766857401645,5.572015273562044,0.4226705241547513,4.7988422879184585,-2.831702395354167,4.953199016740452,1
b0097,0.06666537111413251,0.17513326795254205,323.9083048904292,123.70808256849598,49.89264758887209,458.18348627233667,211.65338645418328,117.50857868355459,0.0005699792693929141,0.03647908366533865,-494.97568281104304,33.875667001314405,135.18599004677648,29.02917936157533,74.19143592129099,19.996051308679753,29.180683032235674,17.63163063267339,14.039848531629733,10.32127819834187,14.32066730269367,8.16758065833498,16.175606439740534,9.400022631908154,14.950913785737841,6.824365121785801,9.368738018164061,4.684740282508888,2.3597765753627646,4.776862301503573,-0.6853537571201436,4.587382989593385,0.30037058868537564,4.286857614915872,1.0091512496440866,3.9108625487343405,-1
b0098,0.09696494677224038,0.11512694032773736,52.79059135972877,216.3042192521218,66.80505680369824,505.9201346584591,408.4910358565737,151.06510910223585,0.0013318186705518092,0.08361865039840638,-447.95168878467734,41.00056319160147,236.42841947260897,21.757093035968214,11.901538825016699,19.042098514843623,-12.398461772328275,14.444358884848349,46.49123871274829,9.100599101877412,15.507169988552661,6.9474785129038095,-23.348395437832856,8.006630885902108,8.248702102114942,7.1932340603863425,21.612901839351363,6.320101298173964,-10.417449028801846,7.151555705454216,-10.47688788972494,6.324866705137825,12.590519604182028,8.120664049658098,1.0781884813494824,6.978046708023199,-1
b0099,0.05843843972627972,0.10445033129401109,120.25063723231122,187.07583675899104,35.374941756892326,457.184930452279,323.7051792828685,85.17103381176882,0.0005172638681713607,0.057535483067729085,-471.8170503836979,40.24492739560087,226.3601514933678,29.560384514823376,32.90338101276105,10.715053002737575,-15.677810741773671,13.614033222846242,28.490487442991533,7.673073754366979,24.563460960683024,7.4850357608447355,-8.770053072842689,9.302938909533513,-5.68698162527003,6.351722492693147,4.419940748579963,5.194197978111356,-7.046595221514381,5.325815348473686,-8.537853398681838,4.974374950297016,2.9421296547994293,4.615614968488553,-2.4859749659191914,4.307410725342726,-1
b0100,0.004915286884467677,0.044652795924959514,10631.356439646728,115.22399857845174,29.754981461823338,293.2796890200798,182.05303784860558,71.63158572734729,0.0001498738248785388,0.03503952938247012,-635.6328677570408,34.4181689321419,87.82928178735561,31.085455195603263,63.93505846712216,14.01502598763595,43.36051142894486,13.253055072161638,29.785267193114276,8.228420885999025,19.712927343786074,6.5800711444616375,12.127584304814103,6.781615792693559,7.750274542104353,5.02231091023507,5.059788329359123,4.70811868649452,2.4931842357755287,4.797347212064562,0.5668927886630813,4.567638059981576,-0.25622780716521365,3.654529808587871,-0.6441948028448966,3.6079002618247404,-1
b0101,0.07311711190200354,0.10680871272113604,131.68994999228997,128.95810533457234,48.10651748105548,437.83912047646675,208.91434262948206,106.76963208177047,0.0005098251866525167,0.0369148406374502,-523.3869003790586,61.923846501168,193.80248859267672,41.60857994537915,45.5241541203152,19.635820943867294,12.984590818329455,22.384615091493348,45.455288341468325,9.358238394541461,30.883988309519573,7.4943577964356525,-3.510646357118108,12.207714198722973,0.7574810935028065,6.869213266563992,12.477313668804321,6.12197518025053,1.773783365885391,7.073288932611747,-3.4775632289472416,6.730427894427108,4.245567599354225,4.795864479449328,1.9283157431284434,4.4010161847188165,-1
b0102,0.07740900438261357,0.1396201382227672,117.99497086275805,199.69160860132848,58.3039133268104,351.5803776336258,370.113296812749,152.61011645296455,0.00025180922465857454,0.05943413844621514,-433.1504434096325,35.67335280048656,211.81242576938618,26.080303723243713,26.014148932626576,23.38985869826413,-9.89916419759938,17.87892521775812,38.46053351900369,8.203589660288719,26.098772143971086,6.364954459585934,-13.21644501014841,8.938654221857366,-4.453639203560128,5.582984892417766,12.123458348481128,6.085257834602742,-2.4834465366882874,4.888860935000375,-10.633696944237368,4.03313046009532,0.28819685178532667,4.922753408584565,-1.0002942557785974,3.9140207397775493,-1
b0103,0.006851966526649273,0.04469114310571457,4051.56413722021,175.59803616234723,37.60867580341405,392.6286878574739,297.0306274900398,95.27174800907592,0.00016996454385734597,0.05367592131474103,-667.1967898456024,47.8091054454769,164.85787103060886,31.098745755275658,36.91850183793565,15.144869461563882,9.249677058874722,14.815335863818142,38.60730458001629,8.556277404278472,26.24748781919871,7.276780003468466,-6.021365465082992,8.060108037250288,-5.108601991607704,5.389012268679739,4.638803760422503,5.305198846024896,-3.482292619730784,5.252837063954457,-6.352712707692828,5.022157544319163,1.6245682958223682,5.165913742209177,-2.1538407249515035,4.584268393746088,-1
b0104,0.1229591966142553,0.16233736608487306,71.17362757539857,115.92786604183682,30.427689766028717,342.39966009331727,177.29083665338646,79.9637002941851,0.00016259033208735618,0.03240942480079681,-474.1975368021358,34.63421866895536,180.33351285015726,27.974017803327776,49.55014657867678,14.074513022686034,16.10247141675385,14.744934099353571,44.32132648325604,10.662619851168428,36.72372844456801,8.112903852771865,6.183912487968747,8.048793847477173,3.416574316270245,6.547918927871937,10.949695813420954,6.035066058575032,3.007145403660825,4.848606417633576,-1.9290714753281613,5.010729122659558,4.161693738767287,5.732551447331978,3.0421250745381374,4.328322325969773,-1
b0105,0.08025966314985279,0.1294511410500573,142.892977620438,109.85095624310952,37.64886856668582,467.11763680044567,157.33939243027888,92.68847204482533,0.0006405004967808874,0.03338209661354582,-495.29904206288796,33.60641872736406,156.465789640237,26.44302260089985,55.77997550187033,15.554939434251114,23.670383441926397,12.220638323475994,41.019877794022136,10.197341858264547,37.17896856695974,8.371504390135447,13.911722441859924,7.846788794292117,7.016130279280975,6.216465559776501,10.3061826009016,6.1095469966978895,5.8481820643123354,4.724987883410834,1.8123782891109668,5.094305779034269,3.4383108292393088,4.856849929453777,0.9063223464664859,4.593112081638013,-1
b0106,0.03419882641420315,0.06807074332626956,507.404053031091,173.48582580746566,56.86452742747804,422.91719466581935,308.2980577689243,143.0852109503871,0.0003445836363047126,0.05324016434262948,-554.4374494604201,46.198687159084024,190.28120160130916,32.83162677872533,29.954880287851932,18.50409172493668,5.353030134075783,19.36353796075389,49.43895811951264,9.603186855866392,29.836587291064937,8.267667653883777,-14.469775630530835,9.321252363674457,-7.32787882337888,6.432618148294404,12.345492165790175,5.763370612831599,1.1517567222078795,7.872339389156084,-8.235696781546025,5.150226486447539,0.8203791174877716,5.429080631455228,1.6738355917460197,4.5175293630025255,1
b0107,0.0936093331946076,0.1589246669699954,203.66904889451737,130.96505554287924,41.5639826476032,341.88931367197256,220.05727091633466,88.97647031851143,7.18648830335039e-05,0.04147472609561753,-477.7056415303811,36.48375138129932,172.4173352461135,28.02714652081931,70.42525514057262,19.462938752126142,21.759819452798972,15.553230164881082,20.969517486442825,8.514134075842176,16.221153298414333,7.613689501347222,5.668000532798573,8.360420089715497,7.714531848961047,5.980270056463911,9.939996086246236,5.612452890417624,1.4303524011816235,4.806709421468239,-3.3294292975013144,4.888945351492793,0.7094785972833114,4.485582403521521,0.7157124985065219,4.310124659794857,-1
b0108,0.03501701515829048,0.08691229444055838,952.4214055970905,196.0820395726095,65.3314308231065,364.3063606397518,349.601593625498,120.41152246455185,0.00021675612322167426,0.07176761703187251,-557.5193393175377,54.005277968466814,202.65594771735658,36.571966578392235,43.632355509584066,31.258130529587145,-1.1119882514331973,23.32316826003303,21.675302478944246,11.727401992613155,8.194924336495593,8.060743927299406,-12.568844888217086,11.975982288651682,3.355944870185967,7.34706090062326,13.725832311382659,8.302006274625999,-2.1323862629400647,7.962514487697475,-5.769605432814723,5.9432438953801014,5.025293449212295,6.584913208956948,0.8059591789882384,4.918598730246292,-1
b0109,0.0832571205098616,0.13512155411583424,164.80362310716788,137.37217416007488,34.60417152178369,397.4911273857525,216.04208167330677,91.63668012508373,0.0004097123894942949,0.04249408615537849,-508.35616971853915,41.30162233410392,193.10340170513751,20.92330592227127,50.738140098198954,15.419014263257646,15.380823276590062,12.936657769433547,36.952400086553126,6.90733329475566,18.39973735242759,5.382036618290631,-6.098234351137874,6.72037967209053,7.580046884806311,5.462100776747825,15.045296223128261,5.1014358689908015,-4.667265072124452,4.7865290493922785,-10.245059912119153,5.038885132032505,1.8111317678530403,4.969100078162386,-1.4763027519184686,3.974174394536776,-1
b0110,0.06574236427653153,0.13390097777763282,155.65856459311976,171.18303845914542,62.53669560858468,456.8989785030991,315.67480079681275,144.0490939760085,0.0006620860172876154,0.0491160358565737,-450.00221466930816,46.848163630220576,192.43626713308794,32.63412854826814,40.94498418991534,22.69199573452134,-0.6101007697108687,22.02328760667212,27.43336431167576,9.516793143052931,21.507574714936712,7.477485805146287,-0.08441489589484454,9.005262537044228,7.343786715378876,5.559670635446617,13.057471780711591,5.781352886610927,-2.2607016071524595,5.576692737400419,-6.098739959019538,4.759836670400787,4.801579685193081,5.2147888224912595,2.6723068987092375,4.161405662534975,-1
b0111,0.06456306640486446,0.1325330587164415,159.6193766887839,146.30249175017426,41.620734446377135,486.3940193153013,252.30328685258965,120.4730966588768,0.0006724525333327354,0.043676855079681276,-475.05196702587796,28.846258036756197,175.73766274849294,22.98202648927415,40.60348282260593,15.398932715820747,12.542778941021544,10.827957111058273,43.69756293108722,7.4417096188807355,30.4626962671601,6.363646486170706,-1.4954950062109515,6.4652520454812565,2.122650466070558,6.4297255020991315,11.451042158975289,5.496159252485862,-0.8199662092726634,5.119303541289793,-5.872980953979912,6.215867767348853,3.6782502373610564,5.639486050290904,2.1615747543140973,5.1960443929279325,-1
b0112,0.1600363438297673,0.20192800249499943,50.88026450183657,126.41395614977029,42.92999474239307,509.31067824348816,211.84013944223108,107.18501696683988,0.000877214674004884,0.03526518924302789,-426.05490245929616,29.806560050433852,187.42191270349142,23.112191279792395,47.50361721561753,14.761749829910542,9.098030302773394,11.956508828689701,37.56366183346788,7.850598071695869,32.468584338529304,7.6768651256614255,5.275321460123985,8.858757148110692,5.041567408783585,6.274317427095654,12.297146141435439,5.544435076131439,3.022999527814759,4.910888044495141,-1.15714465946734,4.751272472344658,6.422089790419787,4.794582144853982,4.423190490442664,4.856227646193264,-1
b0113,0.11795413506757188,0.1341701867116753,39.06244150739986,142.32544324965423,32.73856838033445,363.8321392074157,245.67355577689244,84.86837211933627,0.000317500766803038,0.04168482320717132,-418.9377031570621,29.066694079148796,188.50784755979836,19.737034531264616,51.73730449859821,12.991606305576552,9.998140308376978,11.49898370363013,32.126853164371795,8.956504954567096,24.46032454469669,7.634738256917735,-1.304888686584343,7.125903148446649,0.771080947183628,5.86370294536244,9.814415359250484,5.446745540812293,0.9234881456285451,5.36783652599763,-4.347616264350433,4.959041974953767,2.9279054243610574,4.8546670655728414,2.4324276464295456,4.110837139904811,-1
b0114,0.036363137418109856,0.12314822655336864,867.2942235499285,122.20093464679856,47.85916974548954,431.7700347453246,213.39641434262947,108.77768861847049,0.0005078289727771954,0.03580210408366534,-541.658118428228,34.07853034672852,131.49467988049008,28.586778180576285,82.14193635253753,22.301205600119527,40.33262386308401,17.885364693189324,16.795509127501987,12.568095427347115,7.0307103144976715,9.23774940401439,6.732814962430217,7.762046264417162,10.36404479392211,5.961946446496467,10.038177035458627,6.118862326293504,5.130617537672332,5.052912597439464,1.420577004858602,4.439220861499955,0.3733458524920635,4.129877977950723,-0.42594694008288225,3.231584765290173,-1
b0115,0.054059676924562663,0.1484515084413388,537.2780350810452,141.4155758218283,32.52549254902046,313.3030224176518,229.95517928286853,85.50442270205258,0.00014629780146826793,0.046314741035856574,-523.435364753826,44.456084450781766,160.89605741984983,37.00139390681614,62.41982554296654,17.07083709544543,19.399592401943817,13.390854236961363,27.652273580122813,9.188873081849554,27.394356458613103,8.061899959328475,7.831314516960766,6.714575326669032,-2.9697914929781954,6.539015961615,-0.8697611286410389,6.169422105640646,-0.1589274324481696,5.081006942554149,-1.6409107820585305,5.978578306319255,-1.391048094617028,5.312752522290329,-3.035212293147869,4.219382645265786,-1
b0116,0.07476726381576144,0.10611277660415142,69.99928008270844,249.20697318761614,70.69453130171227,500.7064334135777,517.7726593625498,142.18817712548196,0.0011132708890203961,0.07525367280876494,-441.63102577504804,40.8781026092524,237.27730556177175,25.25004706814172,-7.757269877985714,18.231892708861952,-27.008270323717383,16.49667387992788,54.54789959291413,9.111622137368208,31.49353880446934,7.398737187281085,-19.223927974906793,8.067008807848445,1.6279261292932825,6.24002314460928,16.73315450282375,6.048622888330418,-10.423934329026167,4.870145833317628,-11.499598630744122,4.783502585819765,8.524105108204662,4.870099872656841,-1.821975678242994,4.598361240805602,-1
b0117,0.10408445918938546,0.15144965977103458,65.33617831155168,202.86314785684453,57.71543408799902,489.0151401281068,366.191484063745,154.19616321689233,0.0009218489268988728,0.06218874501992032,-419.1438203244594,35.557976808466165,224.31174924422197,25.34159766434468,16.64365249483574,19.81119488701588,-9.211449333304554,15.349027387563,47.626818014558,7.858259358299099,21.351508098607326,7.382648835267703,-22.197843654598824,8.274607309117526,-0.7116333015946907,5.815505289867561,15.34985135339308,6.487471813371703,-10.474341377997467,5.557282962807865,-15.334434815690228,5.001015098614874,4.218457609877044,4.646874465451946,-1.012201114568745,3.983927152603905,1
b0118,0.07354281471359914,0.13050274954235544,154.4714606900548,124.73010720689518,44.45922405206125,499.3082740226426,211.03087649402391,119.26279539995798,0.0008255385002240191,0.03803535856573705,-490.90452246872576,41.9682996103175,170.45792334543287,26.237945762668943,58.93562001077263,20.226491621149474,21.544507052352987,18.09104723060774,34.09066109897345,8.458555018802747,25.465265261477665,7.0201370907666885,6.665767139940832,6.853546741643192,9.417544123994142,5.329656035742874,13.055519865502385,5.816158413691666,1.667353921534045,4.886225565713063,-3.2597414773141193,4.6751028908872625,2.79350409749384,4.53009761838413,1.043575507725002,3.988267986275284,-1
b0119,0.08736660797056757,0.16007024819928228,167.63096616901026,161.40099585130352,66.1841118619716,431.3688031408036,281.7791334661355,144.32676949081377,0.0004364524662994369,0.05191733067729084,-453.5668402170389,46.37109792603993,182.0416320495929,31.69419080794272,43.914551940248245,21.584825260178505,9.942065051616867,21.763292821695504,35.37697531416498,17.08310657270531,21.670275762083026,12.14343881055023,-4.875037699048878,8.35750383302124,4.405470160228245,8.045466666869665,15.016829550668668,8.839993307275783,1.0566886991108975,6.2424779458454696,-5.305537691329489,6.161604081945019,4.364561408201962,6.343980014076796,3.9210722910006544,5.520804584712971,-1
b0120,0.10023029550857894,0.1563024725458283,70.69463962927047,196.77568773980937,54.31435780311765,441.21307192030713,352.68301792828686,141.34323404161697,0.00036566737497209826,0.060609125996015936,-454.812379152491,38.713393250137216,228.3191039653859,26.05040975146981,17.021175998319915,18.064401049386177,-7.895347642439501,15.887590371495543,49.40081242194396,7.246787039109401,20.2813995121774,8.623323827195053,-23.91807779499913,9.979241724008896,1.0403157817106288,5.747518800426582,19.136059410273933,5.797739080597369,-8.037126290196793,4.895872316124953,-14.106478566660067,4.3765396076930045,5.154550838271078,4.3419134906415815,-0.9099847615642455,4.622494637956303,1
b0121,0.09939954953246062,0.13595974870864333,62.32827519025595,166.75678644277204,51.04542533607014,489.95411802990236,294.4160856573705,106.56214157487423,0.0011098893496907971,0.04868027888446215,-457.4844854354939,40.9706363580132,218.7421238280569,24.096708939448884,40.997222886212676,17.64501752191857,-0.18764743244911397,16.444237144139745,32.62972012368753,7.764233304246754,15.904403325804942,6.598146914518193,-11.07599750834875,8.283631686451692,5.512064709065782,5.173505495705198,14.688427067787048,4.7831110554639675,-5.586308852951382,5.202811929283732,-8.039187558811157,4.33881213854949,6.548817433977692,5.209396168459469,1.1403324658814387,4.084351188196822,-1
b0122,0.03180874923264821,0.09440352197842197,753.2922076348248,190.52421619267705,53.934587543841715,383.9751351472635,327.2992886178862,128.56102148661918,0.0003738228264181714,0.06162665142276423,-506.86736331293685,59.54175085043947,173.4461921171629,41.4408890948475,35.68269263681368,23.463005581695835,4.143900035601509,20.50954417885146,32.490756451217194,9.696693591187183,19.396678608851946,8.259355886627658,-9.244503890546037,12.273500940069466,-2.779175154708485,5.61686627465202,7.289451112282108,6.662652391987215,-4.372967234256895,6.325696335192845,-9.324318318740753,4.825438109923362,-1.7898176948613695,6.327805522317065,-4.698772429265518,4.474021654919723,-1
b0123,0.054870143516404825,0.11664675646829928,223.44861366998273,198.0773996519232,59.419192333827326,491.5079275626581,410.5453187250996,164.65513183088171,0.0011788284770539233,0.05760551543824701,-455.1218666746468,37.84627707177282,189.82153104976703,24.625885411175474,19.39408290905351,17.272397437690486,-7.591675271139113,12.12510261532349,41.50148378894528,9.317983680629885,29.811565262433387,8.10165649835807,-6.958911161543835,8.265088302037165,0.5750518499871982,7.478736775520016,13.370540362143544,6.430143342257505,0.47175396055575053,6.201238382078938,-1.8614363873065696,5.610615297407145,9.255530962257463,5.396528776148382,2.906254879933792,4.7820751081144675,-1
b0124,0.07854660260367351,0.1421916234440717,145.53146450255232,98.81564141314269,30.425876449096155,425.7549311415141,152.6394422310757,70.84204373073845,0.000611064505248152,0.03578654133466135,-549.4811249847097,40.74771590743852,151.48771799071073,23.985634369013617,106.00741730877868,16.67232769101557,64.19524424401233,9.15669057353721,34.774321147339585,6.456390782703851,14.799011196013808,5.654798848788116,3.986865643881992,4.9040028300825425,2.1650341478241564,4.500171938395289,2.7851129991737085,4.316108784632973,0.6025015612760394,4.4652110314243485,-2.104630556585819,4.697000089672929,-2.3380353957131295,4.321953455528609,-1.831751525233596,4.0578678060825775,-1
b0125,0.1773291029926799,0.1545879253293713,23.373701820348597,190.43587238508445,31.537779100951855,407.08352109397777,388.29058764940237,121.37640074494341,0.00026062064048208104,0.05389379980079681,-403.3805788988502,20.169774378157978,235.9717864135746,18.598850085802074,3.918008792291683,9.473957544691187,-17.374929814710807,7.364581313422653,59.584647615624846,6.413643730334626,39.01306756193399,6.17524603822962,-13.791000444514996,6.224609561917414,-0.5851552739849113,5.620323854727444,14.587596093276584,5.382573981095578,-7.109185425145814,4.977817730968325,-9.59159592974989,4.5880978646693515,5.055541650120722,4.299591851783541,-5.7981366389434585,4.440710350854758,-1
b0126,0.09561513720043524,0.15083700728725322,107.65969102991507,123.40767883215022,30.214662050505993,369.6276192216372,198.98530876494024,88.62535060073314,0.00020796672056473217,0.03241720617529881,-489.21945950183857,42.54256935138203,191.76238065395776,33.301540617233634,50.42385705655697,14.707086665622427,8.466965353180083,12.16378873942391,36.22737074683626,8.456399779945452,34.33089840433403,7.946947754074891,8.240506062276962,8.865322714099161,4.698885123582959,7.102190189568034,9.309931818986271,6.200963014244668,1.1517776439158787,5.674550561865616,-1.0131095719559904,4.998916933089054,6.890822836087355,5.912923784083905,4.101795438700194,5.224862530032928,-1
b0127,0.10426562452772895,0.2052038202012798,258.27544155770346,109.78374311685886,36.0014554085232,473.6817288277351,160.60756972111554,85.46779510563756,0.0004941502378473058,0.03465824203187251,-503.16844272401977,42.34938885971119,145.85451432756673,31.7078407111906,64.5127053334846,18.6491880224563,37.42418519931257,14.446066516164173,43.15750975465575,7.181244420848772,27.958909708757375,6.179329911028229,4.905264120392332,6.210454518637807,4.726518106397767,5.224112186634673,11.466353900973173,5.614235223848289,5.538921477805513,4.849589756687071,0.28418860024065584,4.6503925056450015,3.5315341536014384,4.8579186641868235,2.410119116945485,4.592063789923188,-1
b0128,0.08546494770986399,0.1623271188795101,204.49742824105658,179.72673869343208,59.76551406856363,388.8268785873441,322.65946502057614,157.54117842359983,2.5748803067397773e-05,0.06096482767489712,-465.099426590684,43.39143680607694,199.8870798009555,32.580256159701115,34.284487610790784,25.704156616328465,-0.07302379344982649,20.416474694579136,41.5695217327528,7.824129774778741,29.870333166932582,6.915766576777501,-8.331290940047792,9.570941195096374,-5.105745152592464,5.835185387684577,8.605549690293886,6.685844542838897,-1.9113259584232702,6.653238498556165,-7.738810488784902,5.46729681787693,0.8780361346399026,6.3439382123999675,-1.4102021685618538,4.621739507632204,-1
b0129,0.1130919936838692,0.1264616794131407,35.569011245118936,229.1653296525316,39.189791243518826,481.81343800404545,460.37724103585657,106.00913278767585,0.0009237793125272246,0.07818725099601594,-410.41987960182183,31.10723004426244,249.40735627149428,22.144230292397683,3.1570366612142036,11.081290972041614,-27.162506686126576,10.047813072473609,46.14005981437748,9.994130231255234,25.398316416861544,6.51905132153676,-21.685669556435567,6.893467316917221,-0.8144319583255532,5.962885373083105,15.258469741126559,5.905861204894177,-10.557841760771725,5.605305907797893,-12.861471466478047,5.2233872162385255,6.703122883792199,5.088252636669235,-1.9337547024327846,4.070154883017706,-1
b0130,0.08365739566736699,0.11143726348229238,72.98654702947147,220.95090910363734,73.51567775995764,474.90454192357726,425.765687250996,173.70642121970897,0.000968538153115927,0.09464485806772908,-438.4506149102448,39.61612348961569,222.3462114488993,23.582177926175284,20.421237225474773,21.81868569534992,-16.590206231908535,17.045141958174913,39.41635264624391,9.965961155343082,30.563776046887057,8.703250261379974,-8.901833408536428,9.47399293381044,-1.8238255977899593,8.137477996178722,10.429819309665218,6.785430812155212,-6.479449833130002,7.542706053820114,-11.26937132139889,7.850201164745522,3.11083404897597,9.53379848747312,2.338574206900685,13.067625775426274,1
b0131,0.13529508421180333,0.16216959448315615,48.27480680734593,276.8349814699385,75.45594642700507,479.4377110934493,534.3314243027888,124.71366002248284,0.00034424445802437294,0.12078249501992032,-348.27116766395756,36.73298193686313,215.3220487586003,23.73377569959539,3.863142691221862,20.17802351631852,-33.934706726291346,17.85970540325264,30.97861684237569,9.966018200768506,31.278170956292758,9.41741999929382,-5.093286311208967,10.36299653137759,1.3787575145739142,6.536404317094625,12.636373345156889,7.932530252927969,-4.977398207383529,7.2021984982645,-9.194785594263926,7.745157656304521,6.763386155964023,8.0647983873365,5.075436998192852,7.017475012122727,-1
b0132,0.008930722738741724,0.05181583581102834,2284.481312641722,231.0704307925984,47.14816334274007,477.4366126938039,463.27191235059763,119.38672367570112,0.0009263550299008562,0.07504357569721115,-588.9809191896604,41.22861286270085,176.33282508265756,31.679155458565972,22.77147837713016,14.248908312724337,-11.718055782526253,14.556072260278922,28.266113637698187,7.278057390600899,24.109740250564652,6.571252734204563,-8.159379686772878,8.091004059580674,-7.402872914600916,6.105157331838442,4.877699140985935,4.8502039502913,-2.081890281304041,4.6862648626996695,-6.233256879533905,4.82905686884117,0.9976897338821086,4.868992905986031,-1.6681805441526534,4.254994919012213,-1
b0133,0.01405212815969569,0.05726297667549422,919.5424960098807,196.91546382505544,60.38654568191843,354.05117581299606,344.6526394422311,116.93474714353466,4.870395823808042e-05,0.06100597609561753,-552.9865220362047,52.07128165110438,186.80161051375444,29.667366359002745,42.877547427561844,25.883272766816834,1.2166350882485473,23.323852696090096,21.999443932834076,8.12103398227183,10.370088404023127,7.120627657553715,-10.646866813659503,11.371039152048667,0.6917160879247592,5.363643944316212,9.388376416100632,6.065521901995253,-4.741454913967892,5.699547654766509,-8.116490196636402,5.434762710888786,3.065412744182628,5.054382657808132,1.022411147444089,4.264339085760432,-1
b0134,0.07929997314472703,0.12778746356032855,127.29083238988977,131.27991430508607,40.349983586693774,378.7905999329015,217.81623505976097,121.70234502048261,0.0003576233178686652,0.03428473605577689,-475.2280276609637,44.79774558569809,183.74612378870046,29.93278244959539,41.62827894466547,17.27754456024782,11.233344277113765,13.52477077034926,46.35374042038578,10.746079201706118,36.171429699309485,7.6734279423415455,0.9195443374323172,8.628947187707851,0.446174900650783,5.420886137984263,11.851474173738417,6.055167148533688,3.897437107501418,5.601127461777304,-1.8015386474256232,5.163506994862125,4.371881465810091,4.786358786782518,2.4670856929517866,4.2962396808096495,-1
b0135,0.06403970933928084,0.13184295255075706,248.72672829755084,201.04671789593323,55.479984329156416,526.596737945924,405.22285856573706,145.17747757414628,0.0010465145201599543,0.06280347360557768,-465.21575191554325,26.796599281113757,199.46352496610092,24.16947463664562,23.223937920099942,14.311564162333081,-10.465332505939806,9.790037634754455,36.7531039556233,8.24930086584624,27.586820463003303,7.093083518058885,-7.849712383739797,6.758477153389719,-1.1279827062208228,5.1287904009572,11.654341787855884,5.016904220989035,-0.8369141870436302,5.307419757337579,-3.5851856861294635,4.689583974844689,7.822909206520637,4.022408071646861,1.8475346238442723,3.8998949715229956,-1
b0136,0.06885922164547477,0.11209902877064126,118.8251550089726,150.50404990598662,38.985709281163864,343.9654130912588,265.37599601593627,119.9081845958469,0.00013305844004195995,0.052166334661354584,-510.54767442045454,37.014354217893924,199.32259531415144,25.66981778143407,45.987748446715315,18.69308032668872,5.28542570313972,14.381590699450921,37.364199711997486,10.686016765107379,31.276250525235795,8.076223061725166,1.621736939405295,9.085984581595088,1.8910179488041772,6.354443247510334,9.243212873375061,6.688343771514516,-1.8632839341220104,6.6972029078555995,-7.0007607007594475,7.058017419037494,1.0942637192544034,7.600564824479159,0.721158850688803,6.943679286702723,1
b0137,0.023930410616729396,0.07303480883318847,1239.3333315581222,199.29928895332515,52.394252420987996,371.1411314544701,381.16284860557766,152.49615579702822,4.575302056328573e-05,0.06166739292828685,-550.6167011755274,37.38806282759345,174.62151668671748,28.03879811873982,27.637788317930195,18.13593681526583,-1.995615970705357,14.505637163595013,33.94375010184231,6.84286528399569,22.74809787886536,7.976794122841395,-8.011981162891933,8.46060040112774,-1.0772977379912987,7.22716032952487,9.561110000280003,8.264716604191571,-4.714790181463561,5.857584579039321,-10.517762224231603,4.968890045343198,0.2543262048398181,5.415543937074113,-1.6915969103356665,5.437715838181145,1
b0138,0.04847838686319224,0.11339154890227018,462.2830212733872,160.77906680035173,60.51574198529903,451.84792683593525,280.7831175298805,144.40951787901975,0.0006271783301171409,0.049038222111553786,-504.4300433867001,54.787057618727346,178.33832284179593,38.2606138415104,46.63416210083768,25.583207131196826,8.985947610153017,20.77428360683166,33.1440580215464,8.338404989240429,25.737226384768523,6.564683032657253,-1.5755946247316468,11.277425040709995,-1.5218142098012872,6.9634857745815335,7.486721475306117,6.651261044504157,0.21730951298946716,6.069337488232981,-4.696242979255529,6.521692645772268,1.3414229943949962,4.747691844090953,0.6520353100820738,4.429305347583449,-1
b0139,0.0422528239066432,0.0869788316400632,307.9204494877219,192.43399399242875,41.18827566543248,363.4395847172553,342.4427290836653,108.78532987580431,1.58752862117338e-05,0.06590824203187251,-489.73451326117885,32.315509243716406,202.23946298981275,26.58226982942757,29.61408676568717,13.754326210642354,-5.997936355678579,11.7772753869054,36.668008112414846,9.876554689462514,26.400052313797314,7.8935448210750945,-8.490430096647005,7.443291964707845,-3.9782284475632745,6.065309140061026,4.82654332300386,6.387394939484205,-9.538698509443664,7.015194396525463,-10.590781467283039,5.737356717836135,3.9833401100135752,5.416689676320357,-0.5473741651507752,4.831433230903005,-1
b0140,0.10419821681730662,0.17250362672562009,135.6424207759105,119.14648459632579,42.43826302237905,525.0496497651898,176.29482071713147,93.33624007838462,0.0008938132834163733,0.03602776394422311,-486.2758497524395,33.32649291496191,163.65666996813573,24.349345897466083,49.04776927146633,13.170848669960629,29.482379895240385,12.466745209826948,56.604933112139896,10.845532674539898,35.534020005336004,8.311307603121625,-3.0322714686842898,7.4624688823903265,0.462487505871996,5.437746076209063,16.231026114130067,5.473144992428767,5.556649520976815,5.251127700688649,-6.943648469800487,4.844895046393759,-0.46591238721213474,4.87881951154427,5.016568494693413,4.264916227244207,1
b0141,0.008280663875958088,0.054635246575441575,4820.42220841346,149.73255450679375,43.947425465554424,480.3562638923621,264.4111055776892,107.9933501233495,0.0009690103975898067,0.04230733316733068,-640.2427077723321,50.66403319283989,129.4365976758468,36.51097010953557,59.6068752517871,17.698731686519785,24.120618276761906,17.792794109397008,20.358518696610705,6.11435605864459,15.227404426620481,5.671290144308253,6.696319990316818,8.764429897415004,6.161610983254618,5.674416682246093,6.277901579606251,6.257962147428205,0.37288689824939536,5.228658136700523,-2.8795305040345514,5.029466368474071,-0.2805657535796975,4.348632957193861,0.4015431349635965,3.8977535259360105,-1
b0142,0.06135069448197946,0.13287162484147258,200.05776164529945,170.0098183198595,34.88288470544805,355.8556308421989,298.4624003984064,95.85919685924789,0.00022180144600277845,0.048905938745019924,-534.6132112518585,28.28115322099848,203.26620681693672,27.276451725848208,24.20935510809972,11.116482943224693,-0.6520067977805281,10.899775990903272,50.109510756253314,8.025690983997974,30.97764566769478,5.805788654093209,-10.718354649037948,6.067112576301579,0.5091934521917365,5.509059309129782,14.107231031625455,5.343552644697085,-4.738128417258203,5.118075503789616,-8.766099536778668,5.539408288405969,7.012018891756314,5.035577893983167,1.4974598858758912,4.273733327249767,-1
b0143,0.02977221067177275,0.09568585158602066,1076.6915149583579,119.53654797609943,31.193160986483395,236.6862070707323,205.30378486055776,77.71380534341189,5.5099093216253505e-05,0.03576319721115538,-581.8146211292931,35.68441743096397,138.18444953400873,29.431915340228333,80.0477461145463,17.280837560504384,34.15352647996987,16.007806485754756,14.205242275255904,10.669373857118057,9.646116933558845,7.870356893325286,10.20866572962219,7.539682851617066,11.311146647545202,6.218992011637485,9.04349450841169,5.899892415723709,3.7616144547734605,5.280095109859833,0.4257577322907605,4.916466691272981,0.5597532274536199,4.042702678965825,1.1647857307584157,3.7262023647185507,-1
b0144,0.06828946712435265,0.1524368939347219,330.5924943394498,115.38371155053672,27.24069492958253,224.91129780836113,164.31150398406373,55.83324419086247,3.439462710388441e-05,0.0363312375498008,-496.88552777081,45.984277424637945,136.01481439362274,39.304563198025434,64.60406537596192,15.931185559017448,38.717407052225056,17.911123600528406,41.17627983411715,8.652779177865526,26.382559154796688,6.515228250775108,5.41447436783015,8.10766012686544,4.265241216085194,6.225750217699322,9.004137613936777,5.686429854315015,2.852194084591699,5.155250588434628,-2.4048357651391474,5.510345850879848,0.33314519580498886,4.541079056524622,0.030417868346304347,4.060121136110121,-1
b0145,0.07223652787102978,0.11763167170451946,102.23364418715794,192.77053218806097,41.365603510494026,399.8164932991367,418.29556772908364,126.16403388393984,0.0002683059039407961,0.05667175049800797,-465.2069573022892,30.857658265062938,216.3010669671259,22.965360810622936,16.388506028760535,13.05534759496309,-18.12272398837653,10.472585553804674,40.583433408105606,10.04377472939472,34.302281949002385,8.288373102510016,-3.582421507812323,8.995791131023587,3.5620697516873694,6.950126290883812,14.571029423807541,6.083359025173386,-3.2130248285290164,6.8989517042000035,-6.765231738772836,6.113044755864645,8.6583949378679,6.4451852380764665,4.469761147784896,5.676398970251362,-1
b0146,0.08370062458434166,0.1627460137581536,177.72109423273687,139.9975079444411,52.905014423974706,411.42994968562954,230.04855577689244,133.5528928142877,0.0003732742873901041,0.04114790836653386,-473.05568941505555,37.44148059459939,171.82170839102324,30.179609697924455,46.455101124857926,21.742887351052055,20.189245699444342,18.63141633887157,45.22696717228531,7.645783439563632,26.65186992363648,7.126313808057994,-5.289838482257829,7.6781125202205525,2.162565204732981,5.201150001883957,14.935121216830979,4.8992890219299445,2.250452958050292,5.207693124196145,-5.695759051873646,5.040906197797277,3.0178632590472927,4.99346898841618,2.6634250030567737,4.722439406682767,-1
b0147,0.052689407182633076,0.11491191009806226,425.28487485632127,140.52245173621628,59.22130840746945,343.6054886305272,237.5186752988048,130.51437588428064,7.028715142846338e-05,0.045653324203187254,-511.035105451148,55.758950460191876,156.31566192906945,41.27812128207056,64.02807246149882,28.17167284019114,23.67013948000829,23.71519966904424,24.145389129116854,10.92863207899024,16.552916506100622,8.563812204041923,4.8726548406854375,11.8659420617917,7.407796861701359,6.394279665881144,9.36614734544498,6.627139628481554,1.091683020652891,6.138405203090616,-2.583170814581813,5.724386235698025,0.8989264925268445,5.345271257344243,-0.5637307359445038,4.354536204321374,-1
b0148,0.1598483249231122,0.1654445512946312,41.945627554637824,135.24814322062164,39.43856144838425,274.1357076899823,224.01020916334662,95.25427645779,5.155699406640415e-05,0.04439274153386454,-429.5502903842204,42.644802785278976,200.88571025401228,31.01246169837165,53.80785908489512,18.4475760994122,9.117793518317757,18.03963128358087,31.890451084469184,8.34983455995947,24.323617919685404,7.922998262313563,1.0149771487524721,10.878821169946981,5.096872825235857,5.742195180839373,11.287366780080397,6.248780386071288,0.6974615714064151,7.054570555926203,-0.444461928866381,5.875805439063721,8.932792273624154,10.006289940205606,3.9723905377055724,5.844202361209178,1
b0149,0.08158641329692796,0.1469182959542137,176.94104959601242,137.1166631965759,51.09587258798826,475.2777211091063,237.7054282868526,118.12003057609512,0.0005415515544834174,0.04017523655378486,-496.1212754055247,39.10644473590907,184.03189026849435,30.724596064369333,61.44202716679755,23.160619969501322,14.389464457262175,19.34067956451949,24.355730190996837,9.132636725323287,19.02022236715622,8.66869830646381,4.024006716341405,9.696012049386205,8.957906259032672,6.967816631831704,13.718562651995333,6.8554031799697555,1.9424348636998983,5.01761595515425,-4.2108914966232325,4.832144155315917,2.4981037876052588,4.862821839418832,2.9549860302001836,4.503444254306375,-1
b0150,0.15077836607696848,0.14899621256766665,31.306710826034152,102.51389712391352,31.91409546342088,454.2227133674506,148.74875498007967,78.01224681233,0.0005671140390182925,0.032635084661354584,-459.8590015420007,35.40474988212615,175.2708932864081,25.263920219925996,65.69803479278946,11.078469152231426,26.34362573114147,11.812789831911418,38.682473566419,9.417919036422845,33.03323956147475,7.444416326233762,12.129136631217815,6.57864904664168,7.26980399713486,4.570020328867506,8.50653503219636,4.8533928289458474,2.496932181901354,4.965521888086838,1.1005212502661015,4.636647138114404,4.521663352834333,4.33199730141822,-0.1653020003600662,4.068310747908236,-1
b0151,0.037934042733891706,0.09266642748309215,935.852036214264,136.39672979139783,49.88712965925723,426.91652648142554,231.73701298701297,123.59453878722073,0.00039312818368044745,0.04241071428571429,-523.9103830544103,48.343087457314326,143.67911973160105,33.56330412179777,58.85070528083362,20.080246221775333,25.656900261926047,17.306411966678024,31.05656812922244,8.576366022436682,22.855991153620312,7.377138394871852,4.822777647814935,8.85696103335357,3.427009899926446,7.005338711140303,8.799347559770297,5.88359417642982,4.104323085669185,5.617347977710831,-1.3418230793607653,4.929606330714003,0.604539276669018,4.987793453086511,1.4594671373993953,4.750565702729019,-1
b0152,0.05505650994596115,0.1284067693581789,218.51065801455383,205.3656818037433,60.674438731361526,494.856662532958,406.28112549800795,148.9003811242851,0.0008075054468939806,0.0768644173306773,-474.54770204050703,31.381813936977753,200.0371856876351,25.86049212598582,25.070801420362173,18.52482183236868,-10.067717449769445,13.85796163326236,36.52312255494582,9.669158044735433,29.43981908705674,7.601273406374469,-5.230673465262458,8.098803591017163,-0.8752461722934956,6.859988120884786,9.529773786348896,6.209097810697217,-3.611730096706925,5.687720940067332,-6.257317769229127,5.907278822711005,5.4531008462577315,6.17064748856776,-0.27320016908150974,7.044004346709333,-1
b0153,0.0673471426010323,0.13233810492255962,199.26286127249222,197.30760703371482,50.46657105960671,457.93016198230026,372.79008964143424,139.78636152908044,0.0007389407511943236,0.06457762699203187,-445.32407271512204,30.35101199901351,206.943689100992,26.124870668081453,29.309613179271707,14.591756312871812,-13.744469018859016,12.022140778421676,29.943358905575817,7.412756146132479,28.576999659987685,7.611390355873634,-3.0047706102852967,7.856012557368122,-2.894772782351065,6.297369690183878,4.644707382950497,6.085527595329034,-6.552345315549921,5.986616692331305,-8.510286294599883,5.574935886378213,1.8204127863885902,4.966105053684128,-2.815369458862769,4.138529470572653,-1
b0154,0.06366748575545857,0.0871431710096621,87.20724035444302,161.93332121508635,34.594198556618366,460.0779514160582,291.14790836653384,92.70551798355464,0.0006319456233495057,0.044532806274900395,-452.00169573808216,25.427797836386475,196.4560346763461,15.184575428103132,34.833683088893004,9.337101965806141,5.9581349398001135,7.6809025545719365,37.617260524190094,5.879391142728921,14.821877143734776,5.83777796598736,-9.72314747743665,6.1533120034535225,12.407196771446973,4.876872235923437,18.534328296336188,4.459277767357935,-7.928533459239063,4.480074879473932,-9.660809308396614,3.7806251783536773,7.682470738777907,4.1659022862489685,0.5996826465474787,4.5358750653704805,-1
b0155,0.08606805084935502,0.1571509920775244,249.9182508150534,128.3788144574188,44.58482157525383,480.0746959967919,210.2527390438247,98.5674887576157,0.0009104259559198799,0.037163844621513946,-505.3239105736501,51.13235930990792,176.29379814460427,40.06874174255469,62.12673429572405,16.004933615603882,20.117737696090042,17.63229542746754,30.550084513645565,9.112577442454485,22.491322305039073,7.7897980154300255,2.494456791007625,9.86487987574105,3.8730101736134355,6.896723378900505,10.5669227323437,5.916506724018911,3.4944343628788075,6.065450886757232,-1.3383064116225545,6.727921132145399,3.008660494639247,4.521800105672805,1.7973900005380323,4.306711948974468,1
b0156,0.04712706160582655,0.12160532547558907,624.576749576344,181.39152148006096,50.576623713020055,349.0521654848288,331.4865537848606,117.2710213243505,5.064018814831276e-05,0.05716197709163347,-495.7514610031889,49.13635738077272,182.51809060268963,33.47930363178261,39.407272143801165,20.936056150575368,2.0753728946304886,15.383334164691249,28.18355019506608,8.79712254339005,17.973770697440916,6.797593187430359,-5.831604176440611,8.584806544083326,3.1603427762171736,6.739760221654232,12.064371901885345,5.896412726367282,-2.490421503511284,5.424495106447177,-8.451351151618631,5.218070660004112,1.3461417211105702,5.470907560653463,0.5005784856404892,4.7075380896423145,-1
b0157,0.07864322570297048,0.13911572716274473,262.05076049324975,154.86011670029308,51.20710793175836,479.7422129639944,274.18451195219126,107.9063602364012,0.0006239514858363474,0.04795661105577689,-468.6881776416807,44.838742541772234,190.79018097980125,32.36743564087115,65.38455972536643,23.670471004571468,13.236141170289581,17.89873324336612,17.605303871707264,9.750351933352508,9.993886059495217,7.049597573141047,-2.6023810867687835,9.914116259736542,5.362269819902821,6.411581869444423,11.16108175838702,6.919420358640557,0.749454352651544,5.509001038093088,-3.4781502839636165,5.469643689225944,2.2653592501517332,5.293500835190491,-0.2967779550060867,5.280472629289404,-1
b0158,0.0695297070501635,0.1303463413621579,283.161206387264,151.50611219525913,54.80019292061774,466.7305592373315,280.7831175298805,150.28461225536086,0.0007521813606435446,0.0422839890438247,-541.9776771824523,49.492581952546885,189.43914353874902,31.456313026801126,31.639818735796318,19.664920667221867,-0.05289068846864718,16.686586878939103,41.95356930693129,12.831010770159255,34.7595100746742,9.32940268790515,1.5266087773164005,10.214051551601061,4.5481421138002665,6.262717957546892,15.879209161997695,6.4571475925416575,5.5138281331841315,6.7353323978640285,0.2938771181121996,6.557982200100034,6.983158886752216,6.099734886980122,2.2516284616374613,4.859789126052417,-1
b0159,0.025300049080571298,0.05848931239653329,264.5351381914113,217.89880945393836,66.1227536605702,488.53446996825755,482.445219123506,163.6868485462524,0.0012457095317451924,0.066398468625498,-461.75438117487386,37.253037507536874,191.20861334353359,22.70902900444615,9.150432978928897,16.67696624090197,-11.47362221484264,12.28673236415094,48.05498095939351,8.152454620281505,34.196858988200034,6.755569323715718,-8.567698691323173,8.032970412633796,-0.18689162970799653,6.4151452454018685,13.98913406075545,5.721451410395425,-1.598855968045201,5.653058196330677,-4.5011064968430015,4.887078437862798,9.759743659408421,4.0404745396612665,4.496449258270052,5.200203243094852,1
b0160,0.06614767828661021,0.14412592770018645,176.1346172744397,183.91251382885375,53.574997197201036,442.41107204076064,328.37400398406373,137.47522560314437,0.000514795828800248,0.05436846364541833,-483.15506263747494,39.92297551512405,208.52100104651328,26.657441103527212,25.922809834083395,18.912735563411566,3.0142898951460495,15.475932754544816,44.65488280189262,8.04195871469643,14.015214186721607,6.825469897503015,-17.421220703320675,7.96456212991202,10.809380951222401,6.019481197488975,19.867179571410496,5.504443146071141,-11.30226597114479,5.5899175941305685,-13.229367665209569,4.787518472999451,6.852755225301845,4.696367610406353,-2.3822324048952828,4.641451160981608,-1
b0161,0.09503191062460518,0.16599799351224195,143.43061097746528,191.45418938455023,52.163636643729596,492.3488468572319,382.18999003984067,151.50797755308463,0.0008638539773275763,0.059449701195219126,-420.73601869436385,31.459593556597508,195.36484531665232,27.21733309218329,24.38008820136062,13.95226891746046,-5.879757395687169,11.521322093554828,41.59901900007477,7.778644902498848,30.633689947208328,7.39950548803708,-7.664059561396299,7.9174440717825725,-2.5112518820007503,6.024430154770459,11.417398855036886,5.826988463051528,-0.16211169259651279,5.639207033483868,-4.869856194418096,5.382105481185606,4.760182117519353,4.669988615778937,0.6373080212823627,4.6084712261602006,-1
b0162,0.10707941989168396,0.1387994624390138,57.32305644971972,165.08960895270195,50.995299857528494,426.37628922905617,300.14317729083666,107.39967535599513,0.0004007914774166185,0.05065674800796813,-434.32403615294163,38.33624254474488,217.86849882598358,26.04144143252645,45.6523317919051,22.700915320773817,-1.5710598195742047,19.63123866355835,26.66145401196298,8.11682791071147,14.818134556945772,7.165104676171733,-9.178887377282397,8.694170380670844,5.2204319613204255,4.662684592092518,16.080816852051385,5.710862839793493,-0.40464904802892065,5.130509968117322,-4.578717401881207,4.4908365164786295,6.969114849367552,4.667045751421896,2.3160447334129977,4.82545656526801,-1
b0163,0.04980793455013278,0.120314817686049,946.3232930906163,177.57516777349798,63.850832870492916,466.8925515939676,327.5336155378486,143.65777952959286,0.0005483740634005127,0.057395418326693225,-504.5170830613566,48.059914269850154,184.51214357585545,36.27756296141101,45.95146308722969,23.463302365658784,3.9349609073982217,17.00033780065732,24.27449967881414,9.554178745656438,15.833704465168537,7.771545705626539,-4.856412230566891,10.433503741503054,3.0431527752964915,6.880295573235705,11.398455788809821,6.300109298148952,-0.3858107802451112,6.792735111272325,-4.33890256389669,6.253950526691926,5.0246222961822875,4.823114219403432,3.6576609655492156,4.6550982101869725,-1
b0164,0.05967965683556753,0.10330373323598845,199.7014406322805,166.42841824336625,38.64917413732493,403.6445284577541,267.33690239043824,78.32542177738345,1.2748640854920728e-05,0.05795567729083665,-482.4894613287172,40.57411834146207,210.85602598012468,33.64884945166997,49.06782048827137,14.506556365240266,3.426533547358137,16.46211465723597,32.41177009017413,11.742878929820908,20.15984777718649,7.899986328615374,-13.876006161059141,10.149067895724862,-8.87377340833967,6.799449693655857,7.581893433733372,4.760403726496677,-0.4047130255344935,4.864803266526526,-7.950949417072342,4.607675233826442,-0.7322217854735844,4.625028566531742,-0.6801700892162912,4.298935456377408,1
b0165,0.10685446995922238,0.14413940978990442,66.61771867312703,134.244572765972,33.2895667663249,446.1695033360617,216.47783864541833,85.4192098601499,0.0005789088572359193,0.03907806274900399,-457.6362470472322,33.941499948424365,196.0236640572989,24.75302360055564,46.43816885140525,17.185815068723585,12.07378399737125,9.799789700826535,42.88013409734877,9.15623214590664,29.31635033238924,6.035135870091748,-1.4585197926177234,6.625242961805628,3.79133830820312,4.7224349675962785,10.973301256333064,4.912612993754436,-3.9349846434957394,4.888771876737113,-7.041382972834806,4.497556478046438,5.130506754405979,4.802737108195673,2.0445889606360184,3.664726522066659,-1
b0166,0.014907449364279707,0.05038239060953975,510.5793017734436,192.64455496168557,46.69332919694144,358.1171079649566,357.38296812749,89.58209244796393,0.0001606101362150658,0.06573705179282868,-580.4812135275048,26.83189769199212,197.95065606313185,25.538074368045464,42.253495614057535,11.119013946379882,-6.3983650141698565,15.692210399887754,18.156435305141787,11.985207035599817,15.605157914624977,6.071835043931415,-0.5389751445488276,7.2767606049432985,7.549284206591352,5.25585894867937,9.140530309703061,6.783392532535374,-8.935083894170173,8.72520671943301,-10.540007535200981,6.1091233247102625,4.0322067368452945,5.775032935923404,2.4824428537532577,8.39599375723151,-1
b0167,0.10221208215204382,0.1465771072546783,56.94868305600957,179.7930151297788,37.997713579470094,343.5307649190908,315.3324203187251,106.79222322845106,0.00019007523596977247,0.05584692480079681,-439.80890749737404,38.46609412184838,226.9464233179613,26.57159346318193,27.56158893553752,14.53867677954213,-10.106992097897312,15.161958734405095,40.044432975404234,8.293881425433403,26.886559279471072,6.57471362270673,-9.79441248654842,6.561671150377361,-0.026046421266526135,5.801918288800725,8.739795577544278,5.546288829186408,-9.674264830262414,4.9162581082103936,-9.069421800207898,4.5296298002777196,6.798229644555535,4.446428302525973,-1.9892160204690181,4.491847313815746,-1
b0168,0.055838080561540805,0.10634218480470285,220.65581088323043,219.20234000635847,53.57035681342332,379.641760566241,406.0321215139442,118.68626242809054,4.1940695747967615e-05,0.0715730826693227,-439.9582682490861,40.50388150344213,211.2777107240419,27.944018322888105,24.394817483765063,19.5451494754408,-18.09756505048446,16.18573686500621,26.133816308841144,10.019286416423656,19.374116010280403,7.565382649390502,-11.470904561528135,11.961038941634333,-2.3940908777284844,5.878255790873432,8.658912067524811,7.075318503883069,-6.987268407510375,5.875818085219831,-11.029389952929609,5.074901562406529,1.390460043623112,4.541848845260612,-2.4134090831372395,4.472451598176108,-1
b0169,0.1428792913776213,0.17722826703467304,45.71603908206193,130.57443163315088,48.27384035202107,501.44642540810577,217.753984063745,115.45123996767403,0.0009818033091246146,0.03576319721115538,-443.6028929577193,40.70517135624945,198.57534466055975,29.50533598468141,45.191464287948406,16.612016189409132,8.157008551578924,16.836728807277265,42.7398417111194,12.995691546858664,34.595993219174694,8.746781980575415,1.6959500698506902,9.537932744000962,1.2465249115835606,7.069686701801785,9.331784571077117,8.332247596391785,-0.533308071635723,5.739837032250404,-2.9120604489443025,5.67680985352655,7.295984446866167,6.041448878978166,4.890644805235237,4.9879659732055766,-1
b0170,0.0054436421407932315,0.047239762207195175,39961.55246385521,190.4526211684697,59.38279355339318,489.30598467069336,350.16185258964146,126.05665300722784,0.0013325564841431296,0.05923182270916335,-636.2005920549587,57.12547143484883,137.14053724669063,41.00663549249358,43.22975503597713,19.700465492083026,11.526181809689602,19.251645504225976,21.425172460262655,8.9988934754601,13.51698235791262,8.773133963120408,-2.202349719659308,9.136683832507062,1.500768058523427,6.182000236601849,6.971858912441649,6.783818042854603,-0.5605326639527638,5.486743261041279,-4.125940220400556,5.479029845562702,1.0052580714996817,5.940255230026859,0.44112182722953897,5.267809478010643,-1
b0171,0.06385845288114186,0.12557176644851362,398.8271789575849,113.12641978635888,32.943116335379514,378.67613301276225,174.48954183266932,72.23819729957877,0.00023744592515361797,0.03653355328685259,-525.9135769275875,60.4438592723718,159.74373980523114,38.924556709476335,75.97769896331435,19.239566636957644,33.52700906580615,17.701634156764122,30.23105948509472,8.006132504383666,23.204667556207124,7.124069170637727,7.661916446558966,11.559319499049721,2.5349114818560987,5.495560918867137,4.832031501215464,5.1977000998767435,2.60854795203327,6.451186704204325,-0.8101781871860373,6.465059332330441,-0.2972427958521831,5.271426367297369,-0.27121950756748153,5.529856736507601,1
b0172,0.12729946840750553,0.1606969841526976,33.789198909118745,169.80290889638133,42.90005301948156,370.1842488174476,301.2325697211155,86.12251502709238,7.605384856213264e-05,0.05520107071713148,-409.3145764674991,27.543606733343882,223.10798569050743,18.50845464056688,44.49619638778474,18.913090890276706,-2.1547069207429717,15.584096659090305,28.051237293835555,7.343322769720645,14.36863572861945,7.057162587048821,-10.614718091650145,7.54514815551248,4.946937855761025,5.537818883148564,14.613788827356395,6.593984610605,-4.504931449480688,5.768310454471894,-8.328552485624641,5.356068555104007,5.259998888298211,5.577717481671904,1.1789718789692534,4.7580717551674425,-1
b0173,0.02026541263276416,0.06622904719132043,1317.8757463342142,159.9941826547753,53.95671857803652,429.8958385426867,299.64516932270914,139.57094646918105,0.00035434965935033025,0.04324887948207171,-607.5311485244055,41.671626153051534,168.4005364514642,31.9770730198867,39.294494057573495,17.21051367289308,4.514898734435957,16.064863159889775,31.153160884629436,8.738349809957581,26.310927744790856,8.256685759669905,2.1799504441547337,11.359170344804362,3.6104566714140565,7.313605763634827,10.702879816458708,6.01026783845347,1.6006186404503078,6.52409191885765,-2.0395532701592147,6.1358556618421325,5.935197760097152,5.058592690498146,4.87847765166464,4.811002317721557,-1
b0174,0.0837971275888213,0.14152243010780252,159.32428322869964,216.39242099035454,59.0401105839582,353.3183292134202,404.22684262948206,132.19143747384143,9.261362893407256e-05,0.07550267679282868,-440.4124281058505,40.26301032596207,221.7994201260496,28.52537966167478,20.22190465057991,20.95562345290453,-20.470785450266465,17.2909601400636,31.689782231163317,8.58133737662201,23.387552396918924,7.805457974520338,-12.13753416304422,11.068309694863999,-2.5108636427730673,6.709077518373427,9.096657974357887,6.9283844435659505,-8.711587456004771,6.263716377764321,-12.49836377135408,5.078413944527312,2.236603548835309,4.967390525009316,-1.3877678770643214,4.498337796662631,-1
b0175,0.040641394419808054,0.08625882313916317,476.0747446915192,133.16638842826708,45.24157676885532,381.95497855820327,216.54008964143426,118.49157820009628,0.00024805702933509066,0.03852558515936255,-502.1509596062663,43.34812933148565,139.43959231240072,34.41168127664602,50.00145623903398,15.882333305410704,20.38563879515265,18.22981522203333,35.577818915174,11.52181188949009,32.9269142056429,10.07142431105256,11.700587411357935,10.29710023069508,4.371202171380715,6.728114429729458,8.077778093214802,7.4502751571849055,5.528824773816073,5.838308316953108,0.9948712547458438,4.805926855218665,0.8363024331763573,5.204140575609272,-0.3347538090348069,4.914531868008118,-1
b0176,0.08803351116873824,0.10834991412948591,79.45981675832222,148.9506621069184,45.06441268566405,389.6730753876865,244.0550298804781,103.39512840271753,0.00022662917568610138,0.0522441484063745,-472.7642565378832,42.486175700585065,198.74514211263624,28.652788735191756,52.719436480656825,19.47561824559964,9.259832088757866,18.45096165325489,34.08675765281131,10.496119184336443,26.244946366616922,7.422440839063792,-1.8804575609523315,9.204309802162488,-1.5542160757382975,9.929825692580875,6.58591528485016,10.466122603578528,-1.1337418357006557,7.6187541393561995,-2.9845896514378807,10.865547597587096,6.082286200221931,11.889088360112176,3.873589805313374,10.253763269114524,1
b0177,0.0813807993366708,0.1555972326490551,105.36848435098027,164.5342280857425,39.253700498759244,473.81656592979107,268.2395418326693,108.1159395436474,0.0005919130740566159,0.053123443725099605,-463.08340902381116,38.80474708943146,203.30325615764158,30.605351195107904,35.993604012336434,14.726539615611674,3.112142578357785,13.271869881780107,41.96321891598992,7.3527587009117115,25.7183697186616,6.854468096609599,-10.01184519045333,6.447325885266962,-1.9930781166819418,5.416038398204215,9.34650981013281,5.358178473596704,-5.21198009652461,5.062406942973606,-9.48988962697204,4.743208153381198,-0.10939082825438756,4.905288103128948,-6.040276724972791,4.335620054394402,-1
b0178,0.07245401838357919,0.11210626242036141,101.54411280562785,154.53856061488943,45.456034987728444,454.6040446455017,278.1063247011952,106.56467803893081,0.0006475681004016316,0.04182488794820717,-471.6978184337038,33.90895566366785,202.52492109264827,22.366373798753347,44.311448269424645,18.062871765782322,5.866669980124619,14.198266758499432,32.75617589134977,7.342293306945486,17.101038400395836,5.545045820617762,-6.794076469310558,7.938320800351199,7.521785468763333,5.050987036956661,14.63546542073037,5.012166198178352,-4.113630026947159,5.323190115050445,-6.059101571436867,4.817172810310386,7.500534306436159,4.681556928703872,2.495498682090881,4.600696827313293,-1
b0179,0.014291876446154487,0.05107126413509934,1689.671441092748,147.9898729934488,43.138528426401415,412.2646968090918,260.8316733067729,110.91763263957348,0.00022511159020199354,0.04254077440239044,-565.2022544794816,37.627392754878116,143.47702094774033,28.85987225334351,48.971477005361656,14.346401711715142,17.96482138609498,14.193096864051743,30.363570428924742,7.721665132315097,23.09059065025708,6.236749317426167,3.924851753575881,7.48603285113142,3.945800298834051,6.713678704010468,8.969042527245037,5.320259320046728,2.170574844580121,5.045008187931483,-1.35437668519583,4.962463938995177,4.232868746969119,4.89413046977342,3.7621928953967223,4.288496816104005,-1
b0180,0.07783761370826875,0.13991477601596483,166.71511339305854,192.11285234649975,66.13141178177041,398.7008616239484,339.20567729083666,169.58695527234772,7.470641802248142e-05,0.06507563496015936,-446.6848941385565,48.25944007933905,195.40151214982617,32.044702181839675,26.740951001022836,26.78561504804513,0.3829764650957049,22.2041332439091,46.266166013581575,10.757122272383917,27.981090165505464,8.301993427234025,-13.75070505406868,13.527367165221689,-5.8742744014467245,7.014345520268449,9.139894904667896,5.753935843367543,-5.402727955848643,5.700065159315612,-11.69669565981852,6.278125814464672,-0.2199802825694818,7.260573967512728,-2.126381985180873,5.7037710950927645,-1
b0181,0.08630367330720873,0.1627049271257156,310.62513872853236,101.58776663183373,29.17455012923671,443.6519099917679,157.15263944223108,63.953105620497055,0.00038403914011594703,0.033771165338645416,-546.1184225892309,31.875437301101982,149.79186255761317,27.972387030690946,91.93002002833894,16.01620680809923,47.53814162696351,11.790352721197905,27.13463350484087,9.230631009899962,17.048085806264627,7.417867939736124,9.990692816163397,6.057647297093517,7.7158336246743575,5.426329534210809,7.12160838249418,5.028617334591303,3.4244601218463213,4.628921150497309,-0.9918077367422161,4.71605122163024,-2.1433004410243406,4.312370828449555,-1.5906674365720959,3.4791241586161705,-1
b0182,0.010774927744114695,0.06099043130023104,3198.8526362800017,109.90095643344476,33.77759504649341,418.0230762539463,169.0425796812749,83.72021870649033,0.0003255983293344503,0.034915027390438245,-617.5825313230475,49.33079316893273,103.91215444139753,35.802483260344324,69.79030615606725,14.766668429530297,46.00370438447185,16.428871696203203,33.91989408256323,6.563953465488684,22.29021433975926,5.55297465952375,10.734183894148448,7.128272086605764,5.311487730830296,5.203305326214696,4.66534738680217,4.936060834822616,3.868044090795421,4.709601057865639,2.2287558314521467,4.687013853866448,0.6878145518949088,3.72300141737212,-1.013835811312489,3.1742679097606734,-1
b0183,0.06624233690153486,0.13690210004402753,175.8537591014389,189.8056476130551,39.29905533530977,472.7098702102079,346.1777888446215,122.12255638121445,0.0007223502567234709,0.055582358067729085,-490.0736255761319,46.12942055055326,208.31979642082848,31.442372418911788,27.057676863868686,18.01541002222733,-10.982467003910738,15.179682230973055,35.918640449036204,10.383224306786266,29.65385201819079,9.398558739707527,-5.670703997369203,10.05878737408702,-4.289423311527158,7.076920554653698,3.6817173083636034,7.091241511974926,-8.239269331372443,5.163408807223589,-9.503948048103226,5.169388294958843,0.22788327517206827,5.214626537518889,-5.937379547299936,4.480954103174848,-1
b0184,0.0508202196501414,0.10815598701310686,129.46680963226817,198.9086558446809,50.9169458099599,466.621488815489,367.5610059760956,103.63446651409134,0.0008396736001562584,0.06559698705179283,-552.5605318799139,39.728146220852544,231.75255220894255,26.614210366836755,28.51412629115924,18.476187847333854,-14.472667275300157,15.959031462874455,29.09749636699191,9.21058900083122,14.568143917651089,6.950023238840497,-13.174714628951723,9.792370957881225,7.449899276835559,6.131313681652045,16.6735607690094,5.048434790904415,-9.347740090046017,5.01547258423573,-12.761973132780854,4.543999209068116,5.580993188607131,5.081153776781818,0.2018327624880679,4.402762138079212,-1
b0185,0.1147278471583769,0.14462035632493275,49.31391741829459,180.86516718025476,52.61747216051726,396.78749928340585,318.8496015936255,97.84959595535452,0.00037129000240211174,0.055434511952191234,-412.26676162494397,45.659938246097525,219.63955599744259,27.952960452053397,42.567891731876024,22.759544353312982,-2.2840056688758836,20.07874075207931,26.933654848218122,7.803137823182014,10.073918391545574,6.899109564781317,-16.133118055746092,10.285283220561823,1.47686268753504,5.917332077465397,13.868875248177238,5.7094997631902755,-3.2379865003774877,6.222111755823788,-5.708617686072544,5.4420662618634985,7.861516499101855,5.492989017932972,2.8270150108455776,3.945394504807845,-1
b0186,0.08847372861764563,0.14664645882606034,78.85331205125105,246.3895152407555,54.330770984813924,466.1041887926869,505.69596613545815,113.34866246303575,0.0007930047552675449,0.10013072709163347,-440.16520765831336,33.20667008947242,237.99371101565075,23.30409801271162,7.626400899431241,14.75233343968688,-34.77691256028343,12.50642200309425,33.69368021443798,10.645687141994017,32.65609625842144,9.66533343354979,-6.590495463054713,9.851651799229247,0.6935889483147952,6.983145616403638,13.232525310196875,6.014087966802547,-3.746399889001871,6.5560957207034996,-6.82033525053739,6.0745530195866975,7.752537105099717,5.794504168598244,2.2554933842517886,5.70119412813335,-1
b0187,0.05548727115979095,0.13266106117065785,299.5473379222497,137.37920059275214,48.010429290058575,396.742194690922,237.9855577689243,128.55645340661704,0.00025300619971824916,0.039451568725099605,-469.61038923445545,36.583860243163045,145.59866908355866,29.323276676884593,54.48429916647628,20.382240465580665,23.131202370308525,18.66835914020729,33.952246005680365,9.118471976754355,25.972818303956476,8.176543077542433,4.889438400050371,9.67464247392387,3.1873526662426643,6.423885087100941,9.886607658458951,5.916618200327726,4.514564391365486,4.704973237318078,-2.4110905823215436,5.017503007413378,-0.45905317049465805,4.9991355891198275,0.9776901435359204,4.528599379123974,-1
b0188,0.04595671352627694,0.10208913398200453,221.2617829546463,204.00815227096572,48.592528025978524,489.32987239760723,392.1501494023904,130.51910419308405,0.0011193958949028539,0.061457295816733065,-486.70056484474657,39.84201983469888,202.7694378148795,28.412935011955803,24.08595069360697,16.187632822782096,-13.935143370005953,14.467674767641551,33.117643231496665,7.994829895199873,29.29997437158236,6.9224387236648495,-4.074713592925082,8.783347563752866,-3.630025152628011,6.1425247673656305,2.402573782614987,6.019545656328424,-9.618277923368167,5.820124019487914,-8.773012430130875,5.245173829867336,3.2146052300045973,5.4848606063352525,-2.999196847459649,4.7434193758319845,-1
b0189,0.04546724639933474,0.12956391059152142,1098.340099455721,179.82149518876167,56.96973300033058,458.0928982167858,308.73381474103587,112.2330732579876,0.0007777575555586725,0.061293886952191234,-493.2199773428226,48.07252171553137,167.3693659648691,36.15107514268731,59.01100491182406,24.003760104736948,14.452512006279951,20.572070136111936,16.79031583626748,10.722252050662641,6.005290467013021,8.762417953789436,-8.06488163381446,9.56627916548439,0.10598814954950417,6.198002644397224,8.254384552552144,6.447504331365926,-0.14135864526511477,5.5655633464411265,-4.695136741121825,5.104879186534117,1.2101283602670854,5.097830043120714,0.544915184243211,3.9943973110863427,-1
b0190,0.042377541119825925,0.09704482529973563,280.1880968985928,117.42855572299557,33.3692909339802,458.2362928768451,187.06424302788844,79.01205063780294,0.0006260371921252379,0.037039342629482074,-494.48986485827436,29.12445994296555,139.42275246279743,23.057165687866664,73.47745412287637,11.109836197356163,33.370934489775266,8.059423007856452,25.653514314296576,7.537386855394523,22.67072784916523,6.635927974115077,13.039229327435432,6.164388221432738,5.083093023520474,5.746008067115042,1.8755126738649464,5.542196746327539,0.12812822829577925,4.493453908666478,-0.056699181403947516,4.366868046753541,0.9448587636654118,3.7568021410132877,0.034910044610197345,4.064950322861313,1
b0191,0.09273776168428774,0.1720536636397999,232.777494361293,173.49275575258065,45.08710615880402,325.0502641670011,308.6715637450199,114.84601038722447,0.00013344385294179192,0.06028230826693227,-440.6033637616993,32.513510354285906,192.12011374195328,29.894949013662814,43.34043793772387,16.617347145453724,0.9626768202936173,13.308768449230582,31.28740259931762,9.674124776994828,26.85583129437982,7.446386232415425,-3.442538127554422,7.533387657331204,-5.8605648749441315,6.047439950513996,4.094903113233172,5.489994079029844,-0.744554985539855,5.926215271808088,-4.021910791718067,5.491037225881691,1.1172800788218966,5.652464852184877,-1.940636474798338,4.83985358953454,-1
b0192,0.1206295152243979,0.16654559448306072,52.14566611168215,177.85423007468358,46.38552050603212,476.327569271515,299.76967131474106,130.92565490543427,0.0007525363501265647,0.05561348356573705,-421.7230166649659,35.54759749108383,204.2921243995662,25.376484410306237,22.89282095104735,14.642379494756133,3.7458448539764886,14.328291900106649,52.54394681759485,9.815199583560776,22.576345761253418,6.788376645428935,-19.685154021344793,7.806264660040953,0.8224654040398446,6.628217711355519,15.837253309659378,5.471785422942256,-8.449904757255608,5.402323180395002,-13.256267850424475,4.989456546681727,3.5880334850313345,5.385528207456004,-3.039258604845673,4.734215150333825,-1
b0193,0.06222978314190022,0.1400553864079426,336.763926684124,204.3474540301006,78.8216157000596,447.3905051397252,388.695219123506,169.14877476656955,0.00038336802742584624,0.055286665836653384,-435.8783576125731,53.495274616928526,185.06051563979076,36.79126542080352,26.770875373114848,28.95747329719312,-5.181909719284415,22.09861260824445,32.037449773332526,8.19663699537121,20.11004673804353,7.2391055895132235,-8.36344941370947,13.923081371208124,2.962326456756319,5.391499089782734,13.53103380330859,4.948926627957554,-2.647257492299566,7.4557362753981105,-7.291049601911259,5.761341010069688,4.263651794732124,5.296559049811269,1.0286266461631552,4.548491514636476,-1
b0194,0.02616730726652475,0.07021918775964255,967.306827526517,211.84834066461903,68.74495271815651,483.95680408616005,381.87873505976097,133.9459543133382,0.0008315920522529008,0.0750980453187251,-569.7147721901589,61.10537289085403,197.42457673520283,42.70625374385416,31.25013009799363,26.239324307253696,-14.571970725598316,23.04006547168578,21.350481983488184,10.140563126536836,21.795845822973952,7.405364166724358,-3.56658417633338,13.946543201904117,-2.7278350131211178,6.024315475186758,3.0702054464524333,6.933340255832998,-7.779001312036481,6.047327360539099,-9.74865571926883,5.567833087487846,0.023993158036734755,6.305186206215364,-3.1062767069387336,4.904364856862807,-1
b0195,0.030599905279646854,0.08794668964038464,786.9672530513405,189.64286859805048,50.905186089332894,485.0320740721671,358.9081175298805,137.98578159822858,0.000882580435996108,0.05480422061752988,-609.4262985249761,42.04129659003866,193.00249670010672,33.67932308659561,26.6331061724847,16.545934383371627,-3.762451112464861,14.711065566949056,39.45699559544407,7.901245402273656,26.88534882611526,7.552315351916581,-8.043293837023317,8.346300928531408,-0.6961154313487045,6.042227483822018,10.574670216042376,5.45340929662178,-3.535224341653612,5.347108213637822,-7.156164776584821,5.050874636785053,3.288246255004576,4.838180818454301,-2.2858272331194733,3.8356533598815266,-1
b0196,0.05719253088723328,0.12750976064599756,340.3035713117017,100.36356877184086,24.357807529755316,254.15677585434213,148.15737051792829,50.62280697584551,5.952013166627035e-06,0.03303193476095617,-522.4259845992276,37.21928559566007,134.00143749734002,28.77049250523232,77.22966471703798,18.7623232062772,45.33092450927593,19.47544079141448,37.31925968579492,9.854590047180489,27.622817755472795,8.170282594971754,13.858519976263745,7.275516692927967,7.075192009233517,5.4952016651895885,5.012075363135947,5.115439288750812,1.3449372450377566,5.107690524843416,-0.11471320592191483,5.438301708474008,2.1012669767487426,4.621958881108757,1.2160925443849282,5.3769531906950725,-1
b0197,0.029127086194377334,0.08772119753399482,1424.578494862146,129.66290727327802,40.64788289096118,380.3990665328722,212.27589641434264,88.67350114308859,0.00038937022699654726,0.039801730577689244,-528.0531336516818,45.31543176494927,135.6554011269152,36.624800290797715,62.5725171957705,14.880881733484085,25.644866674642632,17.204837649486997,26.111837907155184,8.421939844530646,24.45212029528628,7.089943857373119,10.506181287891598,9.115519342772922,2.250669151591883,8.170973342055795,3.8843743083060396,5.367790830947641,4.89467606069485,4.290620800082071,2.653881089310092,5.254489270197224,1.0707457681243464,4.607808114939932,0.09757635964998182,3.7986936335093766,1
b0198,0.08344837759866931,0.1457207751252584,188.60246845110544,222.4233762495281,71.62516217115326,415.4719446800543,421.1902390438247,160.89345873229672,0.0004519428091368298,0.06500560258964143,-400.6126534075047,46.62937495390643,205.98975860189913,30.455001589643057,14.465590618806973,22.89476386962615,-8.604570216360974,18.093177252764406,41.35582661480723,10.307067887381516,14.958641378226499,7.2459330097560315,-20.86545950315518,10.684938727995844,4.3547750844390505,5.661077635315422,17.95530846413836,5.922288252946163,-8.596663052635384,6.179435941736901,-11.29676570554036,5.1873072083384635,8.067014172918945,5.012200742933638,0.8495065046654191,5.528735081747429,-1
b0199,0.07800480549688234,0.15652842818838172,236.5988179504563,132.85132070595475,41.737382004887685,446.31400947601946,228.05652390438246,113.04065275903476,0.0005297085577977348,0.040782183764940236,-520.2886290217532,45.78491735156344,180.58201070090794,29.03652363401307,55.94751657858178,22.326676838546938,20.260944525227256,14.498817733449078,40.05789042924678,9.749370577418773,28.037873268574778,9.417084187104878,0.4780665428957382,8.172848627079315,1.8480678455379378,7.119232919027906,9.738847862680924,7.366402716341263,0.5715250650221863,6.000688484919868,-3.8732828265863772,6.161197759141727,3.572531210356535,6.276396570927758,2.6105082564951645,6.601284949867278,-1
b0200,0.08603087005847566,0.15142241972193735,109.06502083505012,181.64964677502545,45.37818252457843,445.04874337616036,381.16284860557766,140.36521555145265,0.000532449988199938,0.050392181274900395,-434.0116574585269,34.48730114246232,203.39419716207576,24.09862345196886,21.634854415446178,14.168172411400583,-8.361148491671234,10.388220996281754,42.56094435446524,8.181393536575458,30.930706148880443,7.0114215835639895,-5.39442766935648,7.769630202163619,3.3845192587960247,7.024322378813277,13.721587403214365,6.0499744060874425,-3.1714024251414656,5.510026484935207,-4.909191114004471,4.950449646550627,9.071855863644915,5.392780144166372,2.6281955141991333,4.777316615624731,-1
b0201,0.012084159966620952,0.0652191485510937,9429.511130331006,160.21442047434147,34.65898333715461,297.33881079250193,272.50373505976097,76.85789922756041,0.00010602945171290167,0.053621451693227094,-679.5686535497773,57.597028127886006,138.55789102122478,39.913330475961104,64.74642797762579,19.869712332547,21.262973311109448,14.998786826090699,13.46613290901138,9.296735003564931,11.365917408889107,7.508823564515912,6.022718515910429,11.441601829725267,3.586758455125379,5.959036475919797,1.0246967580273947,5.090483247881227,-3.727615306561375,5.839258579076468,-4.625490494511569,5.303637718050596,-1.8791461549281887,4.835661602046375,-1.86479602608141,4.548572310041223,-1
b0202,0.0370586314754749,0.09822784715224792,378.2473687849793,232.23128097456458,59.706578312573356,418.93337070426196,474.3214641434263,141.65128994312937,0.0003691845195577182,0.0816343999003984,-485.74446403820104,37.49422664592872,195.81631370241826,27.533928740603866,12.95565243475884,13.680627703742395,-14.945306682223842,13.520816156839714,39.074085218140716,9.467450795511567,27.094301218949713,8.002227377342708,-11.94468240158427,8.03622350795195,-2.6156392980217595,6.7829429372144325,11.72294293856314,6.139665426429952,-3.4522345624676887,7.628364755802979,-6.460459805058821,7.731085281190641,8.2633676979133,5.514105948367507,4.207968284614829,7.556550710385696,-1
b0203,0.06818831112357003,0.11280735618716986,112.0043682503017,198.21571242665854,64.55485107563182,455.2718981080352,362.17629482071715,156.36802150923916,0.0006556568300444937,0.056072584661354584,-455.1307004560705,47.956669727898394,207.92849659252326,29.65531161132939,22.38352627086625,25.27298415054545,-4.236832228732766,19.42855618252795,40.320205789747924,9.039478533965971,15.273901708443391,6.536657277231731,-18.362923716899104,11.682715067466857,4.806058079033758,4.50482718587112,17.21476372239006,5.638217373219143,-7.680810544864291,6.1868710837853005,-10.785442915579035,4.279416664633236,5.99480478269582,5.398975173655114,-1.6008368962007804,4.235091259546911,-1
b0204,0.05276181489647801,0.11128871268696527,360.5375353925452,203.47309462344953,70.44080338268805,449.26240218060616,371.45169322709165,144.0690739362965,0.0006340953647018317,0.06746451693227092,-463.9070064180332,49.03222846759576,201.97939460352612,35.52482591467869,39.95170043564438,30.105959934821282,-8.271934895446726,20.21241677041362,20.297868200557808,12.225163993119308,16.766211272122508,7.813703712232438,-5.9796114064455645,13.89581914843017,-0.751861211267544,6.844770416725582,6.670273810018953,5.890364737910356,-4.414583668060176,7.169098652402366,-6.330507748122876,7.108708949988852,3.870897817300549,5.691667452822977,1.3293270519532767,4.7837775853102755,-1
b0205,0.13590335401137446,0.17270201161347737,71.83806041158674,127.93174280223286,38.95392806622451,384.13650757389536,221.70692231075697,106.24322978788763,0.00019875741046462746,0.03592660607569721,-444.2461450491223,35.258554692471904,191.96695711827934,24.550311448676535,49.60970440111147,14.892809000735603,9.419320547104554,13.368394310004104,32.248091596455524,7.442269451344636,22.32397855257197,7.256767590804415,0.8752330596085957,8.521973541595294,10.82135224331588,5.490923462095911,18.84868447926497,4.966193874268561,3.3865374137841475,4.456658339023754,-2.6878518817617842,4.236762365344171,6.787228476735896,4.36675629246731,4.829457620295505,4.283358379728955,-1
b0206,0.06626073599579241,0.12443677018461974,118.46098167735823,164.67466976141725,47.88094807253518,428.527877321313,312.1264940239044,140.33716313873404,0.00010111098807895672,0.051489355079681276,-456.30690613888936,36.535553171245056,194.704078727894,22.030696692669913,25.53502811696743,17.457153682055836,-2.3088600881225125,13.22411352163326,46.24239356634328,7.968428833136947,35.16855109614453,7.0758042109886325,-2.274936710664528,6.024325828028351,3.6252194256757324,5.577862108323979,15.227577007998491,6.286569357580938,-0.033502020469254885,4.648669119864391,-5.516394859289421,4.8098822835763535,5.282977010383089,5.698101468365039,0.5709350610087702,5.329711568319576,-1
b0207,0.021417770542064674,0.07078915842751542,687.4724761520412,158.2646639021612,52.410634764572045,481.93678481956374,257.87475099601596,114.21251159829376,0.0007259598666787695,0.05120144422310757,-568.4584306747805,54.44698946307423,174.55760521616696,36.35495435481723,52.17286361125548,20.61193522979149,11.70682937172012,20.26814987212929,31.361718004271555,9.876466788892442,26.830748543450607,8.066803259142038,0.2500518475970042,10.851871921237393,-5.604584808597975,6.796167082287196,0.928934750105658,5.01094273498457,-2.602393169381365,6.586718778625074,-5.56918348674549,6.19712480386471,-0.41062140285368975,5.015984394610185,-0.0516212479498286,4.961355839802935,-1
b0208,0.08435020540902874,0.14989875315308,155.9492864136086,110.18550482338702,32.58606512033567,482.3637243873016,172.80876494023903,74.27715178142925,0.0006307757416393348,0.036058889442231075,-490.1352672006662,34.00907420019182,160.27014722451895,23.132523256859013,72.70843660826776,12.494972872955575,32.964773992436875,9.084423759836346,33.703599238010696,6.795146657057271,26.092015702859804,6.0771510721948365,8.67074570544474,5.758116830444303,3.6390563805939147,5.3073476674339535,5.241208228771998,5.5867004628964105,1.1933397333424152,5.311700643240062,-1.6142137331311477,4.9511249840163245,0.7015951125990268,4.255405880024815,-0.021284776245728835,4.357079112695297,1
b0209,0.07896081371748039,0.12921082639127826,121.80247278760456,110.92509421817346,36.23740021660785,484.8867509962266,170.2253486055777,89.4002113147419,0.0007752447801261611,0.030230639940239043,-495.2275455110442,39.77462088640173,173.0638404497432,28.10421643333406,51.677590500548135,15.80310333731876,17.485032121277087,9.055121841973492,40.63481264227623,7.5403518349686935,34.644641733651795,6.577608611824047,9.888574826055384,6.627158163792613,8.695576705374405,5.702535307656876,13.534458404497677,5.200329901251323,3.4909135761194694,4.870912946435538,-1.665050196997831,4.557818595273578,4.666880481901986,5.008361578935936,3.4197136287428176,4.322540949945257,-1
b0210,0.011670422570186783,0.06110144723214564,1741.6866044824303,142.36609253410714,51.384339392289974,456.62322449397857,241.81399402390437,139.3843867911124,0.0005929565522489737,0.03891465388446215,-622.0751070710081,49.11652682858294,145.75125052938162,35.74555101990693,48.833259515066985,14.435328265898582,12.805132427839652,19.27717000620427,28.56258961012862,9.682521545823619,31.75844434108064,8.385130879603528,14.177846047119454,10.18684271772245,5.722355602059788,6.314543396051072,7.410354107368608,5.435109886567093,4.446506402701477,5.02881465107181,0.35975794129250915,4.881820677421008,1.1066487417390944,4.710552390111977,0.7247213953243158,5.017931493912831,-1
b0211,0.11019746495242332,0.1376279458375427,51.14271433763091,137.85498237793107,43.42827611434344,471.3507799858308,228.6167828685259,103.64528182726627,0.0005801866134401525,0.04089890438247012,-444.31640000669944,34.89782862331605,200.00379303588144,25.909473615060396,53.86265552044093,16.45692104931511,10.716907605475562,16.658388793445912,36.65074848041897,9.480907425508368,28.988257793470208,8.512344541397344,-0.8462248132503557,7.426649967467961,-1.862782525119341,5.837643882040146,6.652350847335276,5.705074921696914,-1.091461319569216,5.757792996472332,-4.593764913523079,4.895660719708598,3.048397689235148,4.952085003471899,1.2780488221548334,4.494963738142222,-1
b0212,0.03437868799251767,0.1185411041532326,566.2681788070278,193.83393063468688,65.03695993435997,473.1613558734805,358.1299800796813,157.59322531106415,0.0009983458854369248,0.055426730577689244,-460.45443238051394,41.89540238040736,144.80828669124705,23.847151509132864,31.4044170532428,18.362844278882683,9.884648288497372,17.141869826459146,33.49496065146922,6.371441999076685,17.979872150206404,5.833584595856674,-5.215077246360751,9.285570988806423,5.585668503070548,6.027939081806479,12.889952359739791,5.227866665606967,-3.810494238996946,5.81782866486937,-9.174198616337497,6.155390722256144,1.5933989337881396,5.374377340516984,-0.7671628867095573,4.350894471276198,-1
b0213,0.07580356878410088,0.12188113780438915,154.7066352187142,119.20746268582408,19.00208039231433,211.06265972228414,189.86553784860558,54.9491907887297,3.9148277175043156e-05,0.03292299551792829,-491.23607957799754,28.075448793106904,172.29777796833216,24.910116590706387,54.396950851242025,12.223765152447015,12.218893123689927,8.65199146576024,30.085085502511443,7.160312748439371,31.60388510671827,6.767140384390323,12.99894976974283,6.495750352611345,7.310709568086898,6.449654853111714,8.501888353179952,5.682487794141686,2.4414809091368994,4.654813198926557,0.2652962704667329,4.27204418714337,4.686859565168945,4.461136582741224,2.3944851961407667,4.690267310600595,-1
b0214,0.06982544148586135,0.09078536487717534,72.05740593359297,171.8562937720957,45.30724322336967,407.333163349939,296.81274900398404,109.96477663738109,0.0002611967130471758,0.04836124252988048,-468.0236594211377,38.38898118902304,222.05188820277456,23.7327543659667,25.31008763541938,17.758957639106264,0.24604460443004528,15.265232071791768,47.754055248467964,6.8792996275777805,18.031539220182626,6.371426558597313,-18.209096777846238,8.22923895051344,6.956669304010341,5.407779224764947,17.372007404944245,5.417860361879525,-10.712307428813796,4.953354055104301,-10.459769389890807,4.519109020835211,10.306125615328158,4.6499792267194,0.9217825048160118,4.356453671652188,-1
b0215,0.08793213681839836,0.14194334427192715,81.53155034357253,223.42304205193787,59.16026174019597,480.12034154804115,451.195219123506,156.77566988973223,0.0009081539279866904,0.06811815239043825,-416.1674657048514,35.41311254361979,216.4334784718973,24.961328816257883,1.1574481914862995,14.039783407110558,-10.308605598986885,13.545757399255812,54.46180606100931,8.237420484709906,19.106434983706,8.91015814732419,-23.881742892234413,9.836563567441772,8.21855899543278,6.599108504557816,21.657283023106107,5.7750761720725965,-12.050265195712228,5.190698578033522,-12.414624239970037,5.060005779472269,11.006354322190548,4.41551871156335,-0.8752544525247944,4.061326335268125,-1
b0216,0.02182278389124368,0.058741565787512696,457.22654139691394,176.97554982048695,47.79505533955442,496.8547050552837,333.8832171314741,101.77255397753964,0.001236184967427102,0.052026269920318724,-610.2380260683252,43.99770136703345,213.34556242832355,28.19226284912321,40.31835042625287,16.836984693131875,-3.606548572579308,15.280587994764543,25.232986764962163,10.20030284064758,12.395233222336213,7.2891891866705,-7.6445208374409495,8.617176409612219,9.529485141115906,6.529782737179439,15.409274088357957,6.200946007750807,-4.868895419846058,6.069384685522959,-5.739611363174986,5.651400137212091,7.689701269263601,6.44923391223341,0.8276908767520771,4.556746891689826,-1
b0217,0.047555038959479094,0.10632767255829137,440.8058641926914,170.4493566718861,52.35876586456839,479.86378099592935,282.65064741035854,139.46418393998513,0.0009450088598902688,0.05454743525896414,-545.5278097532436,46.59134510005207,195.19116232832715,32.87723783224611,35.093338599345216,19.716894431339906,8.974633792172538,17.16998835161578,48.19695547965529,10.164460281551063,26.406336828610772,8.285053581621447,-13.194463022882898,11.392089230277568,-3.4704078080832534,6.273985761993636,10.078551971328022,6.52441747972516,-5.9409326349636125,5.718839757198927,-11.394093034391112,6.2995379521737345,0.8522146075632782,5.567503822170087,-1.9655812430447916,4.871122597461498,-1
b0218,0.00567070068549954,0.04402956438043202,9277.858818177483,154.16386797051496,40.59543853963467,494.392191546465,254.26419322709162,91.80288216703664,0.0007452102365562031,0.05225971115537849,-638.6935262935228,46.463689561539006,127.96366209338449,36.97881840829505,70.92580232302015,19.758223318142733,28.706050030061583,15.126105345993295,11.525158773234134,9.164099443453228,6.439369419762525,7.465043273781589,5.2101848703169376,9.809705357122896,5.233923837044157,7.018272641977207,2.2787225353807234,5.75260731532501,-3.199472413374269,5.197344235271207,-5.812772629515327,5.059112568857325,-5.065717625509689,5.028737801539021,-4.636023162727371,4.039739465083343,-1
b0219,0.01603053541210604,0.051690879656828774,1066.8093999774899,167.90844574180892,37.13403811240644,315.1040649110593,311.3483565737052,110.47172847270183,0.0001078146120064988,0.04655596364541833,-600.8328787143018,38.34713228444741,180.6664926090149,27.179521451304897,37.32818038326667,14.090842827976893,0.5296494869673408,10.368163251367632,33.21672916560805,7.65333729933252,29.18218692776767,6.543426627912803,-0.03532389970878359,7.94320433425333,-1.455667683957632,6.1134698257280355,7.068542700076852,5.092562757738494,0.06639710947989737,5.133118127400065,-2.9107609611978216,4.851297822032469,4.00698278450415,4.662802669700821,1.0079698445207361,4.158125256536405,-1
b0220,0.11471748292607734,0.1669268777015438,90.56390993532904,121.76247963776325,40.288922565312056,493.2053432292548,191.7019422310757,93.58695571482052,0.0009354519392772557,0.03458042828685259,-444.1790303949819,35.64617578634083,163.1125006418081,25.93891287040807,56.68774348023558,14.28685544646298,24.681563865439042,11.436532329586313,39.76805406257726,9.027431400593755,28.151640092074903,8.01531611305269,2.8429765135351954,6.566919535940747,2.89925980905542,5.626122267931395,10.660651227057594,5.356093396081046,3.7789631658955694,5.005646043635885,-1.7394943316623053,4.799006653260227,2.092225961125942,4.8270613015359665,1.006538294727866,4.183194062468343,-1
b0221,0.09798167647516413,0.14343294514365082,70.56934540581129,213.91430734194898,51.500020225247326,504.1986512375543,380.41583665338646,108.47911685790095,0.0010878056001294772,0.07077160109561753,-442.6429265692871,46.65031886815967,247.23991179677785,33.11819177802766,26.334888261954056,19.179177501035134,-27.050217445842467,18.056164003168156,24.078295315668868,8.862876202360122,19.88511108365572,6.900452881844574,-13.594603231735581,9.607294010427768,-4.44258553959914,5.404132391029599,7.352826108795342,6.447507367184724,-8.618025305290995,5.510357929746397,-11.11436942069309,4.753267998092453,2.6982470501870055,4.858176046865425,-2.793698390613366,3.8910396803641527,1
b0222,0.10875335137806708,0.16917564354054032,85.7195863993632,210.18375852097066,58.905869761455286,369.51692056742354,389.59785856573706,134.26893361323894,1.955450387487434e-05,0.06639068725099602,-420.36525572046537,38.61857858706055,227.3356458148965,25.627298560673573,18.509469515088647,22.023237928388546,-18.008962994105733,19.219499658061213,36.92804303215619,8.31068034974385,22.104227631211142,7.507576113493295,-16.594200569749145,10.881876304885983,-1.7514167528208981,6.060198078070958,12.481711775027765,5.088400791933806,-7.926143975379147,6.205035255871631,-12.208246945841038,5.322313047032808,3.724032220276319,5.556072788967354,-0.9753733352679929,4.142345632260754,-1
b0223,0.09531379860624377,0.12621260776802823,74.95411859551912,172.4012754643516,52.07499781827268,477.52038903703817,312.25099601593627,125.06004321970119,0.0009757520413998958,0.054594123505976096,-454.7206691421571,39.97728221008479,228.45811979786205,27.09442178782958,34.374905781406525,19.200324152664113,-5.6046927003085,16.24278670180727,36.975386037232894,8.332550452047908,20.933358183155946,9.946333383822159,-10.886955280112893,9.320796627297012,5.046875259245958,6.359336307993302,15.303102156444986,6.00141928459966,-6.114962519238717,6.751167702555849,-9.269659336730125,6.118088950756424,5.917266097115779,5.362493835114856,0.037250610504764164,4.984514863918486,-1
b0224,0.054741050870346745,0.09431570430689996,109.25289336755571,213.80304738477054,46.26446296647178,486.652214801169,477.74526892430276,146.05717463583218,0.0011303433168693726,0.06646850099601594,-477.63041699791916,34.928130462176014,231.66683418680245,21.756427619066415,0.17338774283229666,10.90513318201747,-19.914403257168832,8.721845145834981,56.282677873358566,7.792288309985148,35.363317280650236,7.4999151585981,-13.989451120296561,7.383483497010715,1.7331202218623694,5.646725152180979,14.22642261066188,4.821302619670954,-9.2663944009226,5.2347436090367685,-7.022848370274151,4.410702329114918,13.530336428382812,4.622195897988611,3.0184835556914353,4.834458059583776,1
b0225,0.006786298669243524,0.056395878146350796,14340.22756724866,144.91713664298229,30.327238001847807,288.893755828537,232.66309760956176,68.14518183746222,0.00010504819728989982,0.04909269173306773,-704.4931941289495,54.54757950159795,120.89466724030338,41.397633309336605,70.87142069892548,14.69995508294939,30.94406923874287,18.377855623295485,12.254969430471933,7.651277896519358,7.082256921615252,6.762387836105676,7.39845353665033,7.817313361498594,7.915209121786584,5.504841018481576,3.953558870604496,4.887892824975577,-3.117260527660323,5.229776194867617,-7.3006309724049885,4.856813992686174,-7.116494282798417,3.913888602571414,-5.7921149279949935,3.3918534379252594,-1
b0226,0.02491405314355219,0.07758890021261114,1380.729334355326,122.76758631714686,52.654149552075374,486.82215829718695,200.35483067729083,128.3188963114702,0.0008644034326664665,0.037700759462151394,-611.5795901642254,54.18216939072334,139.88759095475726,36.28403692250902,70.90146802347579,24.833286815482513,36.05620421510814,23.82195426027003,32.661308297706036,9.037536454851976,24.84400402973942,7.75711591581013,9.198104461392264,8.627855657343343,2.3492559834757962,6.127361185867901,2.772761530843315,5.813673260348786,1.101928023458481,4.615083604934664,-0.7403580566779805,5.09237366823521,-0.18332022166150483,4.3130053195256455,-0.9659993146590713,3.636450669345593,-1
b0227,0.03825944413378999,0.10141988935326794,1067.0706485939145,132.46236978887853,37.473044216737044,245.25764168507754,223.79233067729083,97.40279888189103,2.680601012653104e-05,0.03790307519920319,-583.3264439007951,43.36863973768563,156.6557595190438,35.55963363072328,57.48023767087078,18.635882212515007,21.2274057744625,16.871721221459346,31.524610224682466,8.434220428905116,24.617271621050186,6.816636265891912,4.334360173072329,9.780526100995033,2.977098845058412,6.6958856989670394,9.730490010979354,5.831172350085299,4.363037741340843,5.300538095855972,-2.0208662435300524,5.6559776699765285,0.583202628078835,4.898262630221462,1.647340090687958,4.5910860381658125,-1
b0228,0.07672860689704268,0.1620382385957859,149.7806805301175,176.77193775139392,50.49802745110135,441.86579406105324,326.195219123506,132.01151906609226,0.00038543303777289817,0.05338022908366534,-475.492442059853,33.55574793506986,204.63860843587483,26.13000443231316,29.322210528114585,17.112008233762467,-4.745655705806437,13.179106413180191,41.847374015992266,10.33210056592085,32.089548602822845,8.179079421804216,-5.785060894260898,7.8930652255662785,-2.53427666117257,6.564317843372616,8.662980014046866,5.882519664751688,-3.5382088783046317,5.012772090413593,-6.187340275560236,4.985226834636666,5.089446522320193,5.322112856681604,-0.002122351190409456,4.563622141492941,-1
b0229,0.05965533369490508,0.10782291436190194,161.58757284704964,154.41076884813046,43.085305200373234,346.0060548569969,281.43675298804783,101.79789102112747,0.000260845876853887,0.04363016683266932,-515.7656230459214,41.47828284104961,202.64634349217144,21.902055273253666,44.07561261738058,16.508653624492105,3.658786944999561,14.700971297290891,30.914823302339038,6.996802507395033,17.807115061930222,7.213856835903841,-5.628693101578857,7.216104313677235,7.46096383410525,5.070690594807425,15.426373876532962,5.100998531053005,-1.9531624834783312,5.133107685054818,-5.336988539101107,4.885362061809693,6.347726002625165,4.991824904133992,1.9766070376314433,3.6944734170536853,-1
b0230,0.08810654158547297,0.1427302886562142,81.39395059067992,189.69515273497404,58.718652560738484,465.55967647069326,335.37724103585657,129.27165398777,0.00023757939036018314,0.061752988047808766,-444.1124774694236,42.15640644975117,210.09957829599935,28.39529667893275,21.3677267607357,19.554090418099474,-6.43194395832062,18.582435635066336,43.64487656480557,10.141908580924186,23.773667469783447,8.92646835864805,-13.970800713780548,9.460824696559863,2.423890080301055,6.758254373432325,15.095025426555123,6.852538813849719,-7.0107085004232035,6.757230480846998,-10.902890860828721,5.90064349223178,5.256386021912052,5.024267157151598,-1.3940510099189554,4.908853143343205,-1
b0231,0.06151593907568842,0.10055155946784665,114.06427202323704,166.52698856985324,52.427245620207806,478.3757876977306,313.4026394422311,129.5337402058768,0.0007677421900023261,0.04415151892430279,-456.5044099011304,35.15802283583117,199.07679792238864,26.03507587667665,35.18115618999318,17.553262918545652,-2.678975810805499,15.467615132876697,32.99106634144051,8.910538959483413,22.92159587846778,7.226105668101201,-4.9974912132400755,7.072234978122876,5.702753736769225,6.354978165728149,16.772944903871146,5.546879495839602,0.8275567680403817,5.096938507716348,-4.81859754365032,4.973021935373205,6.463401509620488,5.262500805924868,3.4985830996621115,5.208841836386391,-1
b0232,0.08893924866634498,0.12508265127137386,70.99985186037975,155.25002550260595,42.53832646843996,516.6743539433193,287.0082171314741,111.10287388157286,0.00133107279328885,0.03724165836653386,-447.9687774952107,35.67804319328937,205.84512543546447,22.624630684257824,19.05493151503535,10.28637015310635,-4.675369785306187,9.963593616415586,51.054446149113275,10.313953454118227,34.58811786821146,7.428458830458928,-5.315608087687105,6.200148277863428,6.162934902508649,5.545757682353691,17.14342075081796,6.253197301502679,-2.6331378715171203,4.783990091452453,-4.408430113113204,3.8040719299154957,12.178762847269883,4.460807329865616,6.517416274766855,4.551087501143956,1
b0233,0.059140197404096366,0.10994256229143655,145.91055510780112,154.6272288048825,31.13988928414145,257.6684420705648,240.97360557768926,64.28549472834395,4.585482235434134e-05,0.056874066235059764,-483.7751899958279,37.136661165137326,193.59734065066704,32.90104770059189,56.13492551387704,10.140602525610976,10.767780309265955,16.065362309082932,31.069205477680203,12.051974499809338,22.53826152796557,9.074056466642233,-7.0597357684096265,8.05872006068139,-7.487470445870221,6.06260652800647,5.52957098755712,5.871531542178578,0.597002754029719,5.434022755051691,-7.375651210549437,4.727465050004715,-3.424198614986,5.404630800728511,-1.7278548412381816,4.723074554447057,1
b0234,0.10400266228372668,0.13585036035950232,54.36830304471409,199.00494740942946,65.90911765520026,474.11301000858964,364.60408366533864,157.11720391618866,0.0007705705851841158,0.05726313496015936,-460.8046272066282,48.619668946563415,233.17297611952606,27.215672060701287,13.155100093761808,24.143213655482313,-9.972085459657167,19.377410113229228,48.64238037444374,8.087838444453313,16.815428327448522,6.237944122984578,-23.677669708129915,10.5881399255638,6.495320363619938,5.325699260665397,20.828430044586565,5.505453658243357,-9.791915528029008,6.150830247659301,-11.195560832187759,4.322149868459163,9.696927179806812,5.760148295076704,-1.2641288496363734,4.026376686691697,-1
b0235,0.008613566731427309,0.050494576818506734,1580.196482914719,173.62369844192483,44.14985846042272,467.48622172056764,316.4840637450199,102.38248927954241,0.0007778692035690516,0.05186286105577689,-635.9020378287912,43.88170692118634,171.50219054936687,30.573822855600575,51.36287865634796,16.278659886951054,4.83768237404429,15.298039970892656,16.554146249263717,7.405381582551896,15.389849417922743,7.099957055371631,2.571347439838431,9.876136101812452,5.303474052395476,5.999152985972747,7.679724331359145,5.4587267954252034,-3.151099514941293,5.768583038807004,-7.019281156540488,6.335188265866276,0.7790874964203393,5.38817649353942,1.7092110830673743,4.543219029713991,1
b0236,0.09275718005596155,0.13125487677484562,81.72581761114543,132.22378021945588,41.26187960600662,494.0312257826308,221.36454183266932,103.35305859675381,0.001190537322326241,0.03514846862549801,-574.9656078821289,45.740118854229664,208.76009740134919,20.70078297316888,35.44362663446182,13.780266703126774,4.928712628924827,11.374254604233096,47.29098140911876,7.669726097991582,30.461880081825036,6.177155042088212,-4.169972241057315,6.6359473037309415,8.1748605120338,4.771402464093038,19.354323453879008,5.053084775979524,-0.0017597466379763906,4.843539154648615,-5.321007265769675,4.094767983951364,7.706683196514214,4.483292441074332,3.213368384534559,4.235259360505604,-1
b0237,0.08318475430560411,0.17720204897421618,356.77092909291764,195.90472012637804,77.15666031402829,418.8808399703254,371.2960657370518,176.81835742223902,1.6352469884330195e-05,0.05665618774900399,-437.1789333901467,39.28165145441189,182.3785668124887,30.928077592757187,32.08104457774193,26.96828842735229,0.922479382951815,21.007979897929257,35.92120008102695,9.721271114899087,22.08726127168119,6.939676838210941,-10.051503103447784,10.128301454639223,-0.5861761059178117,6.284398855847515,13.409136763834491,6.269052343170649,-0.705251387780321,6.929339713371477,-8.297512672223954,5.863375127222231,2.5239549216098984,4.477938158958352,2.618188882636069,4.382421210954941,-1
b0238,0.05723506086785321,0.1512153219586119,224.47848790541474,174.30955914244888,48.94100246391913,488.3213838521704,319.8456175298805,116.18418397545751,0.001176998223513836,0.05339579183266932,-469.4224054761994,35.10915068750877,184.35403953112134,22.635250973367775,46.44633335443175,16.190291531114127,2.0082750559789977,14.444093754022909,22.79086909754994,8.114870861778137,19.439596724009757,6.463800679939312,1.4464486551252111,6.260533981484329,5.748827017452763,5.101758969381763,9.001498226181807,4.328763998463635,-5.0287964393615825,4.222562230894214,-8.779968808238621,4.462551574222829,2.0578003349489444,4.333761675270036,2.2269763979510584,3.7016264531805088,1
b0239,0.05861898832085582,0.12594092980097846,362.35132074338617,157.03637298038285,57.46667437994878,442.32219211510176,273.0639940239044,119.67035526100764,0.0005909078517073521,0.05074234312749004,-471.0354523922336,53.259788589504595,169.54032458063494,34.28713772062428,52.681213968670036,17.020536246241804,8.489707119617822,19.49558256985198,23.961031286543747,9.024770696657539,24.230214228876136,7.755034770784317,4.283484919537417,11.35588272697722,-0.9457978547735089,7.710943816230459,4.816338881664573,5.6040746137789235,3.151102331485765,5.581603338175539,0.23872893210061866,5.843446677056305,2.0223995334384455,4.311370112209109,0.3646291592965984,4.403354821306588,1
b0240,0.07070988557040254,0.1630409779314612,299.55279743268846,148.6939436470681,47.79339407881568,373.9878349347952,254.1085657370518,115.03203373384686,4.8552778915369885e-05,0.041101220119521914,-463.9710599447885,44.426033176725284,161.28031029277247,34.24659215332644,48.76276129161924,20.258571807671498,15.301976130618485,16.197227990657108,31.4654026297424,7.791422777600955,21.721192134585912,6.189155332190316,1.8065449079024707,8.325877010128982,7.073262350418809,6.217807306499192,12.909926528016586,5.297803174075185,0.5088238153233166,5.434114448522122,-5.58185892010212,4.607203755301525,1.7098338885572057,5.593368089285108,1.7466989394439991,5.336075616786301,-1
b0241,0.09814004979687985,0.13854944010978149,91.50931419397097,160.26472462730948,40.053775270025056,464.75930078037334,294.3227091633466,99.2131388642045,0.0006357618357004915,0.04446277390438247,-436.35191903833424,40.94009164010368,209.99917418595004,29.150871336372965,34.90856643735922,10.539134403116954,-5.346836200241836,11.145843086201142,36.11489178850455,7.421951116450831,29.17087705738672,7.638991040829702,-3.438736415951165,7.973444043050644,0.4991340829510514,5.307633388866535,10.029403961370187,5.421136965271555,-1.670877806001449,4.418400873383346,-2.266333279875398,4.869166869610388,10.297921560901354,5.403518630083398,4.968499810654296,4.630697565281505,-1
b0242,0.07814778399308314,0.14071954178669843,130.20895442131362,242.84743420573704,80.45563115674223,482.22951560614234,462.58715139442234,182.12501563547522,0.0006951179792931855,0.09455926294820717,-419.2483724194353,28.670471777720177,204.77863601028398,22.145054651363118,7.320089023559475,19.79132742738547,-13.05145731736518,16.903816014582283,45.19767375913178,9.452478895670563,20.7828562376791,9.02360355576251,-20.78446589323819,7.654685992169345,1.98447954435392,6.456772339339571,18.889706944595513,6.435425423487287,-8.012367874383756,5.651874725289321,-15.605099807609506,6.115388049879164,3.2248826578580254,6.340247107343981,-0.7224723059208824,5.819055834316206,1
b0243,0.010099859262320723,0.04457500548588921,1440.0829675379507,190.57088482904544,43.32163560510526,328.0006199775761,397.69048804780874,130.82454481549374,9.24125454309997e-05,0.054298431274900395,-563.1544311418568,39.036336621797965,165.88604829188824,22.17876375096628,28.03997143079241,14.911946737088218,-1.4371577194753147,10.75389935703247,34.88059914022968,8.146942190677512,30.59640754775335,6.512563134747448,0.844935953392483,7.898376128951949,-0.29441180411810824,4.9557152328246845,7.186828731775896,5.018150031119943,-1.2830325824960989,4.7631642646083,-3.726521534836518,4.294330902150342,4.544930187837889,4.308923555088349,1.2214681837430308,4.124805656911351,1
b0244,0.017138471637132148,0.06026835172343627,766.3512051405716,188.92438690618044,39.0334089140785,462.5756486242318,361.08690239043824,105.99334889910801,0.0006144769213221246,0.05832140189243028,-561.9584592403011,36.195814278784674,178.37528118827288,26.817940661697783,34.58241279796243,11.721965091096454,-3.745466696810932,12.280226084601447,29.138974681723525,10.863721771372376,28.02625758173758,9.611233388859002,0.9604594612381308,8.465022497923695,-1.465225849182132,6.723024843972621,5.123256519378433,5.558089558522475,-2.512174679001776,4.95629761171876,-5.5461379153282495,4.919117037804841,1.449769716200408,4.899481058956548,-0.42197013443755627,4.461532400535133,-1
b0245,0.0782947735330666,0.14273665899889676,581.2945464423211,92.26290510889372,14.555352368699863,152.21644010336416,140.1269920318725,24.333292461724636,5.815406634037209e-06,0.033747821215139445,-558.8544751100527,29.357490337208834,139.68561189135917,30.683993845038163,98.61947935930652,17.850691138358474,59.952962214863604,12.35093193272099,34.36428450059633,8.739894804145704,19.02939577365754,7.314206758495698,10.805165131129403,5.850039676769124,7.4923985539157005,4.896968822433125,4.80228611701044,4.867391792204334,0.7265003411373627,4.36214914071686,-2.299930832584968,4.385871485873501,-2.7890984884876695,3.815275676578981,-2.34671198271992,3.6222310525683494,-1
b0246,0.12849649043983505,0.1453725840404963,36.04580431265902,159.36712637957933,46.86124276573935,372.77183244172113,268.9865537848606,120.64993035925599,0.000226038170111423,0.046470368525896415,-441.47084615218375,34.14763483071443,217.38675849539493,25.18234716187524,28.95153988442377,20.383353667297772,5.413134336655415,17.1657976003797,51.19085495026999,7.612416200658432,21.55192651117089,6.407387731078244,-15.83704821371808,8.379204227871497,7.554855633012906,4.9834216189740435,18.789136770118642,5.527407811777711,-8.843906562144598,4.887863275827916,-11.302174727564708,4.319552790096414,7.659105937347749,4.763266447397746,-0.9031027259199167,3.9079010174956172,-1
b0247,0.10053657760958652,0.1383844046618903,51.49934941299025,183.24135285629956,35.03254625983167,507.1292146406639,316.4840637450199,84.36359389494048,0.0007767559099194625,0.0631925423306773,-467.6591461873588,29.133890198033246,241.56949182550784,22.792061362388278,32.650014736461756,12.686641534311553,-6.321361246169821,9.807101533167598,36.179893873203476,8.170155244695149,12.211814041951152,6.392259695010126,-18.589734005191602,6.891267109497265,4.379471206522132,4.897125222662656,12.002459338046577,4.870695670704664,-12.638051692527455,5.503551486974633,-8.869208670717136,4.914914037458993,9.085976605367946,4.880866357316801,-4.125066949672073,4.16131074689483,-1
b0248,0.10237439915492522,0.15082253073128568,120.03123478464673,178.23916029641086,52.14404523332285,443.6203624313272,365.16434262948206,145.00946959896325,0.000476341072305351,0.04781654631474103,-433.94727527199484,32.915222514771365,206.0391338675936,27.61579409706561,20.734034568933176,15.829541468682988,-8.907246331482717,12.660404989983874,43.71725167514853,9.061179956963736,32.051715901063346,7.115426482664343,-5.29329207825272,7.485118079233581,2.8895286176575565,6.032932034403955,13.53182338042711,6.20908849793619,-3.018549776338818,5.327622992440569,-5.345109935992563,5.428356757667765,8.020192158601246,4.968935370136408,1.9272291506233825,4.817776922759855,1
b0249,0.09732397888678705,0.17789449775681396,212.73529494691292,147.86460591226398,46.97722075986452,377.3075522591184,240.25771912350598,100.10553423196106,0.0003413835012044235,0.051489355079681276,-481.7621031156098,42.38171222286303,189.6615135649488,25.132101826835118,68.42124504876705,24.999210634419025,22.337385259317063,20.27745376258546,27.7255910678356,9.266771543061425,13.804544952313377,8.032666901309247,-5.592471655450339,9.932232447076018,0.5687160522667599,6.626847397774083,7.08033353648351,5.918004682543969,-3.333050918582669,5.259674993009891,-7.162684668791466,5.16566601955609,0.17756512039043018,5.309739072654513,-1.2403499258289679,4.451489680982294,-1
b0250,0.06752623162673117,0.1406469520443504,389.69219829036865,194.58284361167227,67.10189827746278,442.47336860471546,341.9135956175299,132.21071798174242,0.0004648406379880459,0.070320281374502,-495.1919522579413,56.90945063135045,214.01509644364154,41.22764796834329,51.30757624316349,32.686030040221404,-7.781615716019025,23.88811269935627,12.586551452594668,11.67539852608329,12.889014363512402,6.453565041931669,-3.767608292300731,14.107547861152417,0.5772552519872494,5.852231962404383,5.042329470484836,6.919883130164246,-6.190518997339006,7.205123508026014,-7.803811259839403,6.294006739116508,2.7512618550276344,6.664692695533127,2.1318577840778543,5.362724296655683,-1
b0251,0.10129529270128687,0.16045974580898348,70.99467604331065,171.797308550717,39.1842448317465,460.72277389031854,305.49676294820716,93.61672285527803,0.000707292375578914,0.05562904631474103,-438.1059897857336,29.664747146349658,215.45940853531596,22.722758706305104,44.57745162278621,11.904309422558482,-4.481845655413883,9.479256940462331,24.297482022289376,8.309382285702679,17.314448669858297,6.5671391481444985,-4.42503232956263,5.53209628898416,6.357198920081518,4.605681755999933,12.264614739880003,4.836089581016716,-7.2799007988531725,5.238781982116598,-12.181827904159348,5.257282063374918,2.037857727571236,4.445138116705055,1.5188575818245804,3.844527799519384,1
b0252,0.0505558971810256,0.10676857250223055,180.6329911942038,194.69781442231735,55.76385481363804,485.28352438776665,396.22758964143424,141.02121957628856,0.0007932633711218212,0.06568258217131474,-532.8051377814489,41.053983998623096,212.22768719804566,29.451774541591927,21.300033072058135,15.770561515932823,-14.602011087979811,14.560920388973825,36.12989273203803,9.403403874967285,28.08967398643348,7.586197519554642,-4.089282660630049,8.604382633313632,6.680176187822187,7.157988390980891,16.12295858302129,6.239873874911102,-3.4188472010453723,6.510146584466327,-7.413188429803807,7.046711486038266,7.056904787239479,7.3960048894474495,3.3624079902195922,6.7433445702606205,-1
b0253,0.13346233023776516,0.13869493972837718,47.76450332921141,136.75008160027332,41.57357898859178,419.06524378622566,221.0844123505976,93.96062521246343,0.0004071878600581111,0.04834567978087649,-481.35870081851533,40.517904683622604,211.5176190574829,29.210351795709975,63.4499002867948,16.020566260304072,13.916902711246598,18.51250698792445,33.51938568491263,9.313524190323708,25.76165702996986,6.452940578174257,-0.5409299748482634,7.8687334828245845,-1.6334754799986042,8.658021867667214,3.7122750628740993,8.987381639484179,-3.6701284992438308,7.671838536621098,-2.7813683743700954,10.739462272949252,7.273158128375771,13.178827875315307,3.4860644074590232,10.92128778151127,1
b0254,0.12876799996390847,0.1684545008515169,66.4317156822404,123.84814136303451,32.245015741379035,382.60428840584007,207.07793824701196,86.56021701554393,0.0002489515498504004,0.03438589392430279,-430.305561661374,25.877153743022166,171.7825494964293,21.986924700377813,52.985308002430614,13.555297001022677,15.050952701207452,9.789856215674577,33.96824739326403,8.205062028931868,29.119803744825905,7.144436334717847,6.700345457195924,6.357895026364713,5.308139119337233,5.226198458605955,10.661780472595376,5.667491615231072,3.144442649135904,4.687616990202179,-0.837749855640868,4.818936500239243,5.034892646813029,4.470817000591474,4.225173684123243,4.202421926598817,-1
b0255,0.10097484640047703,0.11235573785324077,55.804621891726434,198.4643935733975,52.519195323364,448.7372771078716,355.2664342629482,125.3153137535078,0.0004629643973828328,0.06556586155378485,-417.85311634357777,33.35565832331622,231.3205815071597,27.471096714487032,18.151149479746397,15.877996779289003,-16.82419453873683,17.912333651540727,43.11655536056798,9.702056133889188,30.61652948103829,8.000457798941884,-10.646216468307102,7.271958801137409,-1.3411367818556628,6.525145132657428,8.153384931598033,6.052248849908178,-12.3672735221542,5.979523043542241,-12.614871231822686,5.884150748538543,5.803944506103629,5.332213764583606,-1.2688832572120543,4.2178758349244925,-1
b0256,0.1024514832596872,0.17859423325679843,92.6277798680789,199.47983451547063,49.44801453357473,392.89443137580565,391.9322709163347,135.5112819630353,0.00024267396854493018,0.06393955428286853,-411.18518503313345,37.429536832480196,214.68567074602737,25.015801504642205,24.339801936311044,15.223643519958552,-16.637337578442537,12.86155244964637,33.418893023766806,8.144428456804032,29.673694783746516,7.163051535023136,-4.958287189201065,6.521316065051134,-1.9662698738107935,5.6495015518085365,6.873293389927651,5.651631721625866,-6.784668333106658,5.002205025625395,-8.448147132694091,4.440069664782757,4.012488545546611,5.230205854226242,-1.648036687782913,4.8077731635988465,-1
b0257,0.06428845395443868,0.15536133871850297,384.3632788418099,117.73811836035263,30.820608524624507,275.03907934106326,183.36030876494024,69.49769612987069,9.160466491725027e-05,0.0342769546812749,-502.7010684119799,30.99209300866742,140.12636668318822,26.103369263037987,62.74580030810619,13.9311146972452,28.649223443431634,10.597467614689334,33.071223274458085,7.169599878032545,29.212003059610254,7.490413642685727,11.024520541568792,6.638163234520499,2.5121642215885873,6.297466589200931,5.5361642628427035,5.705812507535312,6.042456200787258,5.104376086938596,2.897404678688405,4.354001397393008,1.2457536650849226,4.242143248714219,-0.04122023841001121,4.18508145816406,1
b0258,0.0135397699681743,0.049019209829030186,766.6526512897013,115.31138586838419,30.02416332252797,361.6769439840492,176.73057768924303,68.7139200147957,0.000178974438841255,0.03547528635458167,-595.6760443920338,45.37954273862048,142.91511753310746,24.30757884809652,69.93249939892283,14.044493767608982,33.689795973550375,13.901947135080395,26.96700546450833,7.40870477298035,15.92157727703677,5.3047370607428475,6.002792278910329,7.117150587322339,9.674387741652783,5.528530203339424,11.676502244273872,4.898574461236331,3.325040387658966,5.03117208739514,-1.1861316400819788,5.043227874665684,2.065320373704127,4.727010861440784,1.7627926002298424,4.392429467860992,-1
b0259,0.05385355419466731,0.13163950309574252,2913.4998928438313,187.2348081935411,73.95520961105404,392.33150135591063,330.8640438247012,151.49894205228043,0.00027238045925928313,0.06253890687250996,-486.747322151832,57.02987301499562,170.8535614522905,44.12453762586587,45.139471318701055,26.31129275931307,5.636724194566177,21.289314478997465,25.402852143182912,14.806009407087204,19.475110249309644,12.6937158853789,-3.471588433789868,12.967522229251994,-2.996158891089718,6.672647855654193,4.500897850720138,6.826895651830525,-1.4018157285363726,7.1632342433321385,-4.304022582724213,6.8147804754386465,0.8058291703386843,5.532487569594348,-1.2213868387094795,5.1770103483565855,-1
b0260,0.06919268234573792,0.13671261630759446,316.14795105503185,165.20592176154332,61.08445399460445,472.69645199131423,304.0961155378486,146.55190114659675,0.0009581286390789844,0.048244521912350596,-457.4693643041371,44.323974482500596,176.41685329775302,30.781011164369346,42.76539554188671,23.33921243185891,7.5264463249065985,17.063135360144877,33.50518338423077,7.549328080503508,23.945314929499006,5.738798246230294,-4.00570236751676,9.882949743294878,-0.1404161873240914,6.232856235422425,11.394552018862035,7.266270145704099,2.105135140426679,6.646504523875288,-4.665387369843938,5.815037954784573,2.7766563641740927,4.642402277303833,3.596742534185186,4.217307882562713,-1
b0261,0.08220479337566523,0.16308278331918064,220.3337802295632,176.2676045278291,54.051417165369735,500.5977789225503,348.91683266932273,149.0972174773558,0.0007407630299095222,0.053800423306772906,-471.1760894611991,34.014557745140245,194.56738108943443,25.83769447537877,30.229308784403177,15.245848934900408,-4.760958504258891,11.863364659657456,37.76884827367662,7.260683625746582,31.581419765502936,6.771111071851073,-1.6335192607934652,6.559597595803696,0.9281338919596667,5.393200342028133,11.135384230147016,4.901638689880531,-0.3725119293354176,4.678702016658112,-4.437996629898202,4.823622268913544,5.452068241224389,4.361896692069007,2.2905473157711804,4.350396194443525,-1
b0262,0.08185329428191465,0.16217674884158345,130.59836962795575,171.19901404843245,45.29463860322144,397.4261937857886,313.5582669322709,110.30634970162178,0.0004057262653244303,0.05597142679282868,-435.21035860126324,28.453604948602038,192.73784171483777,20.058182331400793,44.648742899198744,13.407233141554343,-0.691315583658775,11.761325435203322,23.483443407631253,8.525552184340716,19.377614671036746,6.72366374106565,0.057368705918765486,6.404361227666902,6.7184997843324705,6.06074559167263,11.583900060638305,5.4120279642756985,-4.0848058335385184,5.2188340256442665,-8.956342247089783,4.906112648214738,2.213138111861462,4.885918084514014,1.8493772719571913,5.1040606588460005,1
b0263,0.02435146036963737,0.07042004645695786,1513.4694437732678,143.52427827578865,47.31248032112933,343.18184269380424,251.2761454183267,104.61633173455944,0.00013289269462503616,0.04457949452191235,-610.0044928916252,44.11106000250998,172.91952644407385,33.64279629863396,57.66550304457424,18.227674310379104,10.851471979007583,20.059718147399877,23.621096909361608,9.04397518001577,24.843397201512374,7.539226966783814,6.513469660908136,9.959138078136935,0.42623085909541714,6.130994603287549,4.660986172979012,5.757438322215688,2.684954215084595,6.256083645702389,-0.17051034563417386,6.3154417497023205,1.7238337675754518,4.575811040339705,0.7536423163598828,4.6185269753452305,1
b0264,0.06824133959769037,0.10713661092018938,101.04809751564467,167.9328465477692,36.92495117087527,310.5874812881943,268.9243027888446,102.24049081778367,0.00010222959954607113,0.051341508964143426,-445.3539035994797,29.278381371126372,184.35871250600852,19.354962225726933,29.620737832668652,13.80577344736657,11.069239704048936,14.002272963707185,50.11511029275842,8.220434803887455,22.54902324395888,5.829030316161378,-15.721916556354282,6.026965997476944,1.0164716331236305,5.423153452645684,14.906798025033998,5.178324173888831,-6.086053886741288,4.155144470845768,-11.984535393747395,4.185124382266267,2.215245490929268,4.417544115743328,-2.892783154246877,4.610094624003752,-1
b0265,0.09927786435987598,0.14595446279529653,115.79667333327663,113.5115404195425,33.906898055299514,463.63150798314075,177.07295816733068,80.57037018644832,0.0006250974248684717,0.03503952938247012,-483.07730206762915,51.4118084251204,171.2042645228581,36.4073211469468,73.66581097114698,16.91735410069546,31.180821143915185,17.461708682824558,32.551547105016596,7.271837354653987,23.576261924961393,6.5209391863624235,6.330890082121406,8.931728857221046,4.493052621752042,6.8642496295983655,6.820589927932688,6.457783046769176,0.36071503924406967,5.522494747438222,-2.765362337495776,5.939155603031381,1.257261918359007,5.000406930651732,0.13528008811832698,4.749073195339747,1
b0266,0.03979022720002152,0.11598744209058542,1110.3958785833747,158.50584795364577,63.53508939012302,447.1468982646384,283.64666334661354,140.86806897066884,0.0005693520465598637,0.04983192231075697,-539.6454574273001,48.652443620078785,159.1498435913468,36.12087808207795,57.81073146287425,24.898943754400022,13.618701735432518,20.229023209846893,18.51793724364484,9.824875758243829,17.174373851307553,8.401180237805413,7.349727659639525,10.84414133155513,8.80212152061873,7.256790722142355,9.981297166479116,6.908129113495745,0.6246833427686417,5.390751401706074,-4.408386887951282,5.607867564309412,-0.11511191465443889,5.3756185382143045,0.6965777300869683,4.469477259347621,-1
b0267,0.0728691669753176,0.1452626508869973,212.17474416177697,134.2363065367183,35.8510726807723,467.9816244880852,221.64467131474103,96.52140891455704,0.0005841629193165658,0.0388679656374502,-461.48037788706165,34.392625821429306,162.08515487664394,29.113407007573215,50.503915623598196,13.44929920979837,16.859316004733056,12.100841344144875,36.60864449849309,8.752526432253115,30.297791251686338,7.067122861755233,4.858244793798516,6.879050338093889,2.0067799652285476,6.137733628080473,9.404068556193826,5.174078695832959,3.405410103328228,4.227347259843905,-3.0745549925167763,4.723965007664055,-0.09863463179129017,4.922498409029649,-0.004697493452905986,4.461600926398943,1
b0268,0.039473752125143494,0.0858796170406152,294.2206947360882,145.98144027067866,40.047533114641325,439.8762569154328,254.73107569721117,102.78218198066928,0.00034850520127671983,0.04311659611553785,-489.46450980213865,29.810762147598414,166.13119137509347,23.443483704093406,49.08287117991984,15.80107896399416,16.153032684792237,13.818162198025377,33.143036021425665,7.678686777962981,20.9480371413423,5.310682844532432,-0.331047143646765,6.667469255554718,6.286808119213645,6.510374890986693,12.268715527106437,5.965447040005476,-0.6593469897975562,5.537659997094442,-4.569085809980952,5.103928428236015,4.716259418582333,4.44540626724477,3.0257326380417653,3.8164780730184833,-1
b0269,0.0891092076654654,0.16723973129740788,277.1288726670623,163.00855534190097,48.15161092597501,442.23296668400485,278.8222111553785,129.94057053019426,0.0006171617466958468,0.051691670816733065,-464.2871908552195,43.0140232748835,190.56778938935716,29.404265927281692,43.16305417039127,19.3715280908331,6.361327082843936,13.69376285009934,38.90354327810928,7.857156516782916,30.09166150591687,6.706956533370752,-4.007009062904829,7.177288279931472,-4.978814573639142,6.051236274332679,6.335869831173783,5.021832546211098,-0.8709605557811765,4.884521412113901,-6.312538886356166,4.7110862574686125,-0.4797359252765017,4.656926341672979,-2.719419345607335,4.3232670522259875,-1
b0270,0.047889852156299664,0.0917602837631853,296.5403699443545,137.25629964941314,28.166930224688553,308.92727588310703,209.7858565737052,73.09762075827956,0.00010053431108394125,0.045015251494023904,-526.6368519004182,34.7731908035304,171.09519072272226,23.990966990219206,58.7006044817525,14.749310288966388,22.341066454148095,11.434630066112152,30.731587409492715,7.130397461460525,15.093171745399204,5.468325178885462,-2.489944439519063,7.256407980098251,7.405726553288538,6.065071888461543,11.843013598030286,4.90045020345691,-4.172062073902599,4.842612339117196,-9.512289547281332,4.407854881416522,-0.7758003000536986,4.310421611244014,-2.846857913857683,3.946042520773383,-1
b0271,0.03758657369278411,0.09742621327439972,549.8760648891837,206.0572259413555,47.049753703927294,362.9046948460755,365.47559760956176,105.4758950277919,0.0001199921761518271,0.0667019422310757,-524.1998478428692,50.025904789742434,211.28060180836368,34.77320361791758,31.937675490262475,18.00789474233633,-15.146945604722472,16.992941728252305,25.075618837877617,7.928033760198345,21.493677317471956,7.553894879529053,-11.437357424297126,9.556119786677415,-8.977273920430646,6.380030129916272,4.628317406002441,7.845721895688792,-3.8966019215852414,5.499799713705786,-9.522823929912688,4.8809895000287575,-1.7939950493356085,4.396699270095046,-3.6060686919642078,4.731708204949535,1
b0272,0.07549125302409013,0.14980787444226684,390.56293422197984,189.13073049845642,93.57208656986606,445.8477019256805,311.5276287553648,156.29307225363232,6.723129288519554e-05,0.06835099248927039,-478.45593698138117,60.24579358326019,178.84812508478296,39.83433076340988,38.04634722433726,34.194812163082744,-1.3151456768537066,33.55124181878895,27.95573775228677,16.48476646104541,25.22201317290018,14.36862455507375,-0.6765906137973815,16.51947454213491,-2.2970934690328333,7.2146848763773805,3.312125783206555,6.492961920927967,-5.596112071628455,11.723942321840445,-8.965091296471087,10.978549265960607,-1.12423413152944,6.7155308891096235,-1.2686189567450896,7.731543078594273,-1
b0273,0.0732522058027018,0.1254092747330431,127.91771147483345,213.72541072057015,66.1239784853715,403.0368287816609,400.390625,164.94997895833117,0.00034909277486138644,0.06716008771929824,-440.08173419362606,35.3503628465888,218.74973383708186,22.59538875992988,10.865064597052635,20.32019783599587,-11.526615243384368,17.8151957026276,48.01833357034339,8.178428776715977,21.51874144470005,7.703161234447159,-21.602004660582104,9.260982188995488,1.7015294408816186,5.2229243385698325,17.58648280460981,5.473058609277153,-9.94172594205111,5.800360331703129,-14.970363367250139,4.4076351515120065,5.307854290058508,5.123646216240766,-0.07631962989221582,5.046121889756072,1
b0274,0.0410314684991583,0.1033019173297414,579.3778433104346,98.4699215245893,36.165555440379855,495.09355433770037,149.5891434262948,81.62531148188829,0.0008200379531258812,0.03362331922310757,-563.2060452482885,40.51954288818395,131.42136680789355,30.933954553382662,85.82958096781232,14.578903372402744,48.66658761465987,13.95161906572454,30.672325382747506,10.393266266145108,22.32516032034233,7.06685976603728,14.480612402633962,6.147972041500147,7.672635277173629,6.044164598880171,4.462042820092548,5.113026966836063,3.636313939060209,4.465651029383342,2.5475576965084255,4.297278920198123,0.31108740011299707,4.29392503718857,-2.090816126519261,4.105526675199726,-1
b0275,0.008393042108959336,0.0518871077316285,4979.853405284674,209.05462048715594,70.47152926660841,415.6984076625622,357.8498505976096,139.95892278747812,0.00011709537328303777,0.07173649153386454,-647.8155889974165,64.38270708118479,151.9090991661424,44.10561694225419,35.32611151363861,24.652190202740524,2.7613443065083376,28.55699855287742,25.9555951355684,11.091011672521539,21.5569925095291,7.888009421111107,-1.7119860824503306,12.036786932085478,-3.62024070888195,7.279103595096488,0.41009139407127254,6.339236753060907,-8.007936813697512,7.503663081120565,-9.93312905965103,6.679202294006807,-0.7910216503228868,5.7589130814945255,-0.8844674550814864,5.457999247878615,-1
b0276,0.07446792907493335,0.10516926591453764,67.46324966434675,272.4901071409078,58.349890830826375,490.0304720522342,565.9549302788845,112.55462101408199,0.0008907526383652491,0.09732943227091634,-423.87370739901337,33.73524134096699,241.09371029280558,23.134135755543603,-11.959207347935562,12.793255745973989,-33.39826246821142,15.321222871819073,50.76931601671592,10.316039456483805,29.572406227975467,8.00677789697115,-21.217156679412398,7.800252629282369,-0.07498920997984936,5.900617938904144,15.297098056782344,5.345117554667272,-12.518141394900594,6.611843498869615,-13.752342066172696,6.184004248857449,6.996692311226863,4.877888630436132,-3.175883707168165,5.2296681693414255,-1
b0277,0.014478717610855549,0.04744563403492042,581.6726128742971,183.95227944922098,39.62654574770141,427.95443642869225,345.83540836653384,129.5764089594332,0.00036590705811387277,0.053777079183266935,-558.359251589983,31.701400260183718,174.14849564086566,23.885422447069065,24.060263122856597,13.400501530634106,1.7312216812112409,11.070291128824378,46.27045308300658,6.766170232293664,32.7860809224826,7.376338967410691,-7.189785210403346,8.865641846236347,-5.179420028243244,5.299668882219421,7.397129188443045,5.110003389710954,-2.9556090680230924,5.900565257185843,-7.093029047033456,5.688195757536674,2.5291058205251327,5.746226474954238,-0.680223796415344,4.7794330169047905,-1
b0278,0.07891813675717435,0.12350844170641358,235.66091272944522,130.89819364803847,59.347842130455234,405.93428524656946,229.23929282868525,155.25747222692289,0.0002512601365027248,0.037023779880478086,-484.76497973131774,56.535767862183505,168.24465720968905,33.88217861664028,51.62785176524175,28.677989047717062,17.257384332308547,24.43648215927353,37.77435537052995,10.31371384058385,30.969305716329625,8.833194509088228,6.031287912351995,12.498865656529516,4.904438454801156,6.715123703727513,12.41963791868809,6.485720293398196,5.380156024943068,6.567738796393315,-0.8420646264350118,6.312108123868062,3.3357265808027394,4.844100653220661,3.976693656500169,5.096753065326445,1
b0279,0.050095496920532626,0.13755514075701306,597.7755020567064,121.64282241619375,41.992046305298594,468.4214129463088,195.77938247011951,105.57400954308366,0.0005635796483746152,0.0348683391434263,-525.2689715116264,38.736513909743174,133.36422812549355,28.68585626301332,61.489745812218345,15.348817798438947,28.183914307392563,13.277296411575335,31.778908674938506,8.362221752588768,29.800972073416876,8.156518251306483,13.419258223078867,7.3896593028113715,3.6604897058356105,5.878529319616321,5.414952522287951,5.970019101699079,6.9606921583472765,5.596840192627234,4.44929810023995,5.093171746292155,1.354445616136754,4.457956225429876,-1.2587815102465016,4.272360324667013,1
b0280,0.032178481883784506,0.08107030059400745,1655.966206143571,122.82368146361209,62.78831939868527,492.732320655032,195.46812749003985,133.16348009254733,0.0012496549011833133,0.04315550298804781,-567.965537910542,57.549217832253944,127.93493532833621,44.935381176765375,75.52345638008804,27.67496152959506,45.7030607406204,23.823897460448954,34.11951623969583,10.146102644727355,18.92893563609975,7.858494206799048,4.539295676070423,11.258499292630491,1.9579604774950812,6.674253079159785,3.3021511805442683,7.1085637061969384,0.24903948366488127,7.249807823070778,-2.185415044886817,7.035919938725396,-1.0291294730361618,5.530648457175484,-0.860972619189745,5.118027684203593,1
b0281,0.2021256482854031,0.16281605981381753,18.074217283296186,179.7561928229632,39.30132634186328,484.8822077773259,318.5694721115538,116.1563468768115,0.0008465382562116617,0.05225192978087649,-407.7339219806304,30.62041942860643,236.93310528066948,21.68396033180543,8.878800260180835,9.125386386431641,-11.783907481898716,10.400274896760987,62.55740117813071,8.970253841818897,38.88042309968555,7.386812423247011,-16.093579958685314,6.652339515293033,-3.0243057686314296,5.209997150342634,14.207396950137761,4.951756232276608,-5.677937871766283,4.617572649018144,-8.761299505590715,4.3539173678198955,4.446113385764739,4.382002127406297,-6.174946943539371,4.698366759148165,-1
b0282,0.03147482693787755,0.08253042725715755,316.3857204675108,229.1928023780702,51.32695357761375,468.16508464004556,463.83217131474106,126.0331257822275,0.0009194946442940824,0.0768566359561753,-487.4084508864497,38.05858525762993,207.33929641185287,25.200048512164592,12.995047443891334,14.043794921911617,-16.796041846660263,13.706785724472233,39.49938121147107,8.342874227940372,26.56571111786069,7.055133795614438,-13.03472144822255,7.785362324167598,-2.528811987446973,6.847374490166893,10.711807209728258,5.256245869665787,-6.678939892390746,5.6718851159614765,-10.342188092986477,4.991458005840443,3.4320510341209385,4.608945546953384,-1.3863580884814224,5.053452155202637,-1
b0283,0.00911786306047372,0.053638198585806554,4154.483266663675,175.13306048780137,51.33860476567117,355.6246062678905,341.16658366533864,145.86834383980883,0.0002504582226177373,0.05660171812749004,-622.707313063049,45.65726272175594,137.31530063048382,31.470503574239423,45.39656123155967,18.66989167286379,11.821246564760907,16.197276174617723,25.67775197102964,9.20083407026707,26.442168631379293,8.448142401565379,9.095568423784309,9.151022641047318,1.3122384254117885,6.1164319601229415,2.019838017114644,5.9015458233919,-0.7224671816005138,5.175683519162118,-1.5598086266300368,5.214863706068493,1.6185443506579136,4.564983800747872,-0.0021791416237159048,5.227640689784136,-1
b0284,0.09260237391708491,0.13908018397788677,85.1267121691821,197.97022249084176,59.7256902990241,428.7169690917817,354.7061752988048,145.32120029161732,0.0003160714414891973,0.05766776643426295,-450.56568313850784,46.95008266601653,225.423192334617,31.60176817914097,20.771740128712064,25.008196171316992,-6.599310063347283,19.379982764357518,43.861975241511914,7.818976689111686,15.569456438491164,7.539868427109859,-21.887275376534173,11.157590715975205,3.96810296712635,5.404812988354772,16.974253953510214,4.933284081453996,-11.123667211258423,6.169394602049033,-13.410969064947261,4.81583249512389,6.379713039594533,5.006250407656701,-2.1432003395739736,3.899378482947164,1
b0285,0.038289759057548826,0.08547762923800412,305.8355255207214,209.33921940964657,61.15039366536302,505.16051798648954,377.77016932270914,149.08680121830434,0.0009536007645988265,0.06290463147410359,-518.4942373636715,43.63579073869961,211.13684240828874,29.580926251208147,24.64284856783707,22.960726396747603,-8.731427973947264,18.51821378918685,37.020188364919306,8.274399993380088,18.81936922759132,6.056773465504021,-18.08290633233775,8.898095923170475,-2.2720341702938214,4.963270708003008,13.528312239909873,5.485733507670041,-5.9068138615336965,5.7089784425918735,-12.434055395451727,5.215703179028428,2.4157178173552825,5.010329567291979,0.020375021248168774,4.349110306234245,-1
b0286,0.07770051861941879,0.11964366885592599,140.3355361744355,106.81300587192426,22.232156679539678,231.25153592295268,170.2253486055777,48.86078654866672,4.286594195759911e-05,0.0368136827689243,-524.267809821165,32.29801572801139,172.30476519134803,25.12309884767673,85.12399397663147,18.40560697510909,38.817313582112746,15.102817110950179,30.699784924092974,5.871926866829889,19.82301120099881,5.413081055634217,4.970384027950572,6.556740230308751,3.440880377224388,5.210309727972718,6.447258352872235,4.937861671779903,1.4062002517688146,4.492893069360459,-3.232151499426888,4.815924769970202,-0.8316676068165817,4.685846953754314,0.7080769817640985,4.21665673430922,-1
b0287,0.08044474575556014,0.13411408770705696,89.96194586641612,214.7221877116056,51.788999563214304,395.870436237646,390.9051294820717,122.18119880567468,0.00037430482850495307,0.0736273655378486,-481.7566950359486,43.17513131487249,242.71266497820423,29.91492465108685,15.054597135417636,17.218082373901087,-22.40736925678543,16.193046968460852,38.68333991828088,10.821421143756274,22.692708604280224,10.439943786939919,-17.807351252268845,11.488620204089415,-1.7834582053035373,6.516272001496519,9.596203671024034,7.832897525385098,-14.265559790221403,6.346583465562211,-14.92698331458236,5.5676286588408335,4.967900450372544,5.7614268233182875,-2.533472248733202,5.762872865961984,-1
b0288,0.09531714270400823,0.1395463231977399,95.35851033406611,112.85475675318993,31.946737798612432,421.37749429925134,176.63720119521912,84.78196008372187,0.00038293506240174625,0.03160016185258964,-489.63545499354626,41.777032915146506,179.8146589770422,27.90577632333938,54.87051015794205,15.663328994918215,17.1645449424742,11.54123542067634,38.2351015472883,8.378743695729012,31.73826349105579,6.235812122856906,7.221415384630599,7.244902470614471,6.779793006527088,5.959871660753799,13.168378574644013,5.392285710054063,4.620940607071028,5.657620403622525,-0.6351927988940435,4.860272463841649,4.2454468891653985,4.197990867803233,2.153047955189306,4.0273089284282495,-1
b0289,0.08762832346585415,0.14344559412039573,175.8545382091375,134.26407527512015,47.369028676324795,511.1160384883986,236.27365537848607,121.79797526721448,0.0012235699765098405,0.03789529382470119,-461.67222535052446,27.973735420357166,178.83817245649013,22.693954519615623,47.14303981365351,15.238660394632793,9.212882432881077,11.414500560469268,34.691415474595814,9.631458818766642,30.711688292438968,7.213921606664452,6.338401767342818,7.424047601776208,5.920622682724744,6.726938900331915,11.910682563465562,6.265393673493518,2.9242236040289096,4.939482365627558,-1.0617803703312443,4.523019040713698,5.468155452731396,4.737443994139765,2.8845671227672045,4.669665079611879,-1
b0290,0.05694414225217372,0.1136065229526447,288.4778679800844,121.7646077906737,53.25575069259485,354.22810180030064,191.1105577689243,114.96628144638414,0.00010006547120639241,0.037358378984063745,-499.09056825728567,46.13912486927098,148.3264623321027,31.761075880803624,56.265117128541306,21.596882336861388,28.179638063562415,21.047012195117805,39.492063873738154,7.849051315169558,27.503423580812335,8.37901984309662,5.502419807510516,11.699637136648217,6.135829550363832,6.8049354252020375,11.59253106144621,5.846993114336939,3.4219536449971044,6.317929096216236,-1.7002773944830964,5.651232647313889,2.988859246535708,4.96073722633343,2.433699557579797,4.349050755737206,-1
b0291,0.05040542469146859,0.1365110739277425,813.6426622406482,147.54701680577517,42.05343711816522,320.28906872651436,249.6234939759036,95.38738818912664,2.4629286607389613e-05,0.04828689759036144,-550.3031791807225,47.339217697334746,181.61169811162134,39.56041242290462,55.56886373957982,21.568088443686932,12.507122086639015,17.05634677076605,31.3301198112605,10.59569876810713,27.80117308636339,8.54467965680684,2.772715993688285,9.80141684417448,-2.605958856482074,5.5734387522445115,3.167609559868279,6.5937068990512016,-0.4723375366809095,6.906042252375635,-2.920645794929095,5.8670598189959895,1.174360628974807,5.8553697079938996,-0.7657208340774829,4.709854796794484,-1
b0292,0.0749416536919536,0.156869356310249,320.8390092460069,158.14793254090512,38.73029066375906,296.4800229534774,295.0025826446281,110.60418729507447,7.380292672971611e-05,0.04452640754132232,-439.7141228147169,31.480723616273348,149.65059795641437,26.675160117601195,38.42571266787462,12.464045821565557,11.603571381142482,11.810033213928177,37.14742379444359,8.123930362682513,30.038741857253644,6.179997349580359,3.1886238534136973,7.663510927321358,1.158980892594545,5.605189049709988,8.101024627503518,5.004931222649309,1.9672891673713222,5.679291434827714,-1.1792985734961248,5.742876689246604,3.8601921790006473,4.432829904122046,0.8912073692582365,4.31338053964779,1
b0293,0.007678997133687364,0.05370797763227932,10973.101850931176,180.87363509036257,58.03459609462766,417.62082159609884,319.87674302788844,134.086398410205,0.00014426454705143194,0.053434698705179286,-612.0264658084155,70.49494719838282,111.20984882764358,45.70767121048961,45.690814028214035,24.150422262847776,19.31837825713396,24.1341189714073,24.04658671338417,9.538675020755438,20.246766822206244,7.8141815880365995,6.106951594378808,10.585405883825425,-0.7888677987485926,6.237897827329738,-2.062398242567995,6.105641563374012,-4.286882861088482,6.609683231363388,-3.8940821367245966,6.861836092618717,-1.3851501556431745,4.503781157921215,-2.2570089232330357,4.481939798046018,-1
b0294,0.09532947504740565,0.15904654591277942,147.14108499584447,157.85569438120157,65.5079965626083,496.0621372135338,286.35458167330677,168.507944259492,0.001006812837654531,0.04710065986055777,-463.8965729931957,48.85788132744163,188.3625964499401,34.68526700074296,36.112627145471876,22.232443184018326,3.2411127571532083,17.622476655103544,39.651640303558935,10.890349919594746,30.633487703489866,10.05163141877028,-0.004365160777647891,11.521912509081991,4.058079399317021,6.430299245843442,12.810407517693129,7.088023090596349,0.7168847357054344,7.4352838257922285,-2.4442690969906815,6.867515046058714,6.7928217905729,6.160952269686395,1.5923451953113437,6.476825083299146,-1
b0295,0.046755926729767326,0.11092007588874615,425.32338750397093,124.05768370871797,46.200345226812885,496.13144446702836,204.15214143426294,108.36617376081286,0.0009830992129801455,0.0375996015936255,-520.8838539523632,36.8007783294603,150.67074835898407,26.206124579601443,64.9989239942018,18.960319015520817,27.241042238210397,14.590343084199345,30.618194197891004,8.630867755374236,25.86727123998872,7.609703994596905,9.561429627748648,8.35044751893581,3.5502399480138194,5.967780723778913,4.3818081289230015,6.567330583182724,1.4870729964857372,5.0496403910227725,0.445329781481964,4.172052450325506,2.9583150020030233,4.4703186425803985,1.0982563997197037,4.573778613153871,1
b0296,0.07063991207895226,0.1348887273894424,128.27917387026756,164.25390759505493,42.34395325493443,497.77515439565843,284.58042828685257,96.99494272452714,0.0009036666749331348,0.04997976842629482,-470.5600683921113,34.032413672643365,206.93110661790448,26.0420864984577,38.60007064017379,11.468000958494084,-2.2754009149394108,10.630936991023473,33.918323491995466,8.54519525524189,25.48570832620029,7.978594596026808,-4.492585784675017,6.7086172479354005,1.6101291145914494,5.316240029027637,10.440487126023223,5.182688716594597,-4.186718167450949,5.3622467708847,-7.712312182944728,5.662363010226344,4.334257058536923,5.481563899247696,0.7072442157706115,4.663176664008941,-1
b0297,0.10774498177930032,0.13248075917345037,64.2473080830951,115.94664653937268,33.39052864478842,479.99478910923654,178.59810756972112,82.65048823107485,0.0006926914108531315,0.035241845119521914,-475.04912644751334,34.04784296038795,191.55061871111326,26.53531785191385,56.03670620114082,10.947357509010976,15.310496560219388,10.170650834330235,38.07178219312092,7.6697287452006915,31.14686934774476,6.1834545411288575,5.204622750622826,6.873643052462442,4.737694405219044,5.928957223569544,10.727109406630913,5.269019138633729,1.584862155007317,4.8561311137853975,-2.4539324395997912,4.970723745272797,3.6676154511244596,4.448558597970245,0.9915467774877684,4.577879458301051,-1
b0298,0.0772578337465865,0.14638566171615974,217.15776144019196,162.3604941669549,44.8537378813826,436.7515359874084,290.08964143426294,121.57264912372796,0.0004430907326842691,0.049800796812749,-497.4604201270036,43.5336306110436,208.27273341621415,31.210228973354425,36.91352522385677,17.24075225677388,-1.159416112759422,12.512088784856877,39.0061157632732,11.707199716564531,28.771573769340108,8.151811532584933,-5.996608221744914,8.421935863824729,-1.7393911326537097,7.653884704877348,9.207941280923274,6.958904681560532,-2.4980431552777023,6.558368214582884,-5.454294449146841,5.842021559713031,4.862284409363912,5.645433104501243,0.49572122397098783,4.8932753709750925,-1
b0299,0.07507599086473053,0.10779107670930756,88.97913537831373,140.92673775172526,46.91083218040827,382.4085248671354,234.65512948207171,108.43124656679939,0.00022768913387554162,0.051193662848605576,-487.4569984307851,46.90300345034143,191.14874884467852,29.69735070082967,56.34813188364971,20.447916288673873,12.140660768988262,20.937816017015173,32.32059950088347,9.524348206478962,27.192501654806374,6.54574786374229,2.9187669730861923,8.958724305480652,0.8562984858130258,7.680161237782126,5.809605463883248,8.740598693401646,-1.0693049553810638,7.584477269144661,-1.8911519661917922,9.308766907530364,6.279684939827479,12.568913334890542,3.9138170255216145,10.533013303974396,1
b0300,0.016523242922530462,0.04817404990243167,664.159232799784,104.27529129877762,20.772016385196796,264.5828679171996,146.04083665338646,42.435253375361,5.599316135846487e-05,0.032954121015936255,-648.7912949904704,45.05121040474701,148.26464990554183,24.280825016688834,65.01088664507267,14.201705733639777,31.297699714202388,11.140812508411976,36.524232388792775,7.175059488361571,30.23473061020375,6.803490370495506,12.659049646924203,6.016710889050363,8.609872459253621,4.972048784623725,10.674823277805706,5.1176284164759185,3.890241903512401,4.930415431843688,-2.280914501975766,4.73035416028815,0.21752527789325968,4.431656308911553,1.3608137995420786,4.219403717293259,-1
b0301,0.06847570889255228,0.1305803677252788,84.90565087787164,161.1620775379904,40.561226622717015,494.34930207061814,274.433515936255,102.98068458924648,0.000913487358087175,0.05043886952191235,-438.7369367497865,30.500619849483,191.43550625930516,23.403680116202096,49.428803099782826,15.529558530975333,5.864219418521415,12.755490897064563,31.04315000411241,6.466716270381611,25.905009893830325,6.763958105136192,-2.3648025251365974,6.58096672773295,-4.879892501844975,5.715935788010153,3.167189088494864,5.708695657551383,-3.15915131812396,4.818000481251993,-6.35842800311155,4.591575794394654,1.1725244141485507,4.078164732776499,0.6011172998745741,4.147180815066557,-1
b0302,0.08142069472488911,0.12900344359794547,111.9427909986687,110.48105143728354,33.80901262940201,497.34531822348106,162.25722111553785,81.81731317290114,0.0005702062972349003,0.031693538346613544,-502.6297703051725,33.69060024457772,165.11638013424604,27.212096631783048,56.73384568949696,13.675554798974174,22.276937270663904,11.32360346794054,38.62559383943767,7.20586271063921,31.84202651651339,6.970178929310817,9.105995104497014,5.985905382752787,7.630702020591673,4.935194857770423,13.41371655865443,4.582044709126084,5.765238173342128,4.700504349286036,-0.3265045068193956,4.936337124338999,3.363726853960087,4.700794091036387,2.2771513760168998,4.337075554090976,-1
b0303,0.055241429386222195,0.10852088021481696,341.56435794695824,109.22881763638408,29.467495557702957,404.92478690369734,175.4855577689243,81.61763199015839,0.00022345842861138147,0.03352216135458167,-527.2650745634598,36.18112444541068,154.72806165637056,25.804536857726212,77.8223550478627,16.28944550068921,31.92833331611752,11.342656581351534,22.249746955994244,6.637288577621587,18.4672541140997,6.654711468543399,12.63009828918808,6.605002863336646,11.692998517429697,5.275832915885503,10.521367392300933,5.090557500772885,4.462881256911833,4.5760554330734875,0.636142143024855,4.713701223166864,1.530900549373293,4.493505823095845,0.9882341683647552,4.177137893125192,-1
b0304,0.08427046950530229,0.11865329082401027,68.82158804877605,137.1851768962755,37.848155516684976,380.8198511718321,227.58964143426294,102.98628193334827,0.0002714293771412645,0.03884462151394422,-460.76912344288957,36.978747368228184,187.50074136889896,27.52868860925996,46.34706626103255,17.74028795317244,10.063346773137333,15.01881473764962,38.67156918855223,10.475419289778129,29.83238182439433,7.603681207367537,0.5356888886191236,7.333067160939109,2.1344253452551576,5.449619008207307,10.911404299384598,5.711248681597768,0.8318430036840436,4.733027498958686,-4.292434570281825,5.017547078171841,3.1146743092224805,4.852353125623915,1.2518082122917145,4.536391640954084,-1
b0305,0.0597266226073538,0.11501219275719021,165.83451633160507,152.64690708428097,41.69593794383582,442.4511500482671,257.8125,98.40197099609507,0.0006489843400380096,0.042213956673306775,-468.44628489743786,43.9126427241469,185.43296066829666,32.957771748606866,41.666589727733566,11.936225793287669,6.418123037967537,14.938137528297997,37.610837806326074,8.820137208458114,28.392710259376827,7.819248089987434,-3.689530756541984,8.089464288083525,-3.5196395862180916,5.9939906716587075,7.74938882742355,4.884037620004753,2.8109958024932182,4.696632460311434,0.13462742252348564,4.472863946704925,4.40185280739705,4.24802672818553,-0.5371875427995616,4.522281239336863,-1
b0306,0.11308892003900843,0.1389182980631909,43.13052577892333,189.52277509472003,45.453699653859005,330.5887974024729,360.1531374501992,108.86525482636046,0.00010633316883014675,0.05552788844621514,-432.99479398862655,28.87894782566682,237.90492646029875,22.499222288115842,17.648788776091404,16.4197147604411,-13.943571050402678,14.23759839285561,43.892143664816246,6.934529143291323,21.412725379182703,5.4331119803475865,-18.166791392462272,7.274017881857409,5.156852564990454,4.608109377938695,20.062220667916005,5.208202429019614,-6.311885718973832,6.388038123939589,-9.740883929068819,5.252483375812966,9.864440002074321,4.365600013581432,3.0397299549670374,4.74282073202172,-1
b0307,0.005974385977654959,0.04666193816513246,2594.006406792264,232.70248577744562,51.99194758252986,387.89824934631,508.15488047808765,138.67874035062013,0.00010636068527808149,0.07912101593625498,-599.6921756163847,38.344440806598094,162.8619195747842,22.433843612693313,14.273971559262902,13.947209243852845,-5.441994443982825,11.105454852145652,41.48140446951914,7.511897925953809,30.039376338956433,6.802226225838182,-7.376615815284168,7.235946595436838,-4.459718970541634,5.3924311795749595,6.279486293129693,4.96944066225407,-4.752270677867066,4.938448936950577,-6.170275963058442,4.85006274487522,5.845944300274968,4.716127507745559,2.1812756054339753,4.810629390466864,1
b0308,0.05346410477665045,0.12929803308095075,572.0095713651566,88.90255282433974,32.08201564792338,463.29593492306594,130.10458167330677,76.84275908748718,0.0006385015077695248,0.03216820219123506,-557.2365556156202,30.217086223069906,108.89091328444329,25.773724457239545,85.08845096583659,16.379886405655842,61.18716640347478,10.63960282105716,42.06005833899359,6.682327139615775,27.210624233097587,5.701095541275116,15.81864900937165,4.606613674469645,8.234843518117783,4.511656374181255,4.041819602278982,3.8648042058122374,1.9134432374490575,3.491217685140552,0.7878821952898846,3.3786102136130487,0.12158368036002214,3.214549807234285,-0.5074634306151952,2.9309230645269952,-1
b0309,0.04086053208549734,0.08520316063460918,675.520887016726,204.3170141250472,66.60804244794242,458.14863938301795,343.87450199203187,116.74565634489103,0.00015942708547820868,0.07551045816733068,-557.129952628287,59.399776007084434,218.27493223454925,35.545000117176635,37.27964602002867,29.554069551651533,-3.1178314812356036,26.337926068011434,26.64404391432476,10.335090035962843,3.898789224054751,9.700507748403217,-20.956971068466157,12.539709325403411,3.228225854695143,6.983317257483909,13.380729705368534,5.397236840579459,-9.568114766408753,6.689776515511,-9.238638051671284,5.573704452688666,8.213957998157078,5.516201414135015,-0.510910784188131,5.2892243011075095,-1
b0310,0.0422659551165664,0.09651943774493385,499.7752103980778,116.21834441156882,41.19032542506957,480.3598660506618,182.73779880478088,100.50197261205723,0.0009480242109575754,0.03268955428286852,-528.2702056837678,40.99852585240972,155.32002741782594,31.973560656528978,62.8108555134825,17.095426392319347,24.002592491125217,12.991396160543296,31.55934511798516,8.34679051149526,29.654134566162565,7.062338087222735,13.185759685142152,6.805097718055544,7.247939973245839,5.891363154018029,8.347591420305607,5.5555102669416385,3.081875807041066,5.0025478453484595,-1.2946393392513644,4.787299968155589,1.3158885830766074,5.302051931587444,1.9698012316764977,5.004996621500284,-1
b0311,0.013759615736825681,0.06229034181820419,4292.915957634415,102.79785647557273,27.84019421803251,284.21729384991664,161.75921314741035,59.78400405284864,3.8678993597371586e-05,0.032300485557768925,-610.8514164074828,35.61728510571139,94.8431554432283,34.48857317181781,69.85988786555978,14.222418423263568,45.42274312883741,14.212645379926913,28.680402079579267,13.035445527630987,18.940022478600255,9.469486714597478,13.849540369056701,6.933369109889483,10.872223395407934,5.42953161842665,7.498688582337499,4.750831809766938,3.6027787789852828,4.181841468670606,0.9861503214897658,3.946203179556734,0.14650999747120413,3.5315854289505917,0.0021093267158343192,3.419162060354846,-1
b0312,0.0947080296793178,0.18674701710529645,246.99374454963558,115.40313054895582,36.70041739501807,444.0085962433069,173.36902390438246,91.7771819931567,0.0004831740381406324,0.03721831424302789,-502.1811736594429,37.035461417726594,155.35092879639205,30.167919693652816,64.50838943956909,18.12288398860639,35.71169136110693,12.164006324689417,43.555481671762,7.632055831579389,26.605939722289232,6.256881206992936,0.9134893637671215,6.147849775520488,1.5794211926302602,5.39885029956376,9.808888064905746,4.8314828452168195,3.6343540522631943,4.859414819534418,-1.6174372800910743,4.82890453537265,2.298174293626077,4.514791520200007,1.530666091652565,4.682576831141165,-1
b0313,0.04323813946779603,0.08519245343575747,176.83393005884633,175.05211711101373,47.44821872940692,505.08973770240584,333.44746015936255,112.95207789278255,0.0007853814131666485,0.0493183515936255,-518.1644178899752,39.29507206083035,217.99827231820743,26.721439322851797,32.69407413203087,15.435676946536098,-9.696290897480708,12.856507898557773,31.690731915811423,6.255209818694658,22.88746914594582,7.45078239132359,-6.429386635855281,9.97438954884638,4.04929084809099,5.586822339094601,13.399373873257266,5.330783704121796,-3.445076599653479,4.825093390091267,-5.6246893395242665,4.732573966853702,8.387260049243258,4.84695907415353,3.849634164685678,4.49267051511119,-1
b0314,0.05678045757330116,0.0929241477751737,129.5954182494304,120.723664612437,44.42436040753497,493.87935212347776,193.07146414342628,108.64259553721301,0.0011430751968873132,0.03482943227091633,-498.4871391847455,48.7601141875052,175.23138698944373,27.73355938703871,59.86577587837068,18.09039523291392,15.727380541409802,15.976910124011273,28.695886338477795,9.031564240327473,28.224456727900073,7.305522796124953,12.42303568936239,7.982405736962737,9.64536724428583,5.152725709894987,10.020322187013816,6.0242683548410305,1.4162677318674177,5.152996966176746,-1.6143371634132468,4.970915626654327,3.701218510539262,4.699152581148958,2.3031281780682553,4.431932873457834,-1
b0315,0.05896740076582797,0.11810763970387604,252.37817024529184,124.36069604823538,38.3363220373474,419.29166493334037,190.67480079681275,102.08972606261611,0.0003786621472577642,0.03581766683266932,-555.4706641836001,43.63975543844123,183.37101339846143,37.02748480527859,50.36145799498444,14.558062755852262,18.645329318315714,17.406718003524784,45.03828918211532,12.015068186719326,31.334111425543203,8.177963568524731,0.9544493450986502,7.242243577382186,4.058542112192787,6.223694415519512,11.608537065748218,5.529716708077917,-1.2157923238047907,5.128895853987076,-5.63886899023909,5.511321103424441,4.2980856388551665,5.165675991792155,2.0145901475313615,4.256822105690942,-1
b0316,0.052115776646931775,0.10129650717576492,170.87816410145783,103.44313412208867,31.025089535626655,437.4278613842789,157.9307768924303,74.18537673295178,0.0005958253456243608,0.036720306274900395,-535.9634488837855,35.78298595658124,141.71098676229013,24.854404285681124,95.72195842989325,15.022739597521316,54.77641104683728,9.915054831205504,29.679544906440665,6.895193113553234,15.56437164748453,5.519985832564345,7.528209279315841,4.742821586093776,4.307523101991359,4.26862556096469,2.988343519604576,4.116670134731627,0.5269840798139387,4.780942848575394,-2.2168162193052856,5.204425354934599,-3.0199338863229706,4.307336554534214,-2.3049427618271237,3.6395292139341957,-1
b0317,0.07656032175165627,0.14391404846047476,116.04160574555695,171.1024525478871,32.65989885000028,304.5594752555087,286.16782868525894,94.47416742224316,0.00011025882533454085,0.05222858565737052,-449.1170440958717,36.260135327993304,205.48367461610218,27.7829680887624,29.617916495115246,13.496576453556491,1.6810922463850477,10.767397613315284,46.573352744088524,7.59849044977614,26.097190152509548,7.583593350262575,-13.128006883035507,7.226803526917026,-0.7902127204074584,5.702772056697424,12.54168522288326,5.751350683523204,-5.914161316352875,6.46810801272231,-11.129939108501105,5.579748661068811,1.4733076423239841,4.681732932887491,-3.67447074019605,4.271393979746541,-1
b0318,0.08983225507966563,0.14376996816914744,89.02874307582655,171.08180947318817,42.1706876956388,425.24573679945127,315.425796812749,108.95265284569298,0.00031894191502920615,0.05425174302788845,-448.17467648323236,28.886729874997805,205.55148049420185,23.88938401673614,43.11373640044202,13.053246933955682,-6.489288019498124,13.667526871970656,23.9758176699958,10.842502574758404,24.273345118136334,8.184058038327935,2.012917641906593,6.5783615499850985,4.5999117988047535,5.611287531635879,9.608286976243491,5.263302038000523,-3.9546550796919666,4.4093046969517395,-8.15509513457184,4.702606857730038,2.646163652263231,5.159253193918546,1.965034285662774,4.672787302253317,1
b0319,0.07866515363794227,0.1583971177794687,148.28131279155068,173.5361203762947,46.7555827983085,507.28908555719823,325.47933266932273,116.19895044144381,0.0012110199451374685,0.05487425298804781,-455.85897513178946,37.21906359609142,198.68588602326125,27.530782315048448,45.12857349605122,13.406227687268553,-4.082028587391987,11.016362003450082,21.937934944343446,8.011008332261634,21.364552904069797,8.669351545183753,0.9274586099327993,10.197227819701332,4.296487407441882,7.297735697149261,9.805266887594987,5.878885011756222,-3.348610658075698,5.912192978840562,-8.8395077658421,5.359200185779297,1.076741360100392,5.280919474686013,2.7698678113953394,4.864066386045775,1
b0320,0.14311295927089432,0.1785242191469299,45.94724840479638,123.7007285647622,44.647903937122464,336.35414046508566,208.82096613545818,106.3833642295573,0.0002605002936208462,0.03596551294820717,-448.6875160216902,43.60956942147949,196.4277661851859,22.727992528131104,56.808298826485164,20.131983378605383,16.062569260479588,17.995465140641087,33.845030731050194,8.171257099648107,19.634724649797104,7.251102275593773,-1.411760198330632,7.708981847391677,10.849736994362656,5.3142186486078895,19.02627815441275,6.028744858950092,2.6192221285073845,4.981653486158802,-3.0646680603534437,4.366190676769721,6.944710340303221,4.775545963192788,4.016557009560531,4.169030810452006,-1
b0321,0.05971357276905721,0.11811175484879642,218.90823293255852,130.636061322591,30.885725160267672,242.07115035917423,214.4546812749004,68.20791949525015,2.802863871830127e-05,0.04036198954183267,-516.5884512365324,31.153761933334955,186.25389486985378,23.256089333865663,60.09268316638073,18.968859674088066,20.766516219804224,14.379505118233109,34.88550961864321,6.804158342218059,20.348097622589368,5.920368238705023,-2.571703323466853,8.250678693128215,4.4501988422175,5.867361948237385,11.575832567339434,6.082878393156241,-1.4327105475249995,5.341800187406163,-6.333076436728283,5.091852784838096,2.554379832459856,6.179835349337348,1.5776319766206375,5.285616233212126,-1
b0322,0.13790941172431195,0.1767698395045306,53.13606285456947,131.0503071468875,47.12976244168509,482.9569179242086,218.28311752988049,119.00473428539632,0.0007204059851611664,0.03664249252988048,-447.58117323931805,41.59887147070128,196.6981772003353,27.625553660045732,46.36068077066323,15.362359442051403,9.436865622576464,17.144227838222413,41.8415756443582,10.003829439338942,32.8931662771108,7.444157767981367,1.579322833076217,8.29688252127265,2.4739219209688112,6.218858252028131,10.266487597496603,6.652853968181831,-0.31220573282468245,6.633011335960914,-3.331812164462428,5.1973200513406805,5.626519388548158,5.389072736048832,2.2940395324507383,5.520550397873072,-1
b0323,0.056229510752071825,0.12037392239217105,364.45895795756775,97.72329230972434,25.44923900331273,333.0442711967668,149.96264940239044,59.128091985158534,0.00013516237836176526,0.032152639442231075,-534.9696764007113,31.403482681243204,138.03094892478208,28.799096292111365,84.68852831798444,14.620334079530556,45.589357911077556,15.838136009936177,31.08456562851981,10.4119600266754,24.857966353255456,8.622356552116457,15.210317081645364,7.392242903062084,6.497571932233663,6.371117553435528,3.919312978446206,5.0288056375657595,4.373846138321781,4.650058302516048,3.4105275076998254,4.641114713922587,1.0848043308639763,4.460083224064342,-0.8125998201704164,3.864769230041425,-1
b0324,0.06934802405065915,0.13369070510706088,140.92960918186103,225.57358843923632,63.9808961107466,436.40188565124004,432.76892430278883,154.6874309825215,0.0002890386649352203,0.06534798306772908,-464.22113751232325,38.92947144052873,228.37674256895986,28.296999083800213,9.200330487558423,23.08616286714629,-18.885019252880276,17.702014236824393,44.07129535264216,9.27846898447257,21.681155437200502,6.573829505670271,-23.00525471083544,11.172156671614694,-1.6364147648445109,5.680141566516519,17.57628492546869,5.596280481731511,-6.223635325565642,6.2900187807439885,-12.50105784369593,5.509867794428508,5.218448549129173,4.9174970085828935,0.003125049496913188,4.408337014436016,-1
b0325,0.1332686170189317,0.15185015512807126,43.436464406197196,203.0399746656667,55.53478892498767,520.1553356800741,370.14442231075697,128.621366871726,0.0009843120778450383,0.05807239790836653,-406.0334114450513,39.652352818048044,225.92559679425838,25.116379223763214,17.677942113790937,20.78257234618373,-10.303939538794943,15.661783629333222,41.65642495353561,8.373012221702767,14.253149412976232,6.411465859433796,-22.93574382869439,9.57868686562496,3.587040660179084,5.786652824721166,17.570029118411053,5.419656563782662,-9.78855299718142,6.822649004619959,-11.744477137312103,4.951454129968826,8.380283820484378,6.256314052210893,0.22921876981097442,4.328556399056979,-1
b0326,0.10502448095656428,0.163516803787638,103.13918440542737,190.89900492707247,55.88349698727993,444.03082004068165,387.13894422310756,140.84963651216302,0.0006670964105287627,0.05499875498007968,-409.3255244889131,40.03209139554554,207.5757474263891,29.19747358980897,21.334254679325216,15.336818807744603,-13.68511168609841,14.251855929482447,38.401987669492584,7.185859113434962,32.22202088431012,6.734704024136585,-3.6767437482399687,8.240850036249808,1.07715675588609,6.051707659059786,11.11873191231959,5.269106564697039,-2.8565237614256884,5.135030577557017,-4.21368241879079,4.886143600356671,9.0935674514408,4.444121558806813,3.395064077909486,4.465658966170465,-1
b0327,0.10129470616970888,0.17006614102291587,152.42887715009607,130.7422103899127,39.03130490327309,438.6881149701543,204.7746513944223,104.69940223059163,0.0003942462959482851,0.04115568974103586,-470.33762810936486,39.93843988275266,175.83593512869547,23.334823124871107,42.43679480613656,12.720324251641568,20.21658033065891,11.430456571276903,54.49218087870168,8.538497076507337,35.20439606106678,7.143221187324651,-5.144173557843793,7.831213816583721,-1.0329700000533726,5.831684379847827,15.28088376648118,5.523328352846415,4.447987170351945,5.164646361142027,-6.306184165804524,5.092499644342551,0.512641334426669,5.218848815271594,2.39898940160397,4.937019179289829,1
b0328,0.07536434243224642,0.1382500434607135,195.94761141487814,175.58890917684337,50.3321060270691,484.57325174001875,315.1767928286853,109.75067750098495,0.0011385542235598468,0.055901394422310756,-512.6450667473972,43.772107071525255,209.5232363672962,31.4915007774372,48.42054170744184,20.54662701434618,-4.8844269323587906,15.336932942929137,18.50758882306686,9.732147684442326,16.094836652627045,7.988655663053154,-2.373343439752018,9.826256452279742,4.281894397232277,6.604739612923983,9.261227647369093,5.75452022770748,-5.787505462805546,5.665791949450984,-10.287177728624027,5.434460416936231,0.4364093688296728,5.0396390739752235,-0.291214241606001,4.24639333219584,-1
b0329,0.0898419553037322,0.15885177746646886,207.18787715327554,115.90014436606802,39.43089895035211,487.8183894977295,189.80328685258965,90.36653566768547,0.0010155115152820245,0.036370144422310756,-518.6867699681821,43.23058095750493,180.07035413571444,29.02653621811334,72.91084938821561,17.08144243193631,24.10000253967194,9.056348999271359,25.56452350958162,7.636245774228383,20.478713174637708,7.062963937484461,7.765685671083994,7.012621883734248,8.849020632764448,5.343709859494644,11.20564257532276,5.1941210512557525,2.5248737417029363,4.83646832166478,-2.484783743849779,3.9343492656336636,1.8500231975689905,4.502537132868126,2.1560838756352916,4.733050314632646,-1
b0330,0.08557816997751,0.15148239589643264,230.42976713026277,145.83983280360667,53.64221601149225,406.0241080332346,263.9442231075697,109.97848424128233,1.87380803677818e-05,0.04393364043824701,-472.30195280346555,38.26430156660015,182.3806123043494,28.23054437119094,59.91271998556645,24.47539718337697,12.133204617572773,20.507423240607594,20.336670449261618,8.69059079411738,14.525824520950811,7.59573215386433,1.491711579806123,9.383735336795903,8.297076389051595,5.677908818320832,13.453464156187033,6.844641002949565,2.634281089797358,4.490585238475391,-1.989309578418671,4.811625669361854,4.130216489678789,4.275664563001942,2.567150707312713,3.9539148657713956,-1
b0331,0.011042133002199682,0.05276917103537198,3244.813007244358,180.25255229242595,47.657017401806556,358.2433751293722,343.81225099601596,124.47949404545112,0.0001585329428317015,0.051030253984063745,-626.2144096867443,43.0984498572718,148.90586885941798,31.183117212265984,37.32415492550383,12.846719700792807,8.027552390205065,15.14303153313978,31.727112482203825,8.7677823729863,26.142887529334615,8.436694761549454,1.0747900110370276,9.53760000714808,-1.24120834874704,6.773420007774514,5.358199696814429,5.585473971689975,0.12033733924333019,5.691994316663747,-2.2254960690110623,5.894809060949671,3.1034550224418287,4.993276579955094,1.0731644007536383,4.750300049375959,-1
b0332,0.03433167054769749,0.09617073493814529,440.2891269660142,170.7456724630334,37.753171147883236,476.31059077300404,276.39442231075697,100.89716059903348,0.000972345441443213,0.052687686752988044,-573.0052813606032,38.20131537649233,189.44087370949532,32.285952340148185,34.84665104605846,10.904533417909281,5.350024461109331,11.405271520719642,41.51277935806137,7.775981536982653,24.85521346849527,7.7101077225953665,-9.607622162135364,7.703086588617169,-1.5614018111884458,6.841791591679162,9.552055459408415,5.070244157061977,-5.129451481283805,4.62112740795644,-10.15076165388229,4.685099572436098,-0.9502253131696594,5.011974098079019,-6.021814725708028,4.463074037501893,-1
b0333,0.02300487097971764,0.08390448444002233,4718.603573507314,161.16776085030418,68.72402024884457,474.6363666282496,286.7592131474104,157.98047540114413,0.0010164450082204351,0.046120206673306775,-564.5346062051178,49.48020283026204,130.8961584907942,40.04432394469222,55.53639921133608,24.9928769116863,23.297976403545178,22.158506015689433,25.018268526078263,9.312400047264884,17.917104525533702,7.239182628962189,4.331058834632136,9.852858026476802,4.167522247025727,5.9487316318883545,8.076876462918584,4.854855559192769,3.1759038442917995,5.010817732094396,-1.659107125407107,4.892325024224505,-0.10298680601980972,4.30429325918948,0.3152949985119338,4.1586945190986615,-1
b0334,0.062081172059731446,0.1386011500212233,327.1069448185839,113.26879765666956,42.05946718335337,490.9159113422031,180.43451195219123,92.67481003823727,0.0010299133776701253,0.03579432270916335,-491.2848084928451,41.767574976252966,136.89221510436914,27.04573616316815,75.8793531215375,15.219588007039508,37.5664377718378,14.198223291916413,28.06546438060419,8.403095133858455,23.1114327865169,7.413314914791876,12.943628526511446,8.871230130650698,5.352380044286921,7.057510528836523,2.977540662645512,5.314139622040398,1.946151766469534,4.663652545746599,1.2608688700855224,4.44088921547934,0.7551374844017079,4.0076564348759325,-0.9803680142874898,3.582654346073112,1
b0335,0.0381131985579609,0.07355893396785376,325.2543676337471,156.64906119312948,53.45219648482833,385.4635021244273,268.6752988047809,135.55323409666073,0.00012191715006291067,0.046664902888446214,-542.692241873024,44.958621723667655,185.04271424903465,32.477252259146965,34.038569732520884,18.858047394000614,8.491036347791187,20.755544142496536,48.89689310065368,10.513202736336885,31.626931358835193,8.5758396593609,-9.853879231025099,9.958147060582151,-4.57801060752806,7.112602310198232,13.349887408102106,5.957143657066248,3.0153639183734624,6.010155928468471,-6.651087919928088,5.1803224375143575,1.1082276863074334,4.732406159665734,2.7201568561308687,4.267627394295163,1
b0336,0.060063378274441706,0.09565717266059044,92.31631579973106,230.67981768560216,41.21104032128981,500.3144153263635,473.4499501992032,119.5979267974388,0.0011587428183035943,0.0760707171314741,-450.3771278957617,29.90125631128288,236.38164913730577,22.601226244882124,1.3794823210121465,9.844122243408654,-22.236542244499386,8.127543690715228,50.086045483560326,8.237903177212129,26.365363190462006,7.785613203072147,-21.466753691008506,7.574124241565755,-1.2691968076916762,6.11290204274841,13.005225312513982,5.417693826977615,-12.757307130152165,5.122399137526974,-12.858418124808523,5.053699067493901,7.677593440624505,4.094573727760678,-1.3083121196837089,4.1083662675883215,-1
b0337,0.11289582642399304,0.16274653084769575,72.8680251914366,147.93133661322238,29.849941525931957,350.9741443378623,240.10209163346613,74.72220197661892,0.00023034280916185546,0.04689056274900399,-431.4518487110382,36.71787437909219,191.35954530706576,22.28798526653586,46.36727568311057,12.448834442171414,13.118734978915207,10.004868496453227,36.7049136133579,7.459070115370679,16.616698646273026,5.6979698538004016,-8.794081444256879,6.065031762124624,6.261970019885876,4.957817382881478,14.40508019747245,5.287017429941323,-4.96536239714642,4.74645377047309,-8.789073392342818,4.992371854302922,4.045809818071873,5.218680501289725,-0.5648774730700115,4.232341989707855,-1
b0338,0.0670303294469894,0.13169106617834606,292.3714168806838,186.71156930213968,58.28814543495069,418.5353473206093,324.26543824701196,107.78125837006095,0.0003401040610239093,0.06284238047808766,-494.9879701465129,59.70259158025086,209.76509911530965,37.351362051104964,43.030465286478375,28.44395274562072,-0.4451002225722816,23.60574725269486,26.32516204342386,10.178218100849163,10.484173775549658,7.992941901710957,-14.889729930477941,13.131556289383074,0.37285616189017606,7.148527518634712,11.581857645689615,7.380864470346595,-4.354574970710939,7.346811809643152,-6.813280341366225,5.805290021811213,5.79197106349734,5.684919049348677,0.7398977273716697,4.8740126540541135,-1
b0339,0.05853946100885862,0.12638350268118123,389.3837553612275,151.0881220796771,52.543558202434724,507.1820553066971,253.8284362549801,117.39867789601801,0.0008504584230331068,0.04738857071713148,-495.92898162470516,53.543062128062495,184.81349302845194,42.18918453381452,56.36614796959026,23.08930272535688,12.24378730571454,19.519793392670785,30.878926420311785,9.369104721573189,26.04380718628961,8.527341772261833,-0.5143040720133383,11.003110668850901,-5.556332738056719,7.127382501051902,2.684164683236482,7.490110817132671,0.7944180518537323,7.039958177770113,-2.8122028600924764,7.1262806181002665,-0.7244354932555243,5.64115233194051,-2.159828884710297,5.236636037374071,-1
b0340,0.12568674719780368,0.16510648797621552,53.168280336256835,98.26059619442398,24.059881430400083,332.381977644177,135.67604581673308,53.52637331461966,0.00014484676948348617,0.03208260707171315,-491.46003140897915,32.11385513178277,161.27992206543715,25.49616195847091,64.47419908240514,13.951237924119665,31.44020018083368,9.66173370991807,42.83218061551008,7.5328553180422935,34.682494676950164,6.222052308265702,12.824321162884276,6.85872071626772,9.223277133170368,6.057880551381698,12.182932893234696,5.330976085275006,4.573120363022306,5.197657069546126,-0.6059667383979432,5.283049574916263,2.668974994487864,4.908681522479135,0.9358548941222362,4.261788002115031,-1
b0341,0.015916171499954116,0.0509542282083014,628.3389100678429,229.0026019204252,62.86014931034403,500.8251028200805,451.03959163346616,153.35426421101164,0.0010152681646565138,0.07944783366533864,-570.9701812787453,43.76763689008795,207.77653689978513,29.032410948405943,19.440776008020965,21.232018743622344,-20.38385509268155,18.77772687552107,32.26116833180797,10.07011805864826,30.544709080263953,11.307113026664323,-6.789389945506682,9.544520722850608,-6.9387449945000546,6.673135065328194,4.966548734515513,5.12759438604082,-3.8538025033464147,6.355768258600811,-6.684707727944202,5.293782491370134,1.8676278279509058,4.680316679947748,-3.5752454009526824,4.650993017629243,1
b0342,0.1014550050922208,0.1304661283184932,89.96585056736558,116.87602513614213,32.39701872874969,245.60582986987563,185.75697211155378,85.41598876468402,4.3237680118492835e-05,0.03660358565737052,-468.55665368222935,30.170398574084427,177.0017190933483,21.583606785114224,55.87762894136559,20.63696221398816,21.65955214923921,16.600811209491965,43.114242551982876,9.913119518271717,32.81225926640121,7.617988329181236,3.8668833202313095,9.28666658244503,2.8722225200240654,6.500797899799873,12.008986919939828,6.04179041823816,4.864396264067326,4.968826440658939,-1.9513121663509732,5.450502591445413,1.79590535240187,5.544405325610431,1.2397430683770396,4.283920211093938,1
b0343,0.1090269399183625,0.16795773995910473,99.20418353847977,138.14799202903598,45.660792935669534,489.9306157129722,228.92803784860558,104.80987252565565,0.0011560977887507416,0.04181710657370518,-448.65507901853414,39.70307117390073,191.54022937646033,28.03608532003054,55.018830897001315,16.762229598967917,12.625807337226803,11.2245430787819,32.300856805508126,7.050943765586026,23.6516170536631,7.152302620738594,1.088078098495313,7.31157879660236,5.172073087275993,5.260387514600683,10.243286083026,5.632461677470189,-2.8685392624718813,5.186618434154469,-6.476840707862546,4.812438637296058,3.9265005696239106,4.684089311520158,2.6231620451784052,4.440524518844172,-1
b0344,0.04919554644807253,0.12932667328830483,525.7387940725644,114.89374927282168,40.49369715639676,458.6515472182522,177.47758964143426,94.70858432311707,0.0007884981073108218,0.03272846115537849,-523.1438408274148,36.16880084972537,131.61275951159558,25.56698545468526,64.48616443127864,14.377833204999726,32.873823162974304,11.166261464969915,33.892927773510344,8.551631847923199,28.943319969880587,8.708005010428959,12.711688713593789,7.670424544091455,4.754008177492266,6.54819350298063,6.30499668366509,5.755893504618125,5.573193281810886,5.218569074521714,2.033979006133198,4.505276785464809,0.48414847573663783,4.792781299300366,-0.36537174211046336,4.423460200394042,1
b0345,0.06682002877048127,0.12084958410395838,277.2238674784371,163.729874590502,63.57508453662293,489.0805962220353,294.7273406374502,132.1876338032514,0.0009348835778200588,0.051022472609561755,-464.6598170947199,63.28091981822939,188.25296887190444,39.97370435248248,47.144042883931974,26.587312269530692,7.014012073786341,22.310408419267027,27.30829075191761,9.542594373764514,14.787128464132802,6.6535416798123395,-6.277722479376849,13.074787490717732,5.396868575532035,5.839939311830815,14.375251781043533,5.945041371750208,0.23839237636563038,7.89336785406764,-4.24102979560411,6.011784630814557,5.123387854256031,4.994098668596982,2.307774033458326,4.419428409438476,-1
b0346,0.04602746952078676,0.082021165378918,160.01954395100077,175.80229801507363,44.83541321627716,472.62647965368103,300.20542828685257,108.38045004512071,0.0007709017002548002,0.054586342131474105,-493.3998697489391,42.94079208900223,206.61178833769029,27.368494845612886,37.10249511940837,19.056669538191557,0.9961970954971867,15.25793882861306,34.9227069801324,8.749263522302588,16.491793494339884,5.630352912412865,-14.142473932134925,8.837705419599546,0.38416281869097874,6.416596084240129,11.472308089875826,7.062383964053277,-6.7332809438580945,5.945101225679613,-10.00629433249839,4.996614852802101,3.8238349323437193,6.416921554321517,-0.8702961776611732,4.151571740517305,-1
b0347,0.037555806200414904,0.08437805636822644,527.510432868875,141.84523379554997,44.56855973769817,381.1349319627398,220.99103585657372,94.40825850252082,0.0002246419151472316,0.04700728336653386,-545.2090748804862,50.4861957056944,171.5726138353276,34.75497252249762,56.12416562566352,21.80479800234529,23.932716484059995,19.99850604437594,41.12142409092635,7.6394294410513055,24.97139187887952,6.673984783089743,-5.61419272494813,11.679298497049482,-4.155734919175499,6.34870225688845,7.0064074963422565,6.646129387271567,-0.5367146859500133,6.229398773994611,-7.860134645956676,5.727057392609043,-2.6732625961684087,4.821302996082192,-0.9021485893864197,5.00398102954203,-1
b0348,0.046215088994541506,0.10573730489779966,276.0883102690277,146.98808151924885,67.80212623574536,526.7644678662306,252.6456673306773,142.17123098520494,0.00012794736228228991,0.04445499252988048,-533.3653615847853,43.96260280358054,175.36370847517657,29.38316168623927,44.370935993919026,25.68667842174454,12.927633439468117,20.43288447339378,38.51123738767761,10.38185469839665,26.504077879855217,7.7966626155929575,-0.05149281999662724,10.833798146189777,5.4069373913395955,6.58089957148831,13.273482453443819,6.361964039350444,0.8533902652914508,6.616756355835511,-3.4567984704378136,5.15745440386212,5.171572555159568,6.185899955686127,2.082216100276092,4.711620107507918,-1
b0349,0.02800639777445007,0.09216818417939172,1089.5892549435744,135.57067837792187,48.65702258576966,417.27574504310815,225.1929780876494,106.08431847762922,0.0003670191971618192,0.04737300796812749,-580.8754231151663,53.92703386081896,165.76270649562542,39.88094822773543,72.32771140266992,23.117023587973467,26.504395241864675,22.701372286793323,25.312901095179914,12.468613877246433,19.941210494151317,11.494179712328792,4.564464568114505,11.74937826177861,-0.10007853053307972,8.214406190585832,2.6197864475959105,7.252674541557025,0.5616650559273793,6.248910274333563,-1.6849480621647457,7.114762420450687,0.4589044868928635,5.637348877001212,0.8842052314795659,6.673294651376865,1
b0350,0.09204775851665532,0.15092032629862867,140.97880315294196,197.98449482142385,55.88350002913233,393.6321668760164,365.16434262948206,141.03264369770102,0.00025403635915116835,0.06381505229083666,-447.93986817154763,43.88225717193029,224.74037217838804,31.6515179910753,23.182676769874845,20.189252201898498,-13.46457756083382,16.912461022043562,39.737497116801755,9.777465375399188,26.82922075116168,7.659819241593411,-13.053948021827166,10.143512602484737,-3.7502959931693804,6.0379929042144775,9.750553752084313,5.665427169121785,-5.550530434578199,5.759822323799741,-7.8539255287602705,5.133752561050719,4.795773382157635,5.549940662436314,-2.4509428846053205,4.863576860321262,-1
b0351,0.07582280589853875,0.16253110786980204,315.84699659435887,150.25196088525783,48.987619517351966,415.87068112363664,262.97933266932273,122.50868698069924,0.00047545843435726945,0.04212058017928287,-478.77926173081244,43.92686399695485,174.9348819974302,36.52862386629795,52.81625673808501,20.595371389963027,10.286328976867894,16.271235888337127,28.509028102671607,10.113432370799853,26.411773489813633,7.772019277770196,4.344346413058042,9.18782524475287,0.7985659080672901,6.586441524192337,6.6419046266841475,5.8505276789734015,1.5795983423513544,5.075674948575511,-3.035515521473543,5.5530113131657135,0.0006425031153582101,5.383655577211815,-0.9788074916247094,5.056575230896879,-1
b0352,0.052281577232980485,0.10148591687191304,147.61439657625732,177.50978008660041,34.06961461461077,462.61810797011367,307.6755478087649,90.73591447503695,0.0007597997151417016,0.05319347609561753,-456.55387981918574,32.10009837029003,188.9884057522627,25.46081002140845,41.326563389201716,10.449229189924298,-3.3285008433294703,9.404186156905322,25.662873511913364,7.437618811954855,24.812271493927003,7.379378331296666,-1.5866485450592984,7.145234353802294,-4.985714814595028,5.611276949817473,0.8093444474977463,5.181311367420715,-6.240410644245804,4.939632022496861,-7.887343881573452,4.312919567078394,0.3066815256440201,4.353361283383212,-2.018849044129461,4.187049306701767,-1
b0353,0.062068312855124916,0.12502681835478777,176.4729145668767,162.57565034689455,44.831413223994254,492.03503739504686,281.7168824701195,108.3408615853727,0.0011479591282237286,0.04901487798804781,-550.9045103932402,42.43215697162598,208.38647378854606,29.895784062206914,39.82325411291151,17.031163140096016,0.7749469449360914,13.848283286836232,35.97074849127084,8.211052913574443,23.364032558511802,7.863754814089857,-6.776572124253752,8.529756612302048,2.71754753750168,6.24188300801709,11.672008307916876,6.099503265722859,-5.644588462997657,5.388138870546206,-9.349341504934733,4.597335333996817,4.630261697875302,5.023957401241873,1.8597787813557276,4.378565055241188,-1
b0354,0.030512128051277912,0.0831025869503603,772.3595363639807,96.3628862707606,29.094399147478516,316.4235740299355,147.78386454183266,75.4414013718052,0.0001357817046422783,0.03240164342629482,-577.3486386041087,42.41330858245968,117.67225960750915,28.43219758632174,81.90254085216544,18.292327758236702,52.417254305326075,18.03873390009531,34.6570854240806,12.242951253456177,23.024493981020644,8.176337994673359,14.252226257232488,7.356534143201674,8.841088796581701,6.444297922765354,5.4776407198547945,5.526969708896486,2.953856929247239,4.857112670535315,1.5042803128911633,4.486810056285113,0.5264508697048954,4.294376053260584,-0.8411020231888289,4.073300834628533,-1
b0355,0.04691603091621856,0.10617110950226491,432.6394610662952,168.98873771930064,51.02369170513184,421.21009339617666,303.7848605577689,157.78908433992873,0.00029313271852877786,0.057737798804780874,-565.9531367757876,40.91227585205722,194.36393026321733,31.56054396124022,36.72996033298112,21.3249371285671,9.830867065718532,15.094517024590848,49.85201644485656,11.309643935001349,30.175526116212726,9.22400906782118,-11.460891058138353,9.767698918029014,-4.192358982113735,8.2061111021018,11.636819561112267,9.12988703341163,-3.726422092034082,8.598441042587329,-13.320675196106054,9.457661498347868,-0.35164667792388515,10.582142686449101,3.9660641610240734,9.099351477480676,-1
b0356,0.03254656549466384,0.09567326267182553,811.4614425256566,180.23303553590364,75.95621747157172,470.60964016372384,324.32768924302786,162.3218743973147,0.0007836245878958405,0.0436535109561753,-628.2722355659337,75.6850276676905,197.8772669907599,50.890210383207766,32.02383500678558,31.743848627455634,-4.12060312961812,27.935950935469375,35.61881621640976,9.312837409128644,26.25208857432464,8.574922043070789,-7.144638801042555,16.283455180698684,-2.1122281514318244,6.458295335718928,10.60358940736473,7.57128518571122,0.21564771326305401,8.881589807354484,-4.960410350445046,6.809820299042724,2.771420219682948,6.72165888750041,0.31229276400019684,5.010424435534014,-1
b0357,0.1515927163475515,0.18032683710563874,44.99187945258542,111.08443462045899,34.32222169646348,473.9746598172696,162.72410358565736,87.08241302816542,0.00047466442305619226,0.03384119770916335,-451.4548682556775,32.85544134363577,177.4170388572346,22.34827924377702,54.7028080152604,14.872694645327842,14.910771320825058,11.102967962722408,35.66203046901472,7.872984602674296,34.28345784243824,7.063177517677124,13.403189935439489,6.841727679369392,10.489825316993082,5.374090473330756,13.085685810205431,5.337448657131371,3.7060568919186903,4.978877352423999,-0.8638886958458127,4.514500841600171,4.713305692196858,4.557868015044185,3.157775565424529,3.9837759386031926,-1
b0358,0.06508278496630743,0.1215335887116534,133.4031886711444,172.70565999085997,54.77094242359176,436.4377752073523,312.53112549800795,129.87433966737635,0.00034142087525463656,0.05035327440239044,-448.83239316462004,33.2415534635924,192.36245438890123,23.813736183253752,36.62846655018885,18.068050903480827,2.345494920701678,18.217152240585598,33.41298242315737,10.72524820172809,18.71563020873852,8.972527063775082,-6.762580299913576,8.64368658199362,7.731152702931182,5.661168599966323,16.89523299007257,5.238632152964737,-2.4242108595123555,5.046713416208373,-7.408927525809474,4.844927675741731,5.372787030915382,4.804763463632629,1.696132376651026,4.306630430247739,-1
b0359,0.08080702828256385,0.12256757839181198,58.71681786618236,168.44142901007328,41.734189855268085,495.6977962410584,290.2141434262948,116.77857126986962,0.0009671285795118083,0.049271663346613544,-466.0294117740038,26.92977646705988,205.6125193363662,17.556718072909792,24.935053692572097,11.513510427245954,-0.09121535949415795,10.30329849269633,49.45954194943691,7.325189457930995,27.799323465554732,6.018298180942879,-13.763993064303921,5.163626372147173,0.9865323521312288,5.081486720978093,17.070242837091932,5.549170494895495,-3.7068937585220145,5.522433322574939,-12.453493986918195,5.847626241038177,1.3164450041889246,5.29675426041859,-0.19816699277047062,4.740829139270314,-1
b0360,0.06716768267473809,0.13999609401221755,329.51860703020975,188.22922510802536,51.87649329559904,363.40453938746435,360.2153884462151,129.71612444050297,9.139479231206748e-05,0.06237549800796813,-512.53656633158,32.99360731363996,201.3684414552818,28.578344920193306,30.401383665289906,16.59967272850882,-7.587511033595707,12.861785480030107,34.06772036887201,8.670938608940702,27.524480857349868,7.526909739239381,-5.756291095679116,8.507144642842004,-2.3842274921088573,6.697902546248686,8.703065157265995,5.764522154421577,-1.739962679696909,5.77850632122473,-4.515305308422391,5.517591057615253,5.45210070425851,5.146252850748439,1.0428888237618625,4.226744145547248,-1
b0361,0.024912192905884156,0.07406506441075617,469.01345521958444,223.16241484181037,66.53580191284004,495.8279576060003,421.6571215139442,160.85320093783767,0.001129954803757083,0.068367156374502,-479.04421685262935,48.297534429507465,185.7624922908147,33.146951826154655,19.955108264762625,20.836058364089595,-7.3507298873771045,18.70367992735006,36.04054401548778,6.664602700795002,19.468884508407317,7.987415841611061,-15.941662205832415,10.802364886578786,-2.495749788574875,6.281342468083734,13.204490180943347,6.7727231582099074,-3.853065870409822,7.397382408602087,-11.375510112327365,5.2635680260846165,1.1406596610032598,5.277573122645756,-0.436652744631208,4.07365791980337,1
b0362,0.044284912114115144,0.10630412846752813,381.34989118375984,198.95486387192258,65.63211406474383,493.8014493832437,360.6200199203187,154.6022629967129,0.0009709597618048759,0.06273344123505976,-523.27426203497,45.25232560881158,208.71479976113835,31.921887531291787,25.706318916085497,24.12428331824632,-6.5412749798617,19.577417453006845,39.47048323394669,9.14300276286912,21.954932366396747,7.333410581032634,-16.05654059993613,10.0126662339651,-2.9817817552442527,5.1320896514685375,12.352539047349664,5.513904494504377,-4.600355756831226,6.762494352940917,-9.792810826835684,5.87232394138193,3.312370094749713,4.5342446703799295,-1.0230893755942008,4.237294912858044,-1
b0363,0.09231483251492682,0.13710341782663446,102.52258301852117,182.91291466592827,66.85972497464337,501.1377050587303,366.7828685258964,168.23894571832346,0.0010560428424950506,0.05407277141434263,-427.3609168450645,35.74359523553888,200.45134793418197,26.677016183267323,21.10285562540769,19.119786801701807,-11.496508469084509,15.899193283483537,40.785464828115316,7.777054943115372,35.30391456742069,7.360516922819204,-1.6583325176026849,8.036839158442977,1.2863673457804903,6.343085114649745,13.027262565713764,6.047891451867511,2.1376152778379933,5.216725563629008,0.045211155598162044,4.630112392383713,10.142935069912722,4.399250451216228,2.9269380492359676,4.330078561716801,-1
b0364,0.035882324353254044,0.07716944530320866,387.9343168735204,108.67588905206166,38.07177025514839,409.40392040472625,159.0824203187251,90.20470047145572,0.00021395287474174516,0.03206704432270916,-544.0236452574729,40.02555906884127,134.09822267801897,28.74700820237562,64.25471608082648,16.737914097878843,32.869497547372774,13.206990983932966,35.2108260676253,7.438682454640646,30.32711398543884,6.76539164342331,14.34637038907305,6.877916340780823,7.660515369726814,5.619097283916782,9.33374882358184,5.306303923642425,6.949548773353472,4.6759493696725825,2.3230924440720706,4.380711265504925,1.0726907646525083,4.773595278148869,0.07972361025933362,4.858573007090163,-1
b0365,0.01738528075959956,0.06104269089267382,654.6975805501565,200.18069092963174,50.061061987112,457.2634184947782,365.10209163346616,130.3211703813288,0.0005645544437747775,0.061597360557768925,-518.5353488838832,35.24371798205731,175.91508849842296,26.028000697149782,29.84241450792583,17.14947333857152,1.6250379561445845,14.399425269843055,34.92611758800883,7.215418420153687,17.967365785325086,6.359239454270084,-13.950300684671989,8.349446969472837,-2.1186343242435024,5.3399721201965225,11.85962042720847,4.872014116480898,-4.239548068081497,4.4214429872798116,-12.078332306753843,4.389310262219334,-0.030183128250491763,4.742137341109176,0.11585688329374282,4.238646890247525,1
b0366,0.06381549187552303,0.10915927732527639,159.89698841028977,146.10759148729517,47.71195486870029,523.5091540374264,259.8667828685259,135.1012343070503,0.0007248891439484113,0.03967722858565737,-476.47013201672934,39.146121826298454,186.32398412591914,28.69223048047318,35.561063364056494,13.85762475390583,1.4124010998798802,12.122069923302453,39.99493783586192,10.258683905819519,35.65750463560584,7.367764536978626,4.485076759533774,8.495259332060812,4.46313648255912,6.868596833584715,13.0793630001203,7.503692347880447,2.5423098111214313,6.431057879454901,-2.566267341011735,5.51240791554131,5.357553397975036,5.643556906897224,2.849650318608796,5.317418639921413,-1
b0367,0.16866025619248745,0.19092513616159246,38.875789395094586,129.21364404884895,34.62166867481356,417.39996340082627,212.64940239043824,85.99682765037163,0.0003204490977443231,0.03879015189243028,-443.87755197706525,38.62328454515302,202.0441021485507,25.831647225338312,49.09681570660628,12.520173012757503,8.354127923347496,14.610029762833893,39.012337739211716,7.752341700385295,30.397456511081952,7.142365519661772,-0.8891111083084975,5.99065439674964,1.3853616575253758,5.123501978066041,12.88852895207314,5.275968531656664,3.187402094715286,6.114523916145899,-3.9045863572339465,5.999993527142378,2.813603032820132,4.364567012026051,2.4061383409898887,4.198186784881205,1
b0368,0.11041770145198632,0.1564148376457435,71.43973566856923,123.81565126884541,47.52973710115734,489.0766032473775,200.07470119521912,118.04007699528219,0.0011349672951497854,0.03259617778884462,-481.6184231967959,43.99422588273195,191.02103479741632,28.932616290664406,42.61587606193671,16.719070784391988,10.855677931679704,14.169909169316965,45.64074498441913,8.429914280798908,33.44615169324763,6.9186722678055395,0.04160625822468118,8.210974809399668,5.243071918359567,5.725161365255361,17.516194450580002,5.222750298568903,4.513852091136133,4.645544030137364,-3.504195496823398,5.207255335607613,5.484502041467329,4.3581886892096895,5.188777192669967,4.172370177378042,-1
b0369,0.004200555136875739,0.045011004550199296,21123.880308177173,149.12881463618288,46.37026525892268,352.8474706106442,272.31698207171314,135.86957636444907,0.0002906949169771849,0.03969279133466135,-632.5429836296554,35.36151300514248,78.91312189489965,30.52241528592,46.27953644293358,12.07480711344026,30.29405998186929,12.24307157644123,30.215192848022397,7.108843954898898,26.347345737649494,5.929379941771326,14.708060596569299,6.50281154176253,5.941550385541144,4.715987460513972,4.121333822236364,4.219978037763581,4.446747481865877,4.727001316774667,3.4459405488081942,4.809982815238927,1.2726026656676805,4.372682909975082,-0.7180993855148321,4.024529180470648,1
b0370,0.07865226882393085,0.16246554102239213,446.91967654579673,160.029265090589,48.03419509659244,386.01775274970146,276.20766932270914,110.95700896447616,5.619661417412361e-05,0.04920941235059761,-468.85029615823544,45.55566630910649,176.46613749146604,38.95707953374263,50.431015434413204,21.962574965595,13.437093471932831,18.068898512737846,32.7773684216672,8.540988350722015,20.692731088336746,6.356714164757459,-5.720607708502503,9.310899871548704,-1.556645589656228,7.295900911801934,8.385765939738004,6.071224447408058,-1.8837451979521724,6.31955041487183,-8.475251813623956,7.257584324220866,-0.39747305751176615,5.770616194729655,1.1832736690016072,4.96767520970948,-1
b0371,0.0072541781251924,0.0544116177526058,27120.08624653717,177.1187738584327,48.407489447213685,487.8314900011967,313.1847609561753,114.61005162553674,0.0012041379140984808,0.05986989541832669,-662.5169608498974,54.61633770729648,118.8286152396666,45.42028392273418,59.49833184153073,18.375601801890056,20.24217999680864,17.67624389202082,9.649977578480845,9.84219656522401,8.598918721798308,7.896351398409149,6.573033700860232,9.359866358570034,3.989330160930485,6.541156658389921,-0.36956866539932165,5.931704590230096,-5.704993169716124,4.251791381020761,-7.271046054207799,4.9304742365399745,-5.1310931275771345,4.960511581609834,-3.8465777711618165,3.7461327671491396,-1
b0372,0.009358634141742804,0.04440950055582473,1486.2628722340867,211.4633199854929,60.199020489743624,481.07943144646066,449.7323207171315,143.34268146473238,0.0008420859520719962,0.07239790836653387,-536.8777378116562,31.840823125499572,160.22821442452192,22.207331894710858,31.743888465817655,15.55552470398126,-10.549106303755611,13.590877136290297,19.90579978824166,8.832749867413385,32.387778363012956,9.167773004776398,13.180808101229584,9.972312765281735,3.064645845896289,6.104339487383073,5.375539490174275,6.18449026661571,1.8816346019858525,5.895349553288933,-1.7567318013789353,6.2578623444105625,1.806371297143869,4.936007171034107,2.366661968302535,5.144959746989794,-1
b0373,0.12565099323767182,0.15980524300994142,41.4600834296271,151.48938507599917,39.04572573411371,446.60214508456966,239.94646414342628,99.68033918727778,0.0005964008514766315,0.04948176045816733,-455.8918412928071,39.235991833553776,217.96552104186355,27.6354852039363,36.683361459904965,17.622433549322565,9.842248040982811,15.046501520347315,50.432852785326034,6.2901195033065305,21.10595893503545,5.513982175500284,-15.618093301944294,7.457871725264998,6.0011196252991645,5.58006990380168,17.340822160890337,5.0411966575470055,-9.361699430244942,4.775590318717239,-13.148011612753356,4.640462263543536,5.414263507235835,4.430524531929889,-1.1965378812066416,4.68281027823556,-1
b0374,0.05332845392255918,0.12494444724236467,459.865774090117,159.58903613942715,44.92645689771128,359.9677400081957,277.5771912350598,98.45203144272082,7.066258100515949e-05,0.053131225099601595,-527.6322163044421,56.101060154082774,195.08765558116866,43.56130807976503,67.01919370790795,24.905663097947233,6.2891603993748575,20.77949460014194,11.221888903675914,10.502088511338217,14.701981956499571,6.936990351753366,4.525112420913141,10.945356176918004,2.195497842890273,6.439496220494645,2.4728318615494578,6.984047579908657,-3.4636764833917204,6.661455616858995,-4.41857675776599,6.0873358753512,1.5555352710167671,6.355799754778273,1.8393359120634922,5.811208714498441,-1
b0375,0.014883116918603693,0.053326374855626635,802.0764363099532,173.53405120377244,46.03396621443758,478.4610936641071,284.9539342629482,122.29648225947668,0.0006930910773325165,0.05467971862549801,-568.5033576753895,29.390758025099267,166.43895145163194,25.231629129912875,40.04469064572298,16.10812702843412,10.200022629300838,10.08794570814762,36.50714455016327,8.552515850777425,24.969952012397833,7.696285990680975,-4.433108793494154,8.55954737957959,-3.7231394163935603,5.955185240325148,3.3029799208261386,6.775961089202717,-5.789320077783052,5.377120092340729,-8.009703227577853,4.784430363285158,-0.47723728322693226,4.413051679226055,-4.673677979806801,4.0650800938338225,-1
b0376,0.12880935200483992,0.15491438777523747,57.692355095895024,170.672426347933,44.79392739130882,442.82971333231046,321.24626494023903,132.21925444271338,0.0004121821436372772,0.05093687749003984,-420.2358580420869,34.51510868904199,222.22387051984765,24.53666642269654,24.91096211500851,16.416465283967494,-11.144913368923591,13.509868852967072,43.472972397468006,8.319057528121721,33.76305017468081,7.223698302795629,-6.237539778317215,7.169247679999811,0.11833694674501796,5.887116721973762,12.845175825677254,5.588950479780916,-2.0065349850929404,5.3697665096691525,-5.57015612442225,4.826783069758923,6.62822324344055,5.235778830119309,1.172391904351179,4.290611951411732,-1
b0377,0.12412736881513248,0.16854054960913276,61.179622807088826,124.75881327213934,47.327519892608045,487.77818870254305,211.6222609561753,132.03489818316848,0.0008020235263811467,0.03323425049800797,-453.01985695379875,42.45352273869334,181.10815412016834,25.463759289997135,49.93314768044724,19.602730217358612,10.3675212899348,17.324070467409097,33.67980620584406,7.479713423722843,30.640527961506294,6.270779886656559,9.644518978977592,7.24940091928893,10.733696776997956,4.705721736016531,14.956666973892665,5.1010311443572265,3.610974345907561,4.658251555935295,-1.3450099636080306,4.640056407739846,5.285224318723467,4.6878132621586275,3.1660123316974835,4.431290328930927,-1
b0378,0.07719214743161325,0.12504295144347466,91.53797458827783,187.89724509895447,54.85257743963791,504.3092047855629,354.73730079681275,119.72431608704274,0.0012706711049024467,0.061589579183266935,-486.4540269937022,41.060123758379454,234.97509388532498,23.301087845559938,31.701669455859072,20.06814576400933,-9.230529067046719,14.199471871195367,32.65387501494054,9.001437113953692,13.175094175754072,6.347154281447364,-15.412393285487218,8.592141639278811,8.622499339437034,5.666311938980819,20.06958365558672,6.230867184929915,-6.0137586942939585,6.0204381150381465,-10.84727327750157,5.720102192682042,5.19585658221117,5.097135426745438,-0.5980919211443834,4.776133153508953,-1
b0379,0.03696341614791526,0.09111653195232844,560.5616258149674,215.54118217313427,68.78074354963572,501.17483749710624,409.6426792828685,161.75834771610508,0.0010706966401773793,0.06692760209163347,-545.9094497513731,50.03477657046866,203.7789293381041,33.63127407603158,21.621208367650425,24.817958864827894,-13.469112860372734,18.084022822609015,33.99645995819836,8.701470654227982,24.18221320803883,7.057724488104115,-9.97406101261104,11.058504541056157,-0.6881220011400458,6.07357606518321,11.27250006819825,6.720926696868776,-5.024533882838486,6.391097478512495,-10.045781227383555,5.031669637036946,2.0794686855503905,5.398275675981155,-1.4329009655367535,4.352843564414903,-1
b0380,0.05549759257111059,0.11209684420426033,259.52917097013164,110.2248641948841,38.582022496374,478.0300075836792,177.22858565737053,88.41329064254232,0.0009387172901256344,0.03531187749003984,-528.4060539167507,47.52434343504121,155.10251636959703,33.96416710299273,85.53650452301771,15.288522389338713,39.69012324314954,19.35261518205905,25.69732189491357,9.85938332257249,18.31216043559865,7.5470525035512654,8.162063518875103,8.315047606719416,3.677522850962813,6.993342364232389,4.859817606493989,6.324757344901609,4.210368589946484,5.3850526817832804,1.267003364655413,4.633591067107019,-0.5958125074871079,4.144229199145862,-1.7736600760261028,3.833232037984791,-1
b0381,0.00914650749454325,0.050014001519266806,6834.765410527147,188.62099596314172,54.571738756776796,419.83205447272894,344.46588645418325,130.494377029208,8.735043772696917e-05,0.06017336902390438,-592.2640745059851,55.24058244896185,135.89681675545083,42.082372599642916,46.33415582560416,22.95518417967804,9.231398364157833,18.22937626957159,18.69894850489797,9.001926308387455,20.499433336454985,6.859160562385607,6.640150160622566,12.717494400967205,-1.0780112435695892,6.4357741443355865,-1.773937689436135,7.193123527924423,-3.2698816885461177,6.858013519001003,-2.7140902211802036,6.326250245039493,-1.1351447842797469,5.332489006434602,-4.179291127757073,4.323733858543626,-1
b0382,0.07889852333790946,0.12292088414183072,92.07038054283605,157.1156300964923,61.700358317586506,438.01837124704076,291.4902888446215,152.70964252058928,0.00014296832566747293,0.04188713894422311,-509.4262612513842,41.31818007813859,211.0947020882904,30.568181278964456,33.71650389932188,21.994405188858725,-8.045912694650609,21.81847462007494,33.94823991087663,12.73064954535856,30.63106600723937,6.5842598287325975,3.6528251536465133,11.061555555917739,10.229415963326566,7.3190098902607055,16.41605683308994,6.227833458415406,-0.9138268210361142,6.751147592784953,-4.436527612822682,6.937344083567366,8.44774083957386,6.51278998576975,4.615630552383097,4.829667862122087,-1
b0383,0.12298886289790527,0.19171592563568032,82.73527257846717,111.95865854836362,28.991503719374585,392.7710716685306,164.59163346613545,73.03489170830433,0.00023271573788724516,0.03208260707171315,-456.5792445889606,26.18535846369219,168.9592247277827,23.354059540496618,49.690004099873995,14.684741708873402,18.404613237034408,9.828670738761502,42.465524430204965,5.619982579175274,35.235518883920165,6.486448792362155,9.976472165004898,6.628591396210169,9.480451554235247,5.619396425380232,13.949229077549717,5.146182222780792,2.7214039963110706,4.75011626536541,-2.178417251831619,4.314769514053505,5.207709856613707,4.5165594783731216,3.5782187669565793,3.9538140360658507,-1
b0384,0.0696905746121888,0.10434056754549284,135.1546043379245,132.97610019878212,41.52782871099283,493.8076096731678,221.02216135458167,97.1582407854566,0.0007548912053861608,0.04380913844621514,-498.4670632616909,47.226317242147,188.994457016397,27.546372032213043,62.66730651588506,15.60658494564275,16.142341489388645,14.092434269560489,28.915123243464556,10.249996504096167,22.954447490786837,9.55369415177213,2.9815252773275454,10.015560585746446,2.640502735408544,6.063839902788426,6.880853437745991,5.779564847368818,0.3073655773014654,6.698008783883039,-0.31608767712323554,5.729934733515961,6.342448244606347,8.071958032006622,2.400554313846959,5.733269672369189,1
b0385,0.06876331649970442,0.11935543691926165,162.01715533233462,152.87124044475735,44.466332077219704,412.93967978594276,270.85408366533864,123.9760117112888,0.000682433433108091,0.04136578685258964,-480.63991588718125,45.12186254795857,194.30287871699056,28.895458703494654,35.026448563045996,15.39789993898057,2.1846370121298473,14.078426567259383,41.67571260962115,8.521707357932923,31.335714825440842,6.335033767303129,-2.557291765613851,6.858046200704544,2.1129047586705543,5.128855681907223,13.517191981517183,5.0725649660898915,1.2248876477988306,5.462584340890676,-4.2177806642685205,5.055444879610043,4.620965250177668,5.105696469035813,1.1878938395202099,4.48206076417592,1
b0386,0.07501629542691877,0.1638019413468445,394.6666328257403,194.10564284415346,64.90074630897975,519.231280679611,319.65886454183266,122.64063969616775,0.001187622260598653,0.06857725348605578,-521.1944904480922,56.68411619185419,198.30944976817923,39.2981438781176,42.7504668002867,26.563596472789072,2.1393312603411316,24.068005947712667,25.399511537061795,10.780030381104854,7.74958822324751,9.402030713251756,-17.381232569053818,12.782416899951434,-2.7237097919345827,6.464256562716449,7.938778107373567,7.38119366678641,-7.527140891201984,7.648779250775777,-9.709261609031893,6.113168946895226,3.2599815304906405,6.015431602766,-0.3657059775103178,4.676923539665208,-1
b0387,0.061465509182460486,0.11095599021037165,154.00806521641474,128.55215493334023,32.63987453492726,272.7314479548037,202.78261952191235,96.30699878009666,6.944103020766841e-05,0.03762294571713148,-536.6816273391861,39.17972557016473,181.64870411242538,28.817834592229453,43.64525253843767,17.255506787797856,14.354032253288935,14.627772774137238,49.33101595177106,9.65936050341356,39.25905432224622,8.454611967817911,2.017157399551415,7.492081873950935,-1.6312002736475428,6.192394683427472,9.137192190018045,6.832169236011364,2.4007844138563685,6.4422667811535534,-3.4392060399287785,5.638183088149019,1.9721396759933072,4.902484528740934,0.6598300840822687,4.562657921953827,-1
b0388,0.10512928847883064,0.17329648013197974,142.07353068509812,138.70657085533867,48.99542128757275,428.19962734897706,244.17953187250995,121.80347144531825,0.0006232777842706969,0.038159860557768925,-451.6291620559504,35.12832341778143,184.17605731043716,23.89528461682655,41.99623836274067,14.662885015842031,6.4546046941497215,12.88632307847062,36.77585845747733,9.400686279811431,29.559722428109854,8.300367658631814,2.717586505260703,7.837073745694888,6.152200462854644,5.7117548267363585,13.988300337352523,5.714634245631479,2.4648438918988154,5.575519847799867,-1.6118499750626876,5.483982200913384,7.402717538373605,4.6998512055673105,5.148831159742506,4.482143362514815,-1
b0389,0.07088569545494784,0.14917538412128586,290.293654474089,141.1887290005349,43.293490279993314,485.3359247764747,257.78137450199205,102.01639211256457,0.0009303448168409075,0.039965139442231075,-482.5633553712188,35.61813429281038,181.2769954898716,31.05433610112023,66.5148138735701,15.775880111767718,12.440380542308256,13.240786925434195,16.384644821774792,10.586495211658157,17.41397106874391,8.535812027753563,6.132252192885271,7.340463999104179,4.912939564928728,5.510872038471691,8.185530554355687,5.338291495467723,3.724754640135569,4.7301713957134535,0.5388566507349374,5.064689944996419,3.164666147144923,4.4441286558711885,1.8342979402278068,4.141719103149537,-1
b0390,0.04699990237504664,0.10280767359150193,465.4478673452773,178.75396073965757,86.1795992721028,440.1512192547859,315.45692231075697,176.80217156763325,0.0002700622705889777,0.046952813745019924,-483.8285201297345,61.916869175424054,183.97831120490022,43.21119449255344,26.858509632865392,27.974445460389507,-2.3130521516913154,27.136628855994967,41.718026759179985,9.901170966035346,33.820976754247724,6.460126235867397,-1.4654231819833494,12.56185722846236,0.43443938241281277,7.685990658386884,11.472472203068541,5.208608920091235,0.8060165108354974,8.336076614567288,-4.378451822895652,6.329996428544178,3.1988759725741267,5.139848953177208,-0.03336878810521436,4.259920484981424,1
b0391,0.03701412921253569,0.09058120794094923,351.6142351766725,160.98476638570637,54.75242918308127,508.8679924821097,268.3017928286853,115.82198894974911,0.001081133500513876,0.04243183515936255,-559.4741544177833,56.09691406688754,199.75193042492444,41.531490863569985,36.49453678485899,18.347924640401583,1.871933135764364,21.488537452643776,39.84044511180715,8.99160603215984,27.02378883598048,8.515122969441833,-7.788491620637711,12.661496596886805,-2.852305378282504,6.362552792867335,8.801657528769661,5.442125356746509,-1.1773653071771866,5.837096036776773,-3.336349158111541,5.44261287003827,4.848844134937233,4.6901797786792745,-1.2711129888385468,4.335398714063563,-1
b0392,0.09201688024253787,0.1541755094807191,87.16941566004603,176.92124459542805,37.78959917657851,491.270125415549,319.4098605577689,109.11195046347902,0.0008413623584676933,0.05126369521912351,-427.6183329211349,32.57577979540148,193.73435336162296,24.51948881155638,21.913150991421873,9.664376342386404,1.6687405090360512,9.479784542683905,51.32978990247254,7.523053176300282,29.903794151706883,6.1433237588080125,-11.019958622345724,5.836294580425847,1.3429518019286923,4.897558894463886,13.603975551353015,4.7295606900942415,-6.116033671488504,4.81394624270244,-8.805852031522653,5.50641290311062,7.358240188880855,4.8259451398176285,0.5436460498977901,4.667154464396331,-1
b0393,0.05074375695792289,0.11250495022042932,570.4396178015099,230.97902781319257,80.22548787890864,480.3856467444514,410.48306772908364,144.8753749867148,0.00030094332067080845,0.08521383217131474,-512.3691704586336,55.88867379310702,200.52302236927727,39.48358774113797,24.88963486240427,28.399258453740966,-16.520336346510575,24.668069828653646,23.443598715941,13.825000751932665,18.776894717237987,11.129202116372605,-6.998327317785783,16.639142831512995,0.7494293386856012,8.357175652141866,6.663442976406632,6.441418784799675,-10.052043456148313,7.998987997849604,-11.739628167046549,6.919359586029845,1.8934611973085986,6.0022912710726,-1.926765255894306,7.088284317347194,-1
b0394,0.102819936176666,0.14296422816571996,62.08365178486913,231.00361967865072,83.77561917726895,514.3554007630971,458.72758964143424,161.92005805324757,0.0011317216299184321,0.0822257843625498,-423.5404199535255,44.350477210799816,216.71737993802014,27.356838670952676,8.924786416864753,23.728615039471794,-20.46065970443315,17.362533184526054,43.47228855149507,10.411837663478982,32.15961416303239,7.754752006772354,-11.543934917056898,9.17394994771416,-3.2957622553564665,6.715817265118719,11.080728050063152,5.307338894789784,-4.235865543640984,5.718039130844845,-6.660353127067299,5.15675418091222,6.336430599901951,5.730931476879533,-0.3462423650449335,4.087435177818154,-1
b0395,0.0434943441630752,0.11516654764273823,448.53650998230387,166.80793008386706,47.83492730727576,522.858772959723,261.9521912350598,104.81165648124218,0.0007954310902492691,0.057379855577689244,-550.2533691941155,52.960284157958355,192.24165670198738,41.15818114865563,43.43211305264577,15.438585022252427,7.349500503775039,18.08448565420954,38.272715169798566,10.443118393282754,24.679558550706993,8.810498908562439,-10.765482909558724,9.771051764304467,-7.412203289887851,7.699470667845561,7.380703290294881,6.163219497741082,-1.168555301544056,4.791283013779861,-8.70297192457469,4.428647980446355,-1.9928802479874903,4.577686377987632,-2.3470278683960384,4.302591084906763,1
b0396,0.01665613810114846,0.05820082108901679,1198.5898051328918,185.22917314338252,62.85796443072135,488.7967501931798,341.0732071713147,115.49610841404034,0.000978075516683129,0.05483534611553785,-596.9110982492507,50.10101319305167,186.15485832021199,37.60897341380764,55.245317442729366,23.444320921410593,-1.1744626929630149,21.95613181796055,6.683051184573599,13.197985619966046,9.450440446365956,8.869669939126924,4.146530658487715,12.114027109411733,10.497938282962673,8.538665413846807,11.239392666532478,8.208041740208095,-1.2452340684412408,6.312027581850641,-5.01431317973865,6.925463862832574,1.6647830522995124,6.675732453648868,0.5756194702186637,4.910300341682433,-1
b0397,0.07782754080200742,0.13492025606712865,94.85272485390956,222.8967284219278,54.65662635704413,434.8186319032992,412.19497011952194,118.57439747591803,0.000340027100276646,0.0716898032868526,-449.9347275686591,46.320545704854005,239.57220874816906,32.77184916475554,16.160242540594506,20.23530069309011,-27.777334754457154,18.046614920532967,32.08399286319864,7.771394224371162,24.28860250818412,6.332710038397264,-15.566020882099105,9.654707616967112,-5.551328294189118,6.0529864220307354,9.043817873888363,7.373892034150391,-7.824258661865379,5.388388617601331,-11.596326290070893,4.719200457745396,2.7290137420006295,5.477366366713347,-2.526849662393058,5.179641131115057,1
b0398,0.06574598599035718,0.11348760751950068,89.00190640254596,149.4461801341375,49.694290774986264,495.51201392833013,255.35358565737053,108.28926222662746,0.0012038165687619374,0.042719746015936255,-479.4512220346297,39.21217624578705,200.33134948417438,26.961280350511995,45.614751100997545,18.910298880612487,10.586590426399418,15.902075181206186,38.010747146999975,7.269422799024466,18.496204933791006,6.268170151648632,-9.89583971242375,8.379821283689054,4.427611566485156,4.371442968679368,14.684295033638893,4.482056976929941,-3.4739819102465317,6.0725291687102105,-7.535653538759975,4.846327155480335,5.752059181570276,4.442755799665807,2.1934296589161213,4.531453140349362,-1
b0399,0.10720351686228485,0.14689561330194767,77.17650977504462,112.81411503999927,31.091762241276886,270.3052939600046,174.30278884462152,82.37883896822184,0.0001052130450199144,0.033405440737051796,-468.2079071921316,35.25866926645619,169.65054348446841,22.87289541009411,57.267194031943234,16.976730868189687,21.683553744777694,15.410891491829087,37.794228146477096,8.68073477857332,30.327491652429725,6.119721683359706,8.93125472640561,7.4055900210608385,9.4006902584614,5.076833948272458,13.677418231762534,5.243048198823876,3.1199091133281707,4.847218285572375,-2.753817579885781,4.860799141796992,2.760666371660584,4.696600838915083,1.8290762707583472,4.101383529600414,-1
b0400,0.05365868695432186,0.09536136332549269,122.00437555582701,182.1661558690099,31.035803148306314,321.9221449187155,329.7435258964143,105.54305277450752,0.0001523796275133053,0.05441515189243028,-462.31814467264763,28.145260443682183,198.1081058225263,22.34576540490794,21.293311513905486,9.646193859671525,-3.667193982296234,9.582093103055989,49.69392437676043,8.60949614887189,34.66782724397939,7.7936209096744085,-9.874169192225215,6.777009927021941,-5.54762153562795,6.284916538847997,9.058074129664629,6.078484094408174,-2.993974621563707,5.390822697561535,-7.664061983338855,4.208377708490005,1.0296403345776628,4.375930814653152,-5.402091047749547,4.359032711607562,-1
b0401,0.03667371835926203,0.08746734985914845,213.66289635155135,211.3783256234658,41.3029411266111,513.9336159678708,421.0034860557769,115.61851866317669,0.0008870698352621201,0.06410296314741036,-495.6145643853994,27.35234383054987,202.66528845226938,23.416185094174626,15.155487418074385,9.303128890450866,-14.012161073304478,9.075333059067605,40.542751297522145,6.649189483273601,27.048691907673426,6.534404349148158,-14.184085431130812,6.922956643666384,-4.277040578882965,5.680637720932708,12.035062723009212,4.895045710011019,-4.38054977689156,4.98039660254139,-12.308697898751836,4.8434678641609645,-1.0369919215908148,4.658373655683827,-3.5837438070622887,4.187202208531385,-1
b0402,0.02858876675833872,0.07647637209975697,327.4197311266973,160.93202613865384,43.107599100455666,515.7879722784621,273.9043824701195,111.51299466341098,0.0007051985338557867,0.05174614043824701,-509.9677626168462,42.11500092397221,166.5090316885199,28.780328644871048,50.354988190981636,17.531994665719886,11.836723604326291,16.41295658181464,29.982382874029785,8.727613958337164,25.15929148484757,8.192929269118704,0.44004844101252183,8.42468293945049,-3.9200253830627436,5.757504003761526,2.655060168610598,5.805939127627704,-1.452645099415934,5.664303531391732,-5.19004107464647,5.366487933182284,-1.084486707952848,5.214151278657314,-1.700056328922167,4.655459211054653,-1
b0403,0.06403196451033505,0.1298666221397226,517.4014572604109,182.53727110678705,57.71245897728036,393.89072385328575,322.6157868525896,102.86995456131783,0.00033057886588443646,0.0600566484063745,-494.74644226494036,62.86733554737582,205.22167376936534,42.93932487158255,48.04773662016085,27.91871583221491,0.4351273383444864,22.63997552217564,20.325764761061368,10.68657407794561,7.80903748766726,8.179272106362804,-11.527050798934267,14.688808529463579,4.167615091305075,5.825600975595957,14.481452584140257,5.610185988531149,-1.4679703630752745,8.697546090875342,-6.30073546384262,6.4543679834675824,4.1335199390922925,6.376304496387557,0.9088327117829271,4.5348496520813315,-1
b0404,0.0848777010495352,0.1184647326752615,56.158487244208594,180.73408247881122,40.86802099936509,458.23137907423967,343.62549800796813,103.24247458901758,0.0006573604859371029,0.05504544322709164,-447.8561546365896,34.23489398377754,228.62639967071857,22.075274617472843,31.124145714136752,14.480309093288922,-12.285747200031505,11.110382171509485,31.804135741849496,7.860018540796649,22.031306546162444,6.955515353352074,-5.584074095863233,7.621465314243714,8.312999596886504,6.021573388623324,13.663346423042382,6.515873381021983,-10.090597907782508,5.617144140247373,-11.252574322692585,4.742571873682854,7.252683771112111,5.001330406503197,2.2924351961328973,4.278496258379879,-1
b0405,0.0108050532575554,0.06897417734469438,5545.393758290981,198.2314227707567,38.79087351162044,346.96759141851527,373.8483565737052,119.3326913789193,9.802776728826757e-05,0.05959754731075697,-635.1935840738013,56.3727454246148,148.57572677555632,41.610584902813386,33.24037113529378,16.812773030730636,5.735759829988942,17.91338609946558,31.619178334789716,9.573580849760843,24.165068883330775,6.785837521551386,-3.566052507709284,9.953974104993975,-6.07362889122397,6.054841377623978,-0.09754214952950611,4.885367917783795,-5.451415198409053,4.908897751704392,-5.70332872648038,4.833074725513641,1.2430289484730541,5.157368767503266,-2.8353628480780193,4.307025118571585,-1
b0406,0.04228181113891746,0.1344190219884947,844.7937610914092,157.66909166546097,46.415487996503764,462.4066321480383,266.9945219123506,123.64874298613921,0.00048906402497435,0.052174116035856574,-552.3665137667776,45.541064714316796,178.38246470069168,34.50854365137165,52.913684807304385,20.314880512592843,8.281103835913559,14.783551770209382,28.471862628270554,7.4812690247878555,29.210950165262165,6.655079633888387,5.1671984157234725,8.409989210371517,-3.4825483692857184,7.3787142688972525,0.859739151621885,6.315142220795994,-1.4039954730539304,5.825923080465523,-4.195489870334197,5.414725096474412,-2.3264541287950458,5.177357194517958,-4.914741366840664,4.788616177105023,-1
b0407,0.019662610041602167,0.05173000246959699,523.3934126678987,210.34866891408765,65.18966417937322,499.0717340366319,383.46613545816734,140.4980570416391,0.0010335847303138011,0.061114915338645416,-494.4921695468669,49.306355146977296,186.11528364993202,28.820213664355308,29.566696331326472,24.678035203922413,-2.15676552391646,20.01142034827239,28.776548487345714,8.628151116169581,10.040157962658224,5.802846543953321,-16.150427499558546,10.818071823759203,1.8466145600478976,4.96334155766325,13.194184255745824,4.974221825070809,-5.3439676067198345,6.290248037542816,-8.428947525705786,5.276274694461116,5.472024236538762,5.468261121385868,1.1992232831757739,4.732046998432029,-1
b0408,0.014328806732292716,0.0828572395924125,2129.583098518089,177.35018610354405,51.12927911044921,499.57507472765377,336.65338645418325,118.81331166527838,0.00036677214734436367,0.04961404382470119,-575.3873561383582,48.6609378560538,141.68835756471987,34.92048436076966,37.76715065894583,18.496611581246334,9.324209154295525,15.889964941545799,30.56197821357627,8.319088866274804,26.114711636981998,6.357678161791957,4.041198644282948,10.855547278568482,2.000501881112635,4.97921289741942,6.79191764424778,5.668674051035199,-0.18797949898919097,6.372330679127765,-3.87303831615788,5.6311435751231524,1.422803540657885,5.135945572944959,0.3339712240825872,4.344735652586756,1
b0409,0.035576532631918865,0.07031828845856189,522.892906645187,179.4203523487088,43.36349732336953,347.23089725619104,338.93623737373736,103.07612783626918,0.0002866887976622045,0.056255918560606064,-599.1751073968873,41.766332467658835,213.62326186516168,31.089617442382224,38.12072889948728,17.199653075892147,-10.13638341508628,14.953464185249786,25.59322571215194,8.462845709594122,22.641927784049354,6.554548261215906,-3.4234353386661573,8.65922122195409,1.7080682944270533,5.534397939481669,9.853400994447531,5.1711919906780555,-2.7000258596747186,5.388137816629006,-5.492318756548999,4.660990441750268,5.0864003823112816,4.329001564277725,1.7727842712193274,3.73288920525655,1
b0410,0.1267199500453197,0.1540797737605056,70.14898419097783,101.62801612924737,34.223286222258025,470.2137107169557,157.15263944223108,80.57000945875421,0.00054963197464164,0.03649464641434263,-491.5977644990062,41.34122231304421,166.01596103623132,29.525470391997164,87.26796661334298,19.687479683983824,45.41998188996075,17.14811340821643,37.02046985105923,12.76382337202533,24.547518283854306,10.520063043777474,8.089395968304629,6.447355361461415,4.814271356724173,6.005169385352222,6.632393983113963,6.7992300362339355,1.2551021701905591,4.54132210982029,-3.6360129513524058,4.076982993287738,-1.6795109137689057,4.3369264582462606,-0.4212394216548022,3.9590328950257616,-1
b0411,0.04414847699976329,0.10934870436608472,200.18595312184016,150.97287778310167,29.710648025562715,381.55790412979275,253.89068725099602,81.14007208745484,0.0002995661033163352,0.047264068725099605,-556.3035241726055,32.378823016377545,202.0928288123292,27.130401602710705,45.445647164171405,14.349373361951404,4.232432574352738,10.537483970688763,36.56045878260277,7.255113119177172,29.004080702280266,7.529028669200657,-2.557200929710004,7.797607940952614,-1.9777254609818933,5.917887596980483,6.736469829947765,5.040839609655211,-4.008273137832094,4.973059740330941,-8.344183862124588,4.693783255530363,1.7707106982057623,4.601395224623429,1.6305071132303648,4.706263199133461,-1
b0412,0.005313554157377154,0.044436243766258265,18294.987933064498,140.387805164003,66.98091278229539,493.94056083735416,228.36777888446215,145.54378055259437,0.0008891538352179517,0.046664902888446214,-633.5515529161195,48.05797435419704,86.84003527169078,41.40194224172199,53.455422368346575,19.631994340615822,35.608746685924835,19.168319105256867,29.434196113097023,10.978215200509965,19.534342810125413,10.383324487838532,8.950466558260977,12.28525218408451,5.29958073987844,7.902812321665323,3.824428872670464,5.97074033058067,0.17347212208481705,5.303284222441527,-1.6156503779150362,5.376012989857851,-0.5808068187532172,3.9958892072868593,-0.7975383170137308,3.72156129359197,-1
b0413,0.10692338499707825,0.16046575486574396,74.09255988929422,164.4973823758647,56.68945150017753,473.5129822595181,301.41932270916334,149.26255205544697,0.0008223959786602457,0.0460968625498008,-411.1497237179094,41.90377359862469,188.2359939054804,30.011800965888476,30.506551842814616,17.985777339727225,2.7010765176417655,18.557006347803615,43.410204943643755,7.539888946461844,29.17614119369741,5.781888542613618,-5.171200363250469,7.516043099528381,3.862863649628786,5.047177080653559,16.28801347014835,5.112988564768762,0.16360260052361628,5.550827922629339,-7.160324861078426,4.834018101193878,3.778454376542523,4.32841990338262,2.4575488592504047,4.258291307626737,1
b0414,0.04821047142018966,0.10664691195342024,245.25642758094205,139.09653542906898,43.55578798184781,417.84858406881625,232.38296812749005,110.05285961128179,0.0004219706594701355,0.03933484810756972,-489.78174677220716,34.19077618999584,166.42683248367956,24.987922777591166,49.51159839675588,16.848596153116095,18.093470476451373,15.793629205759943,36.25758770339384,10.218060700757471,23.802922835829943,7.018117414704311,1.5229385180995014,6.5433956854430075,7.206961205770069,5.624464030637463,12.541689437628548,5.627023884890768,-0.6824669377302132,4.651419361797171,-4.913913770450773,4.3878948925030095,3.7228409008188845,5.182904413492537,1.6886093210446083,4.297959441914414,-1
b0415,0.12556083853664007,0.15685552631554275,79.7011930366558,204.85193271132235,42.57736882884332,305.3534229860357,345.5864043824701,84.57720525766992,3.725384312812689e-05,0.07019577938247012,-463.7074820269051,43.88055249462105,223.85393204002435,28.523833153347784,26.748723254401522,19.464206924065916,-11.897738619136463,16.602379848198964,29.992584840680724,7.519092954694038,9.209903262261056,6.557960419496917,-23.014912081645928,11.857914274058516,-2.048116339113714,5.968652184795016,10.502388001895667,5.601249534335185,-12.170909558416264,7.310314600775947,-14.4979472162808,5.582731248821331,2.713418923525215,5.048401485689524,-3.551796823232695,5.044304499551612,-1
b0416,0.06419977571534574,0.11155616224969746,99.94027928411094,208.55099479234067,57.3002176132119,455.08485821322824,385.02241035856576,134.40854288850574,0.00040078590015177334,0.07343283117529881,-447.7194203591748,30.682123842990144,217.02312951801332,26.132771206703854,21.07487361398337,17.098576383772148,-15.149507729848953,16.097128962902804,37.19568128667167,7.923052828758995,26.52730037694009,10.265561404601067,-11.386030877923265,7.355021413388964,-3.8812954915253055,6.7840896998896145,6.783124358599613,5.822640147282405,-8.831837445878904,5.734169284761003,-9.487265426979091,5.8390535527431755,4.282629659752396,4.641098776326066,-3.6054378627267836,4.175778575772401,-1
b0417,0.03090437741808205,0.07395207432310023,508.69494525809597,134.03542013388596,45.06026145378612,439.0448946463125,224.94397410358565,122.56922345054345,0.00032024027609253177,0.03434698705179283,-581.8574843958532,47.903335362190674,170.8623781703123,36.35812885121377,44.75052407645062,17.088867742959717,9.891453171325715,17.14312530534809,37.475092248920944,9.555847018789208,34.45589168636636,8.62336481554861,6.544167137586663,11.726064466925738,1.8041057205826316,7.444048275786449,9.739980328964371,6.6648937520584655,5.57390788995691,6.653580404605688,1.132794556189379,5.55071941316534,4.278692411222721,5.4802400853251205,2.342207349461211,4.959176277037647,-1
b0418,0.04664089395792882,0.1178655595111484,624.9551252784012,148.4719330289033,65.12386309697295,474.6236687337659,256.2562250996016,139.04256412395978,0.0009685982664600209,0.049380602589641436,-555.3437140931007,58.30198121359157,177.39386850834475,39.165330231879956,53.76592304211006,24.082837707754862,10.039710527385946,23.208565592175923,27.441056170826183,10.512374702806909,25.35403927034295,8.585376241930478,4.010043691312499,13.519181195677278,0.8597000722429636,6.408200820193175,7.0218583453486545,5.7731774347096065,3.27964959981568,7.381210010822372,0.04623916843254553,7.454960942188818,2.9362391181842913,4.997807058756579,0.947179460073982,4.721321733040166,1
b0419,0.11979821666946049,0.15673976646203125,56.725873640043865,147.66395436780422,44.56667610772353,515.4816099526738,266.96339641434264,105.63333709850768,0.0010788102925411683,0.04249408615537849,-429.6858450502965,31.200048087446895,194.831124703496,22.12272470904421,58.525874656927286,15.331869394399815,7.296771721021942,12.225208151482594,20.12656249274137,10.882413170271695,16.763840550964243,9.309202904758953,2.5706459581143486,7.206522452206883,7.7975041585874525,6.132670136680908,11.62322900705032,5.882740977784547,0.4872624247865113,5.2864598181599884,-3.3761572080946682,5.523309010545355,2.042000522312932,4.766915661705469,-1.0703280625960003,4.507143891664573,-1
b0420,0.1034972559386264,0.15722184200988226,108.27185659628422,148.2903618708747,47.230764283737614,466.1658681968481,264.59785856573706,123.89861730077837,0.0007508847671604028,0.0426808391434263,-455.8957097721978,34.449488511027894,198.0015561550267,25.283181425977823,42.29958684138836,17.28608705821302,2.1456527152446956,13.227271510323893,34.685451293666254,8.607901629577432,28.55960768059074,7.240505962662861,1.54409400706543,7.359991349001454,5.238968893856612,6.121776614739952,12.145409646428643,5.972227788905147,-0.8499504830736209,5.734958375236777,-4.474074440492391,5.90025260390112,5.437014351472828,5.345802720420742,2.2579380891664544,4.878634934689938,-1
b0421,0.10381959449323169,0.16097532592490255,79.53832454369099,134.73022417032217,36.68291424331161,365.4485947909649,223.29432270916334,93.79547849175594,0.00016743183120548492,0.04442386703187251,-468.6436133521303,38.91988150838471,196.40649755549472,21.840601603489592,56.54623830444197,22.387812106046887,18.10791805184786,15.562873661392704,37.703917917295286,8.1156184301738,20.613319258934446,5.689774568424762,-5.626328861606029,7.447906553654462,4.112188753678463,5.740311781757546,13.330017685366135,6.547883630980557,-1.2164355918090601,4.83289531411389,-6.280320120725816,4.729323313294941,3.3391616130794386,5.883363276495087,0.39036751552620186,4.598372352201404,-1
b0422,0.0924374564964275,0.1420153342499713,90.13735385909251,184.17382839482914,45.44938551386278,470.3016856589012,312.56225099601596,111.64580334787323,0.0007494991208355381,0.05892834910358566,-439.3953485399985,40.46905774394657,218.833044256226,29.576418440424955,26.798910066258088,16.548125986383376,-1.0473916898610207,14.620685184095013,44.732711921745846,6.850832473551893,17.293507290798285,6.724254941579191,-20.41678743583327,8.728874535124183,1.6781074533445992,5.5439259638094445,14.86557932156639,6.036602496241308,-10.038645951482769,6.32023442099524,-12.628649386260724,6.121789117245368,5.579695408668342,5.985477472682043,-2.365014414956692,4.8317101487008545,1
b0423,0.03068311718258155,0.08617937459101334,363.841907714941,185.9732273863685,28.906193304145713,356.8764223573378,333.6342131474104,96.28384917500735,0.00014559936589304636,0.055582358067729085,-535.2664550538792,37.503159411340135,190.04929561382204,30.03106373951959,32.7013823280154,12.404783370640084,-6.786384713430318,12.732291130449497,29.698361527783803,7.278898134346155,26.677747894707878,7.037024426639895,-2.2763388151171293,8.424709242326111,-3.262025730861041,6.929587526991521,1.9333960495512172,5.737789200414133,-8.880967132360102,5.4670141537167805,-10.484024086112827,5.37586636125416,-0.84550396272546,5.620286784157203,-4.524532015686764,4.738527921532959,-1
b0424,0.10990154558889031,0.17176859192679533,84.15153379286963,193.78692669326497,59.720836766685046,418.9494413441654,347.79631474103587,149.89948066670527,0.0003964618849887288,0.056881847609561755,-437.53314229338173,37.48720327916197,226.10959313159535,30.107437234629526,17.00847823320729,19.106918473307843,-7.261709665146966,18.26985631563832,49.43959958673114,7.64933105470248,20.702371420170685,7.050616359086231,-22.123019892942875,8.556544495896238,2.752951527099308,6.692750111472073,19.212564876238716,5.083263838715161,-8.631663225971021,5.257344538397437,-14.145451735748933,4.3044094346297666,5.104096731199852,4.347769114316278,-1.1650371948144227,4.517145116901591,-1
b0425,0.056263213858590316,0.12137556004816219,405.1468943125879,189.7367700329847,51.600892323151676,387.8604222760597,358.0988545816733,145.50343056037687,0.0003744056324034162,0.06043793575697211,-483.95336732938233,41.59677094884241,206.81713886005934,32.25100232323686,31.373721550890235,19.618128509092337,-9.311899511827962,16.32007104124405,33.86644530282451,9.440836484717712,29.246280222547743,7.0843161221651325,-3.777771168219276,8.02432650085029,-2.2169843314018767,6.063004092977104,6.466023829861477,5.605171339060578,-4.961353175053757,5.866954318903343,-7.0394412660256815,5.495492172650669,3.375180871265596,5.794726744507743,-1.4325480183861592,4.7275476832042065,-1
b0426,0.06518514993103738,0.11438477194005163,142.62535838001287,192.3573363424055,63.52688967121534,492.68165134906116,346.3022908366534,147.03035588789476,0.0008994302900059591,0.06009555527888446,-479.8611922490529,53.672926757841,218.1358628344099,37.90293998406042,26.81454681913412,25.76402610569024,-7.932617693162357,22.19461920331776,41.526238960147246,9.729053222455741,26.754402799064966,8.988615917811416,-12.72858981775241,13.105168091869551,-3.4741934258433695,7.129050958854881,9.002868287934843,6.282417263554253,-7.80861631992574,7.566271541562321,-10.224042611370175,5.560586612860393,5.339798298097749,5.461880630656667,0.6900177925451348,4.581710811968277,-1
b0427,0.023989840719504697,0.07825029484631768,517.6689993798557,135.65056140636455,44.43300970963369,472.2219002338928,221.42679282868525,100.95437124132853,0.00046420297742250587,0.048579121015936255,-545.7426310090777,41.57992749798049,143.64151669724652,29.32695342287216,67.58527860275258,14.293024439530178,28.581279497388167,18.45914032726782,26.883722465732042,10.33814951137485,23.136310692360627,7.988382791395757,8.95525291850997,6.663558498714126,0.7354057025953858,8.72200054744972,0.3493716383878894,9.570378060724966,0.39132485766822295,7.67700134589839,1.769989753966805,9.354883968207588,4.6374135681436375,12.61774328089102,3.2550905041640568,11.684485863793315,1
b0428,0.12795492852393509,0.15147186424633777,74.09054630648247,118.28148338426578,36.97193503930264,495.43619045073893,176.20144422310756,80.89887579479354,0.0008411786302333675,0.0363312375498008,-467.23928519700246,43.330164465823394,191.57019311709155,28.111568647177624,52.622828492875534,11.72979410156712,16.26388271664587,12.619045836681181,44.40679225951791,8.378233246288906,34.48742744643061,7.957029296639539,1.8919223220513535,6.179690932737857,1.1910669424174871,4.851726967711117,11.945284198518388,5.1805165611923325,3.9596686786121102,5.591735530762305,-3.1947174499879263,5.404182795741771,1.9438416734255421,4.913536523975418,1.5162607864666786,5.0293183309777465,1
b0429,0.0598355071578098,0.1319550949869243,588.0830800408546,94.8705639307412,34.18259972608711,493.5030373015758,143.6441733067729,77.17852025069216,0.0008124276765061267,0.03307084163346614,-549.5255360675916,33.655678224965996,119.98627069963413,27.029857177092357,87.65917407209623,16.65679025795481,59.31854164614647,11.560056294871412,40.336689978931005,8.84425056635438,25.837906678332242,7.881435593155755,13.279751837224431,6.612863834334982,5.051487127808133,6.472624408480939,1.8240848985571818,5.281381530350929,0.8453802925261648,5.018871983137379,-0.21364011757865353,4.619603188963189,-1.3808865339528702,4.054975803726955,-2.0233315769351607,3.643138283043037,-1
b0430,0.029693828139837633,0.07075790346114635,477.84834626116094,130.29038698701066,69.98751426494992,482.3015049972291,218.71887450199202,164.53462885236905,0.0007615679705120781,0.03400460657370518,-558.5374236368316,66.64561115402967,153.09184804041695,46.28485529658284,54.48141626269173,27.03358860783195,20.314819662355134,28.737937770341638,32.769666501617124,11.206714589203344,27.72314256145484,8.556206415585658,8.955174384117527,13.554089442609099,6.9202608869473785,6.984713479158461,11.22289315974685,5.8073548221074045,5.822026753874871,7.398638681241114,1.8483874769825566,6.869492487038791,4.565151628114913,5.281630537789715,2.997161701098164,5.246379377172443,-1
b0431,0.07898166285126837,0.1302871600732467,88.88183090701698,213.73909049671934,48.85215106983879,479.97834260639615,419.8207171314741,148.53546828193168,0.000771673354797188,0.06833603087649402,-459.697776003765,29.69312221719982,234.3435846223532,23.76481649348792,4.995311774590374,14.190681010619953,-16.732988760941392,11.02542215226474,54.13775079465909,7.272765927849882,28.3836644608096,6.698108692518019,-21.89831898956244,7.043308638498341,-3.355681516993459,5.0814224931671275,13.031655613777403,5.194592721947385,-9.856398487418092,5.108273746475991,-12.679921057400184,5.225337000379866,2.652608289336455,4.762475811858649,-5.81855830369779,4.250615163358365,-1
b0432,0.06536069722513693,0.12900981051530652,140.01997818401864,133.1702467439794,32.05160994037772,371.18261173542123,236.77166334661354,88.41775026936857,0.00019829039720966132,0.036525771912350596,-509.10726663486145,29.661346388572447,188.41492294780292,23.292467595291537,53.39205399759024,14.572411454891233,6.086220069911598,11.279623648896136,26.12213735885379,6.850854492373119,26.661199570043546,6.7033167850419595,8.198625040527222,6.568658143527797,7.32426972215623,4.954348121037832,10.533907352843773,4.791091298832338,1.224262594565145,4.340528427094664,-2.3272919813408457,4.007093474886377,4.5072930413505174,4.347485873791696,3.6139964019250193,4.267415151327675,-1
b0433,0.05599089011824567,0.10335184414815413,118.43217184386053,186.91160832409915,41.40519489801984,449.3200810119169,343.78112549800795,111.4659840458333,0.000649546154731512,0.05837587151394422,-470.624196184815,28.1057569742709,208.39001045124908,24.55543609573389,26.245737357028865,13.543835093892863,-7.611240057794227,11.459892290348687,37.92905183767786,9.1078200319286,24.611711423318628,8.09237994946742,-8.601327431555417,7.054892043304392,2.9081272289450464,6.431068056952824,10.842005302464583,5.4386840804013525,-11.307291463423812,5.9664269959302505,-14.473957268934521,5.681155638400757,3.648923982528005,5.027094770646341,0.44690195721036136,5.104995159443037,-1
b0434,0.05973497523623676,0.10991852927514298,87.82150061413306,204.58991227982622,29.017981535965546,311.7333782056931,399.62026892430276,108.70625519480687,0.0001000642166744878,0.06662412848605578,-478.41058902709455,19.86997589048329,226.57634233040258,20.613932440245005,16.417062690646116,11.265639096976997,-18.30873156209167,8.665560519181673,43.53930164838116,6.32141587834834,33.36442183917548,6.354047302973847,-10.830690890760675,6.344351104548943,-5.613642983948773,5.936333908977166,6.219597247839917,5.686340946560076,-10.258151372344624,5.177726185711968,-12.379653273991032,4.613474191458133,2.9604314513658356,4.553960106934741,-1.6817920031184126,4.427996783535801,-1
b0435,0.03162237587071894,0.07221494377231487,431.7288340279873,116.79361609231141,30.469923053346108,366.3169486092238,182.613296812749,68.86901711429744,6.435937967915586e-05,0.035070654880478086,-667.9110547423935,47.51831758545923,187.77351344026314,26.507418533741777,64.09284093917285,14.850747725709223,14.509635908636435,13.277456178716024,26.827450730740356,8.986846146016202,27.170383693344643,8.178655593541096,10.950939026331897,7.746423093163359,8.260050111505898,6.468302677130613,10.756699505752316,5.888480658676503,3.7415475628183503,5.676894054777427,-0.9108482885711917,5.055398474043273,1.2420355614491587,4.463861494687285,-1.3816161735688146,4.644903235765887,-1
b0436,0.06155956583535806,0.11043559387904849,311.258069273047,143.2735116931308,40.72523796012733,439.9864767358,244.11728087649402,97.68355601680071,0.00037931326949800144,0.053146787848605576,-520.3710866717637,41.50653331567913,189.55877835725022,35.16906517249594,67.21079683597972,18.03997430463912,13.407777799221858,17.006475083861474,21.899322899272953,11.27805273190663,21.87158434234315,11.886739768214934,4.147027377729787,12.390937377773847,-0.9471668210510669,9.085112673217516,3.518606996567401,6.897163115021364,0.9304734368741565,5.717176810929665,-2.1962723430616546,5.895923738570255,0.5418719629605813,5.156117353713537,0.5089563050244136,5.406946818824589,1
b0437,0.08485223991573614,0.14142432556491,148.80666909186945,121.81181895141738,45.34788005093194,554.2859126901748,194.09860557768926,93.30142026893807,0.0018723757882932717,0.037350597609561755,-566.9048588117673,55.31326649937034,191.53950332734206,30.140314794460387,63.19767426467566,17.053852330513095,18.9804346065798,16.487415060542176,33.4986161518905,8.337946339307852,24.707656378770157,7.578116680438083,2.2784479132481055,7.723157446514804,4.354665125599731,4.762984539212867,10.843818013078254,5.5383659288359075,1.2184604409473838,4.904548076492439,-3.6615615805539092,5.396164143588759,3.2137950467395693,4.966993477501927,2.4348868038711213,5.170724392648793,1
b0438,0.11106704200707322,0.16891599560263737,130.8283112817842,138.28822786763615,52.950082978740646,470.1875968129195,246.1715637450199,131.39673130363937,0.0009146811920216256,0.03855671065737052,-440.76481078284377,42.81756310913853,178.3141259868221,31.22760195523377,50.48254836440109,17.476263020113517,4.126787070022422,14.091967355029315,24.39979607282931,8.578447430581223,29.159668371877096,7.027365122719728,12.402263222577067,8.872740273699947,7.943804133397515,5.77399999912068,9.591171969365963,6.277473235365903,3.2210350707496564,4.889572019512431,1.038345506767678,5.719586865142861,5.900497938477792,5.165918241127043,3.7444064496344294,4.453563194680577,-1
b0439,0.08911917344053245,0.13781406758218934,87.62387532751163,210.22188090893135,49.53021117467762,485.09635242910474,406.59238047808765,128.05813668253666,0.0009703498723464231,0.06790805527888447,-466.1109710661536,38.96528548553411,233.44317424081495,27.233958977750625,14.410584897520893,15.494922056166416,-23.569918965037104,13.526584226297846,38.74966453447439,7.981262812660738,30.208633689812636,7.095982633225619,-10.387257618934383,7.854331793996438,-2.8049169479283393,6.3674898197659715,7.018475816323145,5.806886658383125,-11.334308553903046,5.3728793521145395,-11.905276744928432,5.693581972253371,3.748049095426935,5.221173388667562,-3.858628041089373,4.7430008897931435,-1
b0440,0.030108848905961785,0.08442180875186706,706.9026509247595,181.15528657107564,39.33720311344028,322.82932185460174,337.1825199203187,118.7403604290484,0.00013782371646264914,0.05627490039840637,-553.1648964821734,47.095695825806956,187.1407148329321,31.23312435603178,26.78283886523115,11.688690825196575,-0.7184374836087066,12.380719376355577,43.75994656952917,10.153103609743335,31.45193285408013,8.56008040536125,-6.4884768948746165,8.725542431144037,-3.200545446096198,7.3588238892860725,7.242980822058015,5.6564326377185425,-5.0860667166060685,6.216281792241476,-6.0936311691387735,5.899401864118536,7.475280494187413,6.16432624574173,2.308177771934757,5.749573980947878,-1
b0441,0.04666516845516511,0.08555808285448474,192.66862812397733,198.4602440853321,49.804281926534,365.5162600413976,416.08917364016736,122.4361940280634,0.00032063905405884784,0.06182171809623431,-510.98929778046084,38.73269825202955,211.21701701088634,24.059535561304468,20.453912659032103,15.099475200091113,-18.96285766336969,12.289965065042999,34.0808420263268,8.339453308638806,32.64356323555855,7.356950499597675,-1.1072538307894377,9.84811709177461,2.3422631842307995,5.461937098222869,11.288929667075395,5.946038390413576,-3.56224886436459,5.963389554884728,-6.473807561734483,5.775884224481884,7.586742038951471,5.217094563093842,5.365542434948159,5.175235243449168,-1
b0442,0.05649656974641919,0.13475898597346495,585.3469558120352,192.5877978990205,63.03217695110451,478.8375489635899,333.60308764940237,116.93364524216204,0.0008660754399801543,0.06511454183266932,-474.0939991951696,56.445571830308594,187.30064701951864,41.00667403363953,43.54611808581438,25.152863174556884,2.3225585648645675,23.96725843630232,22.165277609968218,9.269368756622928,8.91111350084103,8.475631508123833,-11.769039554805188,13.670569234582219,1.4680374980204567,5.8504883613130465,11.199155718288692,5.590007304936107,-2.8552401855499148,6.742255192347121,-6.173617549787249,5.945764921183002,4.529133887384106,4.249682779249592,1.4155937041574458,4.783918264186616,-1
b0443,0.019353311130193007,0.08743689814090798,2856.3208645339564,221.57562357711177,77.73304803997706,506.6235121189041,429.9987549800797,163.08625786390624,0.00010536121311439581,0.0796890562749004,-525.8958176513339,46.148100352927685,145.61880924240225,29.328597905408426,32.02543894086248,21.473242321998985,-1.983285830945004,19.953025142807423,23.03000318462789,8.006760171705274,24.48640845393432,7.832258233243623,2.1865750936255393,8.368303478339602,-2.590816779162452,7.4268222031190145,4.0871244018431785,6.462845437408313,1.0847086495285267,6.089761700710992,-2.2748608190790294,5.079700382545573,1.2481267775375697,4.471475127607947,-0.11584314323555904,4.5400465661953655,-1
b0444,0.0414606324275968,0.09892008254325266,535.662256640338,110.76993783910606,27.981604152002223,270.546956293576,176.29482071713147,59.31744181691349,3.92239331454774e-05,0.03710159362549801,-531.1780486803567,32.39712518460946,147.74001632625735,26.068714510854424,76.80642833289306,15.821468222856701,35.38526515689134,13.177550136855324,27.820823592175667,8.569586085201243,23.35071000776053,8.552583911141216,12.377579553598759,8.74140390890439,5.523641437833094,7.137199032654262,3.876084820748712,6.528641483377015,1.8023105875583096,4.7351589242641055,0.5016461329722403,5.090824738903833,0.9639793385899322,4.713597893973266,-0.37729307571135695,4.467355099304283,1
b0445,0.11921520999866053,0.16667482428825495,77.4047830219818,99.88585847425776,24.621455139309095,356.00728112515014,151.23879482071712,60.43037682155847,0.00019238258015497693,0.033125311254980076,-475.3779076413017,32.43300056549527,150.77307441264807,27.546290013120714,85.75996945626551,14.276763906515527,39.1290984466949,12.988875510908837,23.9365740458311,7.8950063995870465,21.11775743326699,7.006112472056531,16.2642506591781,6.071058547830199,10.61783595168864,5.5861276838585505,6.754836782244422,5.197186750117089,3.479336097276203,4.45350281170589,1.0311179788390699,4.363800819919827,0.43034334374239525,4.024026442315942,0.30369461524449104,4.122778582605544,-1
b0446,0.10602142687965455,0.16969502379117957,146.48097316794372,146.16704486469652,42.84500151127114,410.4108630963578,251.89865537848607,103.66584370084934,0.000278969570689559,0.04089890438247012,-456.7200666547905,44.30214075188206,194.36511230930049,37.165132314864564,49.43219520934989,17.090113058510514,7.754979002354739,17.822316679870212,32.66849335614291,11.261130930740311,24.282814283171312,6.144289734603065,-1.636514275171197,8.494454523300806,2.1246208628462093,6.3910896758234585,10.519262975840034,6.529685819455953,0.4371724771659272,6.07683971048218,-2.8821820453048597,6.436031029708459,5.588573343857897,6.447248417676258,2.574969332057647,5.590020254907273,1
b0447,0.08690361303338258,0.14143537537037523,115.8478083809667,111.11805463816815,24.662318403293998,240.39833610820452,169.47833665338646,54.026261926826535,2.349936603984699e-05,0.03576319721115538,-524.6546259338118,35.850470347594914,174.43346432717505,29.500357305604822,69.2446706816452,14.362379891141954,30.100322418375914,15.641606468920887,38.515332967766,8.948430188306398,27.337511419252575,6.323760929297738,3.1863942364376836,7.719748180215457,1.1740408060145437,6.056097909704402,8.573778746501663,5.49242334223509,3.542499648922468,5.334672239725356,-2.3946283935129022,4.788773726024816,0.19770729902360795,4.735708384598978,0.15513884374872144,4.036492780039439,-1
b0448,0.12411321237108987,0.12968392601984685,39.076945616777195,199.38890855650837,49.418733587845544,518.2729284789252,363.296812749004,106.26806613363053,0.0015377633214142341,0.0651378859561753,-434.14205675374996,34.19157500885363,234.60561708272513,22.086707757458772,16.22359710946553,11.979622789288705,-10.255284346508406,11.368235700097687,43.70387602579215,8.302423742191921,12.61169313157996,7.277207979122396,-22.94452207313964,8.64917110003012,9.741212828212571,7.122145674566758,22.01490674387915,6.056498125975958,-10.91856223076931,5.372382923753166,-11.699743730456287,5.215377722316658,10.85497520650275,5.085852796428928,0.7339155810525986,5.299016309658947,-1
b0449,0.13694819574579697,0.1836540984998016,76.89572672090169,121.63278114944883,30.35416994742839,262.73473478403196,192.69795816733068,79.89145954952525,8.95431704265384e-05,0.0353507843625498,-442.6251183225039,24.43491204991868,178.70029749258057,19.83241865967001,48.51470966611288,13.546182300233708,12.300296626377227,11.238676634477834,39.2899531812114,8.403384634151442,35.029132642949584,6.757557217130724,8.187693597456875,6.355169847772597,5.2540127878622975,5.477151035054124,10.94086065810929,5.534558431433503,3.154707485872146,4.37437861207881,-0.3031675746630903,4.422851585907185,5.656818487399784,4.383145329998329,2.2936371788861685,4.042528570039461,-1
b0450,0.022081614940364362,0.05835443403681599,691.363713546688,207.1259887651606,38.14298625969206,297.1685561065522,348.29432270916334,78.95641343803209,3.179345851636522e-05,0.07025803037848606,-528.0648356351118,43.79137644231945,193.96760589680198,28.250541943025524,40.98188189949477,16.204622371511153,-9.5519521667197,15.427822334628363,16.787133454826876,8.320572888810604,15.513110053622214,7.640756999960926,-11.204968809073986,9.027778124558168,-12.284613626477372,6.254946522938166,-0.16265525463528596,8.060759878354649,-3.2394404406233472,5.05208014018885,-7.937610441229819,4.899524014481377,-3.6352540121241135,5.159721029731754,-3.9880815381233634,5.041402215006349,1
b0451,0.09564527311767952,0.1431981119577809,110.77750461222644,106.24694688707201,41.93622439190878,466.8943524888232,169.75846613545818,102.81722085536143,0.0006379089346748554,0.0360355453187251,-519.2605851398176,48.59921237470689,172.43903258701397,32.633997293254026,75.34371585405353,25.062168802347895,34.31136777792368,22.007540476532014,37.52684419165327,9.444334545931003,28.945558547901896,7.898936616760058,10.305239554456595,8.5747770049773,7.113809304220827,5.209273408718606,9.310770137392204,6.052082170195684,2.309439291767154,4.843475119447014,-2.958027739812849,5.2492049863545995,-0.25393090931542606,4.919220009507255,0.20141939018207633,4.653968936030829,-1
b0452,0.02304210067215587,0.06917253211694718,782.6713443513173,168.13740561781626,70.39338785289786,417.0523946163927,304.50074701195217,143.1323344997466,0.0004061061751074674,0.050220991035856574,-567.4564796866252,55.77958154345816,174.89874618913163,37.70344707886939,50.31832535404575,27.29424044463847,6.992473820182693,26.209693584474614,20.036284839328335,8.010146036393744,14.257586396230192,7.022506844434183,1.1919269772854069,12.262400042088563,9.846785847572631,6.091294542571424,14.231045863848,6.25760543939594,0.4831132535270629,6.153077263587394,-4.50054397627691,5.463498450410535,3.1163171011414725,4.815376788885158,2.008302185446077,4.34860558604814,-1
b0453,0.08677098426679282,0.1581049057534935,151.07709946784166,155.37429992393032,44.952730405727394,415.35354925209947,255.851593625498,97.47984222463454,0.000394995582585416,0.054734188247011956,-462.7665491027249,38.33697537187207,187.7763604831829,26.520976992181726,66.19597283159683,24.35012202676566,19.208464811193526,18.804941652156366,24.24977050200021,9.182042604736539,11.061827490457132,6.777494946648131,-7.275872146514511,9.395752353823559,-0.48265361686909164,6.989561715832478,6.395145373526614,6.825282322921932,-3.5748592715172465,5.981581864092074,-6.872819566007589,5.168911509572837,1.0445522329029835,5.06907642297981,0.013751546930806127,3.7692248697438475,-1
b0454,0.032410054010014115,0.10341638925847026,1120.0674868971057,169.4554221134306,56.082133544604496,344.546828860244,316.3284362549801,130.41593322410824,0.00012168565833359713,0.04983192231075697,-509.3536197712072,39.91307253100711,155.52182441850235,32.47002987622112,46.90825444026935,21.437743134100984,9.827081772001614,17.7432493493049,23.433008901611593,9.33655974947556,18.54135443945233,6.893762517673226,2.8375945004920062,9.16893813751533,6.2128782976610335,6.307867857458786,10.971108982343926,6.366512207466133,2.117866762302959,5.503140144459405,-1.8255389439726284,6.0257029552434895,3.2390649700339718,5.335702517105474,1.3188305089633778,4.893812510632353,-1
b0455,0.020466026089315456,0.05292245693877389,414.14492595982875,132.8137212921383,34.879168575460405,360.3946854387598,214.32722107438016,80.62165486269348,0.00017605549182591706,0.04526891787190083,-559.0660043981507,32.96064836217133,156.05604879659649,24.691680003900146,65.0764605801037,14.787867113364033,25.39804470734086,14.545060960173604,29.833757991191582,10.350450864256059,24.693793048533017,6.765164254044593,6.311137137024481,7.649585953623591,-0.3014025970113417,8.21171469923972,1.9862088301328804,9.550782825779248,0.5106467908269687,7.264320886361309,0.37570560619227417,9.304026003917857,4.168844182167932,10.631750292149553,2.7405489446232845,9.214202156948653,1
b0456,0.056295305783995504,0.15477599987136345,577.639853871397,152.56329178687471,40.34268066991036,374.9596418288439,263.60184262948206,84.68787576012923,0.00016790446406897777,0.050532246015936255,-489.4633458479222,35.781586927144026,155.4980757544852,28.85194301808808,65.15757653778334,19.161207831769598,24.636661064408642,14.002587078613113,21.806265712136966,7.490986438365299,9.939144160511628,6.217193808934129,-3.3658422989249184,7.138001285833961,1.709644810333284,5.451172196750113,7.306298687384688,4.860374167302901,0.31508291729441146,4.640151083939542,-2.920943226723425,4.800182893361672,2.66497511539951,4.54243470736361,2.5803203483281476,4.378322553088877,-1
b0457,0.08813529646377968,0.1477508027562686,80.21317203360127,149.1166515744033,41.77307107362049,337.0272742264662,266.4031374501992,118.97449542233008,0.00018484847831226202,0.04281312250996016,-444.12812974025945,36.094304051753646,181.7617199333377,27.04842871555795,38.3430705823256,15.106926261877705,5.466284657437534,16.954263896559116,38.26626894852518,9.470544736818045,29.877481939383678,7.847638560658051,0.7983706523875207,7.56024731278499,3.2829697594294207,5.826104295847854,11.552467177705138,6.290602105238254,1.948925417198539,5.249822625010947,-1.0477741183692353,4.832158604701015,5.088557782501689,4.509353720163694,-0.5188613784823704,5.165510804853198,-1
b0458,0.10698210243273099,0.16330470617297593,157.55722498967816,98.13608251819036,24.81178313582123,210.5300105196718,148.28187250996015,63.044079618390505,2.138329941090095e-05,0.03487612051792829,-504.05299073050384,36.19773828537546,150.80439379652893,27.376082413040514,81.71273373140798,16.166711475197555,44.52666155988481,18.084412406904487,37.45047278570856,10.528218010722318,27.382256603849278,9.861648457171475,12.354539163136383,8.549699239416364,6.922789907832344,6.303901651162771,6.5987979159083805,5.642236081282108,2.5732678277897496,6.2709613598086635,-0.03611740242689422,5.598241795287648,1.7312347479172683,6.250468880426478,1.1448210497968359,5.84313459027784,-1
b0459,0.12305506801921595,0.15932460131541443,61.27291663050488,180.70007147219255,52.270368613044155,347.72492645200197,376.2450199203187,167.80716387600137,1.7825743593327957e-05,0.05204183266932271,-413.68007573033077,26.96108121105727,204.21935215583974,21.01871961152107,17.493513621240712,20.234798098181805,-8.904760649391555,12.871642784569524,47.100555837220845,10.4508695834908,34.02931642222867,7.100162139635324,-5.071762460353927,9.356098858106096,4.849380763198672,6.722561363237322,16.671256218957392,7.271679601563427,-1.2562937937707257,6.533091264995431,-4.3804159552119035,5.293694003012162,8.949495611634037,6.929851412052237,1.2956456881124645,4.817607975007549,-1
b0460,0.057892224051249525,0.13267426687394554,626.3676986115576,227.94340635612903,68.35423135352445,489.4847044350671,391.80776892430276,116.8729666425264,0.0012045511213178628,0.07979799551792828,-461.2819687345027,54.691769456164145,203.62958831938337,38.01188529386767,31.315217365550318,26.264185295199432,-11.64917421555178,23.148363219201173,18.58559101267451,11.336228697866652,4.402240508106431,7.846961198583471,-18.962093611660976,11.949580862465691,0.17586502781995636,6.491825499277741,13.397813569431658,6.954738495995964,-4.007671852091406,7.1096018282221305,-8.299131864042623,5.738614947159391,4.215373962939786,5.709040682736326,0.19836124302146924,4.459047216284341,-1
b0461,0.05590785531849179,0.11325865946432387,184.15926896900476,116.3236523361649,30.295835825406492,371.27721717655527,178.94048804780877,84.28426243055111,0.000144142685429351,0.03581766683266932,-505.40740152913685,34.04664532118881,157.8469874198429,23.886243870182188,57.46625881776031,14.124482406303425,25.425459849572075,12.722076399727877,38.85891617340023,8.03647663336991,30.299044046466236,7.150267132986888,8.942748277031964,6.330293093810791,8.07658637390671,6.03805655386815,12.28374456933461,5.54027224492531,4.02893622738264,4.541399435024926,-0.7980198437858755,5.198476145044528,3.06827030380938,4.908196851357616,0.48911151719078527,4.93089635162859,-1
b0462,0.09913266075923045,0.15026187503113367,99.39445429766758,103.70484485352686,32.746486024851585,452.69583087617275,155.16060756972112,78.83473607147137,0.0005583290827894794,0.03142897161354582,-494.7741588172314,40.1207140589246,169.25737398603874,23.84415927964704,62.044421642629054,12.349043656513844,30.272840525687972,9.45672316266566,44.17909744329196,7.868622630207852,30.701600803399867,7.316994857258186,5.791338251593726,6.552942062944822,6.583484761990271,5.505673545888068,11.896296933677172,5.057809371273445,2.2291617762628118,4.104040267967059,-2.0775105116660995,4.603313273673724,4.444767177133047,4.7284081550017545,3.050586048860518,4.460892739631568,-1
b0463,0.08060532843226108,0.1463153375226779,275.7972497242118,118.65326253341983,46.09161498096873,367.91862386515515,194.5343625498008,92.75192641571778,8.266292268519656e-05,0.036354581673306775,-489.67524343847765,42.91325475652495,158.38321317461615,35.124873012349134,72.94168899856956,22.0987284867075,27.242362382004423,17.447210240734815,21.394330365348136,9.556702727847046,17.771105191682945,9.463839079719442,11.53978067394298,10.43393853578882,12.249956255860923,6.597979533803012,10.80040180478908,6.272796261308333,2.4943417752694277,5.31178643120254,-0.796827583584786,5.4493957795377375,2.7218353547977827,5.4830945977025705,2.512080931702497,4.48595513305336,-1
b0464,0.04791281079036754,0.14507607309973455,463.5179065349999,112.95954780514249,31.165414465730905,396.69324521254623,192.51120517928288,73.16442744458237,0.00021398368149272223,0.034066857569721117,-513.9534500896247,28.93587170281517,119.01611699980708,27.60331979385627,81.55525808519884,14.190804828297413,44.422569848922016,13.397408447701872,19.77281753013038,10.43058985032086,8.9977160326467,6.3566567615129275,7.192283744130124,5.308831089433667,8.420781157630115,5.909033224717124,8.401404004845322,5.61732154563038,6.194284288154437,4.454540102365347,3.2128321066584404,3.794097869381002,0.7818070302714505,3.401199587130563,-0.5382966616244548,3.2332381186688446,-1
b0465,0.03658516837384915,0.08659741292344461,712.9412015364925,177.95513798904264,52.90807619146968,413.3129330620757,315.4880478087649,113.10351585110949,0.0003083305996721882,0.057551045816733065,-480.8455767734953,44.79064132806964,176.1625612034611,35.544707593115355,46.527092367674015,16.817288912092867,0.9262073286159204,19.214193786683683,21.714553030074434,10.480262301251843,22.937859197580007,8.255166025276218,1.2806099713746688,10.216355278685839,-3.3866976743013955,6.495443764935758,2.7701675050382595,5.420088418128472,-0.13336052530150344,6.221702663056151,-2.659619216695998,6.738228322568719,0.9160003934230629,4.5322600976116085,-0.7899973691964953,4.322365636771056,1
b0466,0.03312702897229309,0.07175190164023074,198.73560840613393,218.4344232298831,50.15489265000463,468.8165523024066,429.34511952191235,123.93183692165043,0.0009220574711073865,0.06591602340637451,-488.4869800107014,32.93572165203597,206.408532827722,24.171235388832304,17.381320034225634,16.53039326956124,-16.15911888345924,11.581358723397512,36.808855746577684,6.5779455939278995,26.991480022868,6.71489737619356,-11.853059466605652,7.824238186203687,-5.046060714722511,5.530204576534745,7.977058294277203,5.678902454277282,-6.930121123907829,5.8971925391019795,-11.427590005744472,5.386087069431085,1.0628861264030383,5.756381811669894,-2.141644423360359,4.44086246961963,-1
b0467,0.05547810471577314,0.09533369241518339,98.17968324328635,226.1667715225348,49.78986480942211,492.0237687728935,503.7039342629482,139.963394332491,0.0009705441027736956,0.0716742405378486,-482.5491358305075,31.480767818157652,230.18006976192686,20.713126351346975,-2.134589356116353,10.743604352037918,-20.48953883154132,10.574807963160108,56.824891376603794,7.1469979217042665,34.10642978761021,5.896154577754339,-16.800894517985153,6.32474199789519,0.0462781922156256,5.604954083318088,14.009804721922972,4.850193047835036,-9.104719180115653,4.5363370040108535,-6.6313912903558645,4.403255583635965,13.305330656542791,4.906195199295035,0.8986037635556446,4.452325390621823,1
b0468,0.042582834694294296,0.09297415782139558,305.75228472453915,120.21441351485939,38.695716212157414,475.89045955926167,194.50323705179284,87.89355665887004,0.0009366000257676008,0.03724165836653386,-538.8405344903497,40.9649863296728,158.88333527548656,25.28672874963901,74.31380201756687,14.229894026803931,27.541366157130536,11.308713501421197,23.84495598685096,9.112348964717519,22.893713920400014,7.215030116944102,11.354176708017448,6.856439900745704,3.61852230453562,6.990296045031979,3.033406556683183,6.432592889659247,2.2115176886678416,5.488969046580325,0.6645277212550958,4.941291475927315,-0.031065548375069137,4.328004817070281,-1.851974679090859,4.783247496607269,1
b0469,0.05195010207300817,0.12325876845658142,450.00990510293735,101.8404637663417,34.58835620051493,493.6738490907076,155.4718625498008,81.0887505154163,0.0006821398080042617,0.03578654133466135,-554.7389223614122,37.24837240968823,136.1043204197338,30.367161666710388,88.67299863189955,13.89336044799685,52.44120611287566,13.23598205613171,35.02930186345088,9.970460897775972,23.273742563028886,8.120022875874614,10.875733678017085,7.374409437222821,2.9590569447769046,7.075347772421939,1.192856078277642,5.150287428940475,0.8719458634019857,4.233762318565242,-0.5372302522131298,4.580177554327154,-1.752280027719653,4.277863624812338,-2.1577454523462887,3.7151953272778253,-1
b0470,0.21498671703464564,0.19813974948113028,19.256042269949585,104.7466659039109,33.916029787846554,383.64011371069023,159.42480079681275,87.22319804587973,0.00024309999369240314,0.03107102838645418,-438.69234676888544,38.433522344750045,175.05878847276998,20.264686201608086,63.23651236595702,18.99086842854301,25.369749943102516,18.350267852808717,37.72581331999485,8.185584472197274,29.223625527956685,7.432537333343218,9.721015021479754,8.206658777267998,11.349421492687917,5.940010417689778,14.859056647641344,5.3373864969712335,3.9239373300160545,4.898101645225748,-1.3448689009014103,4.853124580281299,3.9159890897567484,3.944858317721218,1.8631016415090926,4.225673695886161,-1
b0471,0.05412472409696739,0.11265198248148613,314.33915037245947,170.8385125088294,43.899053363786095,479.89980246255976,277.5460657370518,99.1388106456283,0.0007873150142339657,0.059978834661354584,-478.0261556402944,43.140495489790354,197.8234648444967,36.33709457073762,47.44702522971463,12.438845305850048,5.685343447716955,16.809527033497098,32.1310687738079,11.079521395154638,19.439315127481763,8.744232009786813,-12.663950954380338,9.950196660535951,-7.205090355854013,7.313809994139276,8.416012778521635,5.51355526348113,-0.0820730733380124,5.548080538842171,-8.06588046908188,4.9527148088347355,-1.0383412483227976,5.041977911592521,-0.4514087361868566,4.857124897839887,1
b0472,0.1068640988409313,0.18378376039405014,131.62745250983744,172.03300449922983,69.86086637151367,513.0624902505999,312.3443725099602,160.18369153084805,0.0013336365924700258,0.047925485557768925,-423.720470706064,50.30293793161587,192.01144713998266,33.20604572054076,32.65185449873638,25.005147728623044,3.727164269166892,21.08045780351629,40.53392715857381,8.294330845702858,22.17631426584386,6.346884754484229,-9.99871436915768,10.630730286785695,4.346502667249251,5.400112314954434,16.98049640364339,5.763325859249054,-1.9750017346419522,5.264963805304484,-8.210410001710951,4.914115669643893,5.54008730080661,5.645384405811034,3.3716940553761514,4.390414608651883,-1
b0473,0.10276110177275802,0.14890668398571144,103.87722976546506,131.44845931138593,47.167453485660914,398.130962629315,225.84661354581672,131.57442735482854,0.0003714574040444481,0.04313215886454183,-478.98224805076586,37.941253540019105,182.5798775779795,26.983968777340742,60.79076135008349,28.768761426576344,24.659882310425633,18.403811181020057,39.67708955559183,12.51869608518442,24.454603597697865,9.852173484710868,-0.929316399510271,9.174432140188301,3.317160962170396,8.38140946025146,10.1757719786555,8.168882118270387,-1.089358144191162,6.836081006765986,-5.570867115472183,7.210940420788448,2.2326889045044154,6.122422666911113,1.44997091132763,7.3429112336963,-1
b0474,0.05064543459141158,0.13853489251764398,675.3317798666077,126.35991787099978,37.724261068532975,284.4946306384526,195.87275896414343,76.17190957857942,7.333427245255703e-05,0.037109375,-588.8143515610981,73.91693821306852,170.39746430144749,54.48310839585043,66.99377573518991,24.034332091572757,24.397057487150917,24.882736354455748,30.534944378518563,7.934589245155053,24.019262518956875,5.954926564102257,4.680113696282934,14.417369448333588,0.04397516933974736,6.587783581707128,2.8884941352098807,5.5304231214672805,-0.4930985203639902,9.401143274724829,-2.064424460942006,8.726836073856076,1.0669574549462775,5.69210998037227,-0.31300809587699585,4.974919655878825,1
b0475,0.08463673229847897,0.15806364443760115,201.57986527357465,151.4133794186317,53.073962589331714,343.34096385425937,275.8652888446215,160.36034191052536,9.3319152268775e-05,0.04946619770916335,-507.4631024071194,41.05338751609568,192.60449714635354,32.88441250800577,44.6292408498629,27.19906817582255,14.579591477663758,15.361871583102777,46.535426394607185,12.944296207887502,27.790978064708266,9.07997245530277,-7.4515649466602625,11.310965837931366,0.5745649494107464,8.529142469647091,13.591751673781898,8.229220053526051,0.06947343916873322,6.364800123840503,-5.894728365077736,6.056347275718608,4.109715451811635,6.9067196939647735,1.1505151171499868,6.983468247986142,-1
b0476,0.1527468317507651,0.15684888090661525,51.92940365469596,125.59300331819334,42.060638757581486,343.14232673424993,211.49775896414343,107.43774405529885,1.2078898752799842e-05,0.045155316235059764,-454.43463272642947,49.276216884586844,194.72678911607602,30.911532995727814,66.69145867465497,28.79220685334221,22.760203697523202,22.24090074844845,35.793616811109864,13.192227683113046,24.85664948447349,10.140550715453205,1.073738606983043,11.309469457752307,1.8835060909425525,7.115256022226094,7.783384388788222,6.702721537213534,0.44186723988728166,5.989177769297091,-1.658997547866165,7.650423100957254,3.8780755032338923,8.134165943292182,-0.09840944144049621,5.392996446733453,1
b0477,0.08281993999451692,0.16617458946736452,134.18472223175317,185.36486785760468,44.53819672552468,483.6373414752555,336.4666334661355,125.29519641030588,0.0010101383095632484,0.061908615537848606,-437.7391609772809,32.002847856677846,202.20935057275693,27.08435344640942,32.533394377575924,14.17386257178581,-4.330545499984414,10.350321471645955,36.00910465352655,7.967313807412744,27.094456620206174,7.5024060058745174,-4.843514792451878,7.950085551754143,-0.7093206832233186,6.602689631485988,5.685975381500568,5.855283146519646,-8.4867476247183,5.77704652229339,-8.040029606128488,5.498463869741598,5.2568549878360615,5.254881675143847,-1.3209539706404305,4.4131809480671444,-1
b0478,0.11291170192676474,0.16166993896579557,51.53864025007684,180.78183602385,46.28639550220775,463.3227834308557,301.6994521912351,109.29413593133803,0.0006353026210747489,0.0582980577689243,-440.6628204101453,35.2821068304382,229.86531381177062,28.149944142600535,33.065103145559725,15.574953045791665,-11.399728962073164,15.765752856704946,33.84244364949524,8.444579976625377,24.968723404433405,7.251341268974178,-8.482636644886503,7.63400058824701,-1.8258690297008564,6.312664367857792,4.718289997670818,5.856222939446245,-12.97409510485162,5.843759074507129,-12.695426892517244,5.027422839024285,3.618903718478945,4.876402474059643,-2.0694897261671095,4.076500217527035,-1
b0479,0.09564880459708217,0.15216951829899095,64.79654051498007,197.96086653889324,44.12599050895725,479.35987117273476,401.0520418326693,138.11945966134056,0.0011043038013299475,0.05920847858565737,-418.3183721528474,30.66714342729,215.2256300567946,23.306946749708693,12.367306185233076,11.23743292805677,-10.151303305243117,9.556539110742179,52.75194132396345,7.149603023379725,32.41520068973137,6.43750324622655,-14.576906789730542,5.469807632524575,-1.9372902809030628,5.081255756249026,12.365482309103493,4.58629393820926,-7.9600492937875025,4.625203825357106,-9.096130918236403,5.0239543616084195,9.620123569097666,5.178312663876113,1.5232102396610225,4.5877390823906525,-1
b0480,0.07345177150817651,0.12438963746540017,113.78671417722526,125.7846381860905,38.25065219574547,465.7822999942857,193.41384462151393,93.05510969339385,0.0007804444317074278,0.03582544820717132,-474.87204265608705,44.39544931349668,172.18073933922747,33.44114358098672,52.34846397429517,11.57322809038503,19.19637521920544,16.713961179352328,40.52641464981314,9.42935805966104,30.516484854523274,6.7805141780750375,2.435804708937964,7.44826234397926,0.6761105303518764,6.8796928095073415,8.415937342287085,5.449319532334266,3.431053587323985,5.182081546148486,0.5357875297411169,4.807569024339567,3.3748242283909726,4.386544486355971,-1.5236135576185996,4.901516649229531,-1
b0481,0.11191093020897971,0.1615327315399413,83.09607982102334,135.42389614766918,43.651147834064886,490.12659949547276,238.73256972111554,123.07476112678206,0.0005493965419692878,0.040782183764940236,-449.9342556069576,39.80172326340532,187.33690269019772,27.279908541777438,52.782822720737755,18.171195210695227,5.149881394285586,15.134693187073037,26.25362256337315,11.18244324529175,29.401239004200875,9.124539431836043,11.748713543270041,9.551898620576623,9.171124215646167,7.009078031440146,11.42151667788586,8.330861530519039,2.877613436658351,5.361591959884044,-1.049370632616334,4.464842582288227,3.1071805391032497,5.123344448103274,-0.2899678766877957,4.975720331024204,-1
b0482,0.08861108428178004,0.12583572856201297,84.6244542421861,133.6931849048628,50.87053247639662,442.14611702287465,214.33017928286853,118.30339527980088,0.0002664034899117355,0.038502241035856574,-544.6774511306704,37.81053082380542,198.30454426587147,28.802586914412878,38.20451539431063,18.869195495889386,3.291939789467963,17.028476794271434,43.832616819514534,10.652808341568177,37.152828483933106,8.926298999691285,3.8363445377619074,10.578253926300615,4.5587678600503265,7.138735266204558,12.735259137478847,7.436190556792793,1.0142974383025938,6.623882459524016,-2.6836598306348245,5.80172763124595,6.516963938410569,5.824222282459118,2.4825988082456796,5.158738201887594,-1
b0483,0.07761841170201862,0.13596575691236373,138.76679963496116,107.91144339890452,39.637899612847754,494.61747107184294,162.5062250996016,85.64135386599237,0.00112473635565935,0.03566203934262948,-515.6468502843918,42.69391091794775,161.55476034357292,22.849512189514094,69.12606608654453,14.391683291810073,32.46373645560061,10.600967116200428,38.31485624366462,7.29712088393523,29.09110701861663,6.955398860282269,7.158522161696775,5.836409583510021,3.0240608001184994,5.7037412032967465,8.90497565014935,5.505493092013375,5.365208120220609,5.149821349338858,-0.6098508507957651,5.583128243360593,-0.1546809559826246,4.534972086145395,-0.4474664172343125,4.170744162242728,-1
b0484,0.06965740293361924,0.1425894673946447,286.6002167203652,121.21924154405325,49.3876744151439,467.98398645629135,190.55029880478088,133.7673093945592,0.0004993127316125238,0.036362363047808766,-511.2844490797074,30.683417866368433,151.17893100331662,24.021985340435016,53.11143849055412,21.081795648196724,32.31708793331746,16.6055868446703,52.477362927020664,12.964398972610526,35.236140302580225,9.733770523613423,2.029657107796381,9.322419247337228,1.7924091900586734,6.127551887221175,13.375867414079575,6.664888659971959,5.362259466469368,4.682011268311503,-4.2740544490614285,4.442088288429485,0.5050898360971696,5.560671174255057,3.436549425367963,4.112867398480545,1
b0485,0.09952633128599027,0.13679663729641484,80.57006861397635,117.58037371906752,43.02780260803148,492.1875413527783,191.85756972111554,104.41113141693782,0.0011449162727996999,0.03173244521912351,-498.13452193834394,41.66757050488206,187.62038951911202,24.214629357946976,50.60242380968214,13.257687339942487,18.304678753718175,14.532066373900559,43.529311949970456,11.617285489820494,28.006942490103494,9.358762540907511,-0.027931023039331808,8.319925677425974,7.447967991865213,6.19473721720954,15.653401698751825,5.5187126696926905,1.5779028421756889,4.907812894090925,-2.2941452495972148,5.531808308166435,8.001976046138802,5.253540440446964,4.9119211140677566,4.628765421376825,-1
b0486,0.08373841006055989,0.12773120590290657,122.93737575136511,112.88065923109731,49.6918542924684,489.71595998646035,173.7114043824701,108.66249708709077,0.0011910732075224551,0.03812873505976096,-499.7242426803138,46.13116862618538,166.38826492517575,31.728892268492558,71.13342539469407,22.929787873886866,35.10343194480214,18.736028021743916,38.867440244283316,11.679181125007501,24.81400266865357,8.605611635433462,3.7514368899543795,8.947782019813182,4.720118490435621,4.943238493795499,10.418496716768251,6.151338331029397,2.6332298545809567,5.331276538814528,-3.569220455025055,4.394275012234361,-0.355438522003807,5.54656453905226,-0.23921835461013385,4.012946781001462,-1
b0487,0.04836858949565406,0.0975600931107021,326.08787335862473,129.11802900000978,48.76244913765328,481.3942368882645,216.54008964143426,127.4208017618411,0.0009864035859383595,0.03638570717131474,-488.1139997380479,32.59914104809218,158.27236028741402,22.164368803539084,47.68064775790736,16.546559842312583,19.06640350039034,12.590808442742981,39.430437890874444,8.4843859165455,29.061216329006122,7.459305729883165,4.560786503637127,8.246037600180257,6.410720009515069,6.385696882426471,12.965119465486108,6.148001421722382,3.683067945500097,5.774776082193549,-0.23528231610180828,5.085885962825381,6.367206557439491,5.086044896357972,3.6750004592434364,3.951846445656491,-1
b0488,0.08354242591576128,0.1297191457861625,110.37201667080548,220.30736210274637,56.526446935876145,483.19849099732374,404.9427290836653,124.16555326840258,0.0005461793469882254,0.07763477340637451,-474.98767177857115,40.18811625644915,239.24286149352494,32.375256557926605,14.232134646458318,16.654925817848646,-24.856237164311402,17.3692755053989,38.24954642503473,10.83674940968243,27.32600823466328,11.577292358072723,-15.520819116545718,12.956053617751929,-5.58548637927532,6.966743994285111,7.99989675623297,7.441030901867871,-9.78052344789983,6.5108204636318145,-11.460693083286952,6.309943612627894,4.279279232180552,6.00736006248853,-2.8028000003905458,6.1860125375716795,-1
b0489,0.06257955508798821,0.10075918987200477,77.7173849726674,197.56877586368932,35.76841605039103,445.7191625513241,399.06000996015933,101.96085107489655,0.00047053205674633545,0.05529444721115538,-458.1744531910965,24.79218340885028,217.07761177827763,18.595598813714588,10.764053100575062,8.35600782053573,-13.506171084872786,7.832052765223022,47.101880717878046,6.364489625971135,25.507485942991597,6.386843804273279,-16.269461823707516,6.14723768032051,4.621452452592624,4.8397551560409156,20.639544401964727,5.134192242565811,-5.766262304023496,4.49504038071934,-13.466273216501323,4.065579252753922,3.862914379857922,4.305316412521351,-0.33588318842080045,4.38296236750664,-1
b0490,0.12432059121200649,0.17958533958326464,66.03793781241261,220.8645469286936,63.05712623163699,468.24174072958874,423.86703187251,147.39084468891727,0.0005763761427495464,0.07944783366533864,-392.3743326842468,34.32989675957043,229.24527762710767,23.833735353304895,13.45735720655001,19.42186020381186,-21.194831230351376,16.356091718458405,39.27365387054026,10.275400645436852,25.18224465031239,7.342857867296778,-15.780773640259252,10.772614680806118,-1.6180793246295717,8.48460977747762,12.591937370751035,6.956598247497,-8.27577720170045,6.221366302555165,-12.088813958329943,5.24604866423222,4.202406967238714,6.200384553095829,-2.021420644611158,6.165582405786057,-1
